-- phpMyAdmin SQL Dump
-- version 5.1.1
-- https://www.phpmyadmin.net/
--
-- Host: localhost
-- Generation Time: Mar 16, 2022 at 02:49 AM
-- Server version: 10.4.21-MariaDB
-- PHP Version: 7.4.23

SET SQL_MODE = "NO_AUTO_VALUE_ON_ZERO";
START TRANSACTION;
SET time_zone = "+00:00";


/*!40101 SET @OLD_CHARACTER_SET_CLIENT=@@CHARACTER_SET_CLIENT */;
/*!40101 SET @OLD_CHARACTER_SET_RESULTS=@@CHARACTER_SET_RESULTS */;
/*!40101 SET @OLD_COLLATION_CONNECTION=@@COLLATION_CONNECTION */;
/*!40101 SET NAMES utf8mb4 */;

--
-- Database: `droddy03`
--

-- --------------------------------------------------------

--
-- Table structure for table `album`
--

CREATE TABLE `album` (
  `album_id` int(11) NOT NULL,
  `album_name` varchar(255) NOT NULL,
  `album_ranking` int(11) NOT NULL,
  `year_id` int(11) DEFAULT NULL,
  `artist_id` int(11) DEFAULT NULL,
  `album_image_url` varchar(255) DEFAULT NULL,
  `album_preview_url` varchar(255) NOT NULL,
  `album_collection_view_url` varchar(255) NOT NULL,
  `album_collection_price` varchar(255) NOT NULL,
  `album_price_currency` varchar(255) NOT NULL,
  `album_country` varchar(255) NOT NULL,
  `album_image_spotify_url_size_one` varchar(255) NOT NULL
) ENGINE=InnoDB DEFAULT CHARSET=utf8;

--
-- Dumping data for table `album`
--

INSERT INTO `album` (`album_id`, `album_name`, `album_ranking`, `year_id`, `artist_id`, `album_image_url`, `album_preview_url`, `album_collection_view_url`, `album_collection_price`, `album_price_currency`, `album_country`, `album_image_spotify_url_size_one`) VALUES
(1, 'Sgt. Pepper\'s Lonely Hearts Club Band', 1, 1, 1, 'https://is3-ssl.mzstatic.com/image/thumb/Music114/v4/7b/0d/cc/7b0dccda-1a4a-e4c5-df7b-adfb86112fe7/source/100x100bb.jpg', 'https://audio-ssl.itunes.apple.com/itunes-assets/AudioPreview125/v4/2e/cc/a8/2ecca85a-766f-26ed-4f2f-d0709d4ebd48/mzaf_8599226789355847424.plus.aac.p.m4a', 'https://music.apple.com/us/album/sgt-peppers-lonely-hearts-club-band-reprise/1441164604?i=1441165163&uo=4', '12.99', 'USD', 'USA', 'https://i.scdn.co/image/ab67616d0000b27334ef8f7d06cf2fc2146f420a'),
(2, 'Pet Sounds', 2, 2, 2, 'https://is4-ssl.mzstatic.com/image/thumb/Music115/v4/10/4f/d4/104fd43f-e1fb-3fa9-3056-0601de138229/source/100x100bb.jpg', 'https://audio-ssl.itunes.apple.com/itunes-assets/AudioPreview115/v4/a9/55/4b/a9554be8-823f-1c50-066c-e1cb0e5ed66e/mzaf_5218701567619144394.plus.aac.p.m4a', 'https://music.apple.com/us/album/pet-sounds/1440841241?i=1440841265&uo=4', '7.99', 'USD', 'USA', 'https://i.scdn.co/image/ab67616d0000b273bde8dfd1922129f3d9e3732f'),
(3, 'Revolver', 3, 2, 1, 'https://is4-ssl.mzstatic.com/image/thumb/Music125/v4/94/ae/3e/94ae3ecc-3a86-0d22-023d-148e6bd1c106/source/100x100bb.jpg', 'https://audio-ssl.itunes.apple.com/itunes-assets/AudioPreview125/v4/13/30/df/1330df8c-8235-df91-8d8f-4b12174a6afa/mzaf_13939545437886156645.plus.aac.p.m4a', 'https://music.apple.com/us/album/eleanor-rigby/1441164670?i=1441164806&uo=4', '12.99', 'USD', 'USA', 'https://i.scdn.co/image/ab67616d0000b27328b8b9b46428896e6491e97a'),
(4, 'Highway 61 Revisited', 4, 3, 3, 'https://is4-ssl.mzstatic.com/image/thumb/Music125/v4/2f/8c/f6/2f8cf6e9-0acd-e782-390d-271342ab6dbb/source/100x100bb.jpg', 'https://audio-ssl.itunes.apple.com/itunes-assets/AudioPreview125/v4/55/96/3f/55963fea-80a4-a4ca-48ab-6092846b8cdb/mzaf_11040377413361623138.plus.aac.p.m4a', 'https://music.apple.com/us/album/highway-61-revisited/201281514?i=201283479&uo=4', '8.99', 'USD', 'USA', 'https://i.scdn.co/image/ab67616d0000b27341720ef0ae31e10d39e43ca2'),
(5, 'Rubber Soul', 5, 3, 1, 'https://is3-ssl.mzstatic.com/image/thumb/Music114/v4/ad/b6/b6/adb6b6d3-b3ee-ec61-10ea-91b173773b42/source/100x100bb.jpg', 'https://audio-ssl.itunes.apple.com/itunes-assets/AudioPreview115/v4/5c/77/c1/5c77c105-9a32-bee4-0ffa-76244dacb60a/mzaf_5900747299452570221.plus.aac.p.m4a', 'https://music.apple.com/us/album/in-my-life/1441164359?i=1441164829&uo=4', '12.99', 'USD', 'USA', 'https://i.scdn.co/image/ab67616d0000b273ed801e58a9ababdea6ac7ce4'),
(6, 'What\'s Going On', 6, 4, 4, 'https://is4-ssl.mzstatic.com/image/thumb/Music124/v4/ff/23/0e/ff230e8d-ee8c-89da-b06d-7d7b0632a394/source/100x100bb.jpg', 'https://audio-ssl.itunes.apple.com/itunes-assets/AudioPreview126/v4/fb/87/4f/fb874f5b-7ddf-02c4-db00-aca834479c0a/mzaf_12823131357678758813.plus.aac.p.m4a', 'https://music.apple.com/us/album/whats-going-on-feat-bj-the-chicago-kid-2016-duet-version/1547896506?i=1547897192&uo=4', '12.99', 'USD', 'USA', 'https://i.scdn.co/image/ab67616d0000b273b36949bee43217351961ffbc'),
(7, 'Exile on Main St.', 7, 5, 5, 'https://is5-ssl.mzstatic.com/image/thumb/Music115/v4/04/f2/7c/04f27c10-60d4-82ae-9a06-8325f2842c51/source/100x100bb.jpg', 'https://audio-ssl.itunes.apple.com/itunes-assets/AudioPreview115/v4/5b/7c/7c/5b7c7ca3-a673-389f-c740-95f500761811/mzaf_1466130418166198249.plus.aac.p.m4a', 'https://music.apple.com/us/album/tumbling-dice/1440872228?i=1440872599&uo=4', '9.99', 'USD', 'USA', 'https://i.scdn.co/image/ab67616d0000b273ba42bfcfeed19018b1f8cab8'),
(8, 'London Calling', 8, 6, 6, 'https://is4-ssl.mzstatic.com/image/thumb/Music115/v4/4f/0a/fa/4f0afa2e-c82c-f707-8eca-0898fb4f066b/source/100x100bb.jpg', 'https://audio-ssl.itunes.apple.com/itunes-assets/AudioPreview115/v4/4a/0c/37/4a0c376f-2244-f067-71c8-b28848211282/mzaf_96670068649984088.plus.aac.p.m4a', 'https://music.apple.com/us/album/london-calling-vanilla-studios-demo-version/267986379?i=267986580&uo=4', '11.99', 'USD', 'USA', 'https://i.scdn.co/image/ab67616d0000b273cd9d8bc9ef04014b6e90e182'),
(9, 'Blonde on Blonde', 9, 2, 3, 'https://is4-ssl.mzstatic.com/image/thumb/Music115/v4/3e/f8/63/3ef863d4-3253-c93e-741c-e8047e5e44da/source/100x100bb.jpg', 'https://audio-ssl.itunes.apple.com/itunes-assets/AudioPreview125/v4/5b/1f/b6/5b1fb6c1-83ff-0b59-273c-a5bda564cdfc/mzaf_7529867823156655172.plus.aac.p.m4a', 'https://music.apple.com/us/album/visions-of-johanna/178049863?i=178050256&uo=4', '9.99', 'USD', 'USA', 'https://i.scdn.co/image/ab67616d0000b273c51563a479fa5a4917311197'),
(10, 'The Beatles (\"The White Album\")', 10, 7, 1, 'https://is3-ssl.mzstatic.com/image/thumb/Music125/v4/16/fe/6a/16fe6a77-f15a-a4e3-1f92-cda58964c7d5/source/100x100bb.jpg', 'https://audio-ssl.itunes.apple.com/itunes-assets/AudioPreview115/v4/10/e8/96/10e89630-4b7b-77d4-af63-829d597340ba/mzaf_842543440499453757.plus.aac.p.m4a', 'https://music.apple.com/us/album/blackbird/1441133180?i=1441133834&uo=4', '19.99', 'USD', 'USA', 'https://i.scdn.co/image/ab67616d0000b2734ce8b4e42588bf18182a1ad2'),
(11, 'The Sun Sessions', 11, 8, 7, '', '', '', '', '', '', 'https://i.scdn.co/image/ab67706c0000bebb26a3d28f4f5438e5203a6df1'),
(12, 'Kind of Blue', 12, 9, 8, 'https://is2-ssl.mzstatic.com/image/thumb/Music/v4/f3/d5/eb/f3d5eb6b-34f6-69db-1b2c-477c46ee7662/source/100x100bb.jpg', 'https://audio-ssl.itunes.apple.com/itunes-assets/AudioPreview115/v4/39/76/a4/3976a4da-4dec-9a43-0be0-bdb01634df64/mzaf_11949535643163591177.plus.aac.p.m4a', 'https://music.apple.com/us/album/all-blues/268443092?i=268443200&uo=4', '6.99', 'USD', 'USA', 'https://i.scdn.co/image/ab67616d0000b2730ebc17239b6b18ba88cfb8ca'),
(13, 'The Velvet Underground & Nico', 13, 1, 9, 'https://is1-ssl.mzstatic.com/image/thumb/Music125/v4/9e/cf/e4/9ecfe4a5-f3e1-eb66-13d5-b33011958a02/source/100x100bb.jpg', 'https://audio-ssl.itunes.apple.com/itunes-assets/AudioPreview125/v4/03/19/ec/0319ec6c-677a-b807-b988-de66e20ab32d/mzaf_13140809230464197715.plus.aac.p.m4a', 'https://music.apple.com/us/album/heroin/1440851613?i=1440851909&uo=4', '9.99', 'USD', 'USA', 'https://i.scdn.co/image/ab67616d0000b27398260c528e6eec9dd431c1d7'),
(14, 'Abbey Road', 14, 10, 1, 'https://is2-ssl.mzstatic.com/image/thumb/Music114/v4/2a/f9/04/2af904cd-f05a-d5a1-8014-c1387855b56c/source/100x100bb.jpg', 'https://audio-ssl.itunes.apple.com/itunes-assets/AudioPreview116/v4/1b/8a/5a/1b8a5a4b-08c0-b903-a6a1-34585dd4e49d/mzaf_15795430422495919397.plus.aac.p.m4a', 'https://music.apple.com/us/album/here-comes-the-sun-2019-mix/1474815798?i=1474815898&uo=4', '9.99', 'USD', 'USA', 'https://i.scdn.co/image/ab67616d0000b273dc30583ba717007b00cceb25'),
(15, 'Are You Experienced', 15, 1, 10, 'https://is4-ssl.mzstatic.com/image/thumb/Music124/v4/f1/c8/f9/f1c8f94d-c2f6-69f6-818c-9487c5084c4b/source/100x100bb.jpg', 'https://audio-ssl.itunes.apple.com/itunes-assets/AudioPreview125/v4/44/2a/b7/442ab748-4ac0-c8a0-ee1b-742c1b4ec5bb/mzaf_11021781091793639639.plus.aac.p.m4a', 'https://music.apple.com/us/album/fire/357225315?i=357225421&uo=4', '9.99', 'USD', 'USA', 'https://i.scdn.co/image/ab67616d0000b273c9adfbd773852e286faed040'),
(16, 'Blood on the Tracks', 16, 11, 3, 'https://is4-ssl.mzstatic.com/image/thumb/Music115/v4/1b/71/42/1b71429f-f1f9-1ae8-3257-8f93628e7b8f/source/100x100bb.jpg', 'https://audio-ssl.itunes.apple.com/itunes-assets/AudioPreview115/v4/7c/dd/10/7cdd100b-2fe3-b896-bf9d-17cb9e0e84d1/mzaf_4753417599148626055.plus.aac.p.m4a', 'https://music.apple.com/us/album/shelter-from-the-storm/158320766?i=158321362&uo=4', '9.99', 'USD', 'USA', 'https://i.scdn.co/image/ab67616d0000b27372ca15b8637acbc7d15ff5ba'),
(17, 'Nevermind', 17, 12, 11, 'https://is3-ssl.mzstatic.com/image/thumb/Music125/v4/34/75/05/34750515-ef44-c2f0-8e6b-134d4687a239/source/100x100bb.jpg', 'https://audio-ssl.itunes.apple.com/itunes-assets/AudioPreview125/v4/cc/b5/cd/ccb5cdf2-26a1-7e4f-779c-98ea3095e1fb/mzaf_11306403304784547761.plus.aac.p.m4a', 'https://music.apple.com/us/album/something-in-the-way/1440783617?i=1440783790&uo=4', '9.99', 'USD', 'USA', 'https://i.scdn.co/image/ab67616d0000b273fbc71c99f9c1296c56dd51b6'),
(18, 'Born to Run', 18, 11, 12, 'https://is5-ssl.mzstatic.com/image/thumb/Music125/v4/9b/c2/ab/9bc2ab79-1b1c-084d-8638-dcb1e4bfcddf/source/100x100bb.jpg', 'https://audio-ssl.itunes.apple.com/itunes-assets/AudioPreview115/v4/75/0d/d3/750dd3bd-2b9c-1195-75f0-b1998ee3dc08/mzaf_5357779138299091598.plus.aac.p.m4a', 'https://music.apple.com/us/album/born-to-run/1435854353?i=1435854356&uo=4', '11.99', 'USD', 'USA', 'https://i.scdn.co/image/ab67616d0000b273503143a281a3f30268dcd9f9'),
(19, 'Astral Weeks', 19, 7, 13, 'https://is5-ssl.mzstatic.com/image/thumb/Music125/v4/ca/e9/73/cae97386-ae7e-ed3c-da03-3c0318dfd441/source/100x100bb.jpg', 'https://audio-ssl.itunes.apple.com/itunes-assets/AudioPreview125/v4/a1/6f/6d/a16f6d1c-7338-62fe-9b41-aae77614d44c/mzaf_5097363580226178061.plus.aac.p.m4a', 'https://music.apple.com/us/album/astral-weeks/1031002336?i=1031002337&uo=4', '9.99', 'USD', 'USA', 'https://i.scdn.co/image/ab67616d0000b273c849bc0a79a44105a4258662'),
(20, 'Thriller', 20, 13, 14, 'https://is4-ssl.mzstatic.com/image/thumb/Music125/v4/9b/fe/1f/9bfe1f2d-c51e-0427-1075-21aac1f3b874/source/100x100bb.jpg', 'https://audio-ssl.itunes.apple.com/itunes-assets/AudioPreview125/v4/b4/26/a4/b426a403-4d4a-05f7-554a-ce3f73751f95/mzaf_2030249048076960850.plus.aac.p.m4a', 'https://music.apple.com/us/album/thriller-2003-edit/159292399?i=159294311&uo=4', '16.99', 'USD', 'USA', 'https://i.scdn.co/image/ab67616d0000b2734121faee8df82c526cbab2be'),
(21, 'The Great Twenty-Eight', 21, 13, 15, 'https://is4-ssl.mzstatic.com/image/thumb/Music125/v4/5c/3d/c1/5c3dc1b0-d1af-bfd8-dfdb-5787779c3e90/source/100x100bb.jpg', 'https://audio-ssl.itunes.apple.com/itunes-assets/AudioPreview115/v4/8b/34/71/8b34710d-89a9-7961-477a-62cf0503ba8b/mzaf_2925470303885504569.plus.aac.p.m4a', 'https://music.apple.com/us/album/johnny-b-goode/1425250670?i=1425252465&uo=4', '11.99', 'USD', 'USA', 'https://i.scdn.co/image/ab67616d0000b273588ce535694720ecb7ee9ce4'),
(22, 'The Complete Recordings', 22, 14, 16, 'https://is3-ssl.mzstatic.com/image/thumb/Music114/v4/d6/b9/ad/d6b9ad6c-cde2-8b7e-8e8f-550d3e7704c2/source/100x100bb.jpg', 'https://audio-ssl.itunes.apple.com/itunes-assets/AudioPreview115/v4/03/45/70/034570b1-5413-76e7-2948-5bae357b86d8/mzaf_11160917021980775151.plus.aac.p.m4a', 'https://music.apple.com/us/album/cross-road-blues/546817591?i=546817835&uo=4', '16.99', 'USD', 'USA', 'https://i.scdn.co/image/ab67616d0000b2732f017e3180aca26809813d2c'),
(23, 'John Lennon/Plastic Ono Band', 23, 15, 17, 'https://is3-ssl.mzstatic.com/image/thumb/Music125/v4/ce/12/a9/ce12a9c5-a52b-18e8-56ca-65c6d7b811ea/source/100x100bb.jpg', 'https://audio-ssl.itunes.apple.com/itunes-assets/AudioPreview125/v4/bb/df/91/bbdf91e5-b19d-9860-c866-c980c6471f1b/mzaf_10106736592621559420.plus.aac.p.m4a', 'https://music.apple.com/us/album/working-class-hero/1440858209?i=1440858387&uo=4', '9.99', 'USD', 'USA', 'https://i.scdn.co/image/ab67616d0000b2736462162d227ec2be2ebee12d'),
(24, 'Innervisions', 24, 16, 18, 'https://is4-ssl.mzstatic.com/image/thumb/Music125/v4/9c/9e/a7/9c9ea7da-a4c0-8282-a101-aec6f129c59d/source/100x100bb.jpg', 'https://audio-ssl.itunes.apple.com/itunes-assets/AudioPreview115/v4/8e/f4/93/8ef493ba-3f63-6231-69d8-63e039a7f5c1/mzaf_12037057971307116794.plus.aac.p.m4a', 'https://music.apple.com/us/album/dont-you-worry-bout-a-thing/1440806790?i=1440807415&uo=4', '10.99', 'USD', 'USA', 'https://i.scdn.co/image/ab67616d0000b273ea8ab1a548312b79ac955266'),
(25, 'Live at the Apollo, 1962', 25, 17, 19, 'https://is3-ssl.mzstatic.com/image/thumb/Music128/v4/0c/04/f9/0c04f9b2-ab35-3ea6-7457-e40ffe9f34af/source/100x100bb.jpg', 'https://audio-ssl.itunes.apple.com/itunes-assets/AudioPreview115/v4/93/a3/af/93a3af0f-fa47-8473-88ad-49fb3e3080e5/mzaf_7270910316008222269.plus.aac.p.m4a', 'https://music.apple.com/us/album/medley-please-please-please-youve-got-the-power-i/1444487850?i=1444487860&uo=4', '8.99', 'USD', 'USA', 'https://i.scdn.co/image/ab67616d0000b273fdb85e117008b8f7d5add502'),
(26, 'Rumours', 26, 18, 20, 'https://is1-ssl.mzstatic.com/image/thumb/Music114/v4/d9/f1/b1/d9f1b180-74f3-cd25-cd5a-2f92ab5b15cb/source/100x100bb.jpg', 'https://audio-ssl.itunes.apple.com/itunes-assets/AudioPreview116/v4/2c/19/a2/2c19a207-3a01-2102-3408-8ba3a40e2e8f/mzaf_5533663173199771845.plus.aac.p.m4a', 'https://music.apple.com/us/album/dreams/594061854?i=594061856&uo=4', '6.99', 'USD', 'USA', 'https://i.scdn.co/image/ab67616d0000b273e52a59a28efa4773dd2bfe1b'),
(27, 'The Joshua Tree', 27, 19, 21, 'https://is4-ssl.mzstatic.com/image/thumb/Music115/v4/83/2f/4b/832f4b89-69eb-7c16-41c1-50e6345c7f54/source/100x100bb.jpg', 'https://audio-ssl.itunes.apple.com/itunes-assets/AudioPreview125/v4/b4/80/28/b4802851-adf9-7d50-3851-9bcc13a0d0e9/mzaf_14748808106075006625.plus.aac.p.m4a', 'https://music.apple.com/us/album/with-or-without-you/1443155637?i=1443155645&uo=4', '9.99', 'USD', 'USA', 'https://i.scdn.co/image/ab67616d0000b273b7bea3d01f04e6d0408d2afe'),
(28, 'Who\'s Next', 28, 4, 22, 'https://is1-ssl.mzstatic.com/image/thumb/Music124/v4/3e/9c/16/3e9c1628-9a0c-7ca6-6e4e-d9bcefecc9bb/source/100x100bb.jpg', 'https://audio-ssl.itunes.apple.com/itunes-assets/AudioPreview125/v4/fa/1a/53/fa1a5312-7f06-95e6-ebcb-582ed3ee82ff/mzaf_11529754895597801709.plus.aac.p.m4a', 'https://music.apple.com/us/album/baba-oriley/1440815866?i=1440815872&uo=4', '9.99', 'USD', 'USA', 'https://i.scdn.co/image/ab67616d0000b273fe24dcd263c08c6dd84b6e8c'),
(29, 'Led Zeppelin', 29, 10, 23, 'https://is5-ssl.mzstatic.com/image/thumb/Music115/v4/ae/08/8e/ae088e0c-b2fa-2e0d-e209-64b0a747a858/source/100x100bb.jpg', 'https://audio-ssl.itunes.apple.com/itunes-assets/AudioPreview125/v4/9c/4d/c9/9c4dc90c-14d2-453f-1607-1ae89db05a12/mzaf_17528522930398980086.plus.aac.p.m4a', 'https://music.apple.com/us/album/i-cant-quit-you-baby/836967207?i=836967216&uo=4', '13.99', 'USD', 'USA', 'https://i.scdn.co/image/ab67616d0000b273c8a11e48c91a982d086afc69'),
(30, 'Blue', 30, 4, 24, 'https://is3-ssl.mzstatic.com/image/thumb/Music115/v4/bd/8e/7f/bd8e7f55-bc1a-7ad5-8941-cb5020c50762/source/100x100bb.jpg', 'https://audio-ssl.itunes.apple.com/itunes-assets/AudioPreview125/v4/0b/35/51/0b3551c0-24af-2c56-2b1d-59028fc28c89/mzaf_6997745192828668085.plus.aac.p.m4a', 'https://music.apple.com/us/album/blue/1492263092?i=1492263127&uo=4', '9.99', 'USD', 'USA', 'https://i.scdn.co/image/ab67616d0000b2731aa47e71c4edfeaddb65cd54'),
(31, 'Bringing It All Back Home', 31, 3, 3, 'https://is4-ssl.mzstatic.com/image/thumb/Music115/v4/10/4f/28/104f28bf-5ef2-bbd2-8584-7cc2b14c5281/source/100x100bb.jpg', 'https://audio-ssl.itunes.apple.com/itunes-assets/AudioPreview125/v4/28/7d/de/287dde96-bfc3-f8fa-4f01-f99f0b85cdb8/mzaf_3134831703985129050.plus.aac.p.m4a', 'https://music.apple.com/us/album/on-the-road-again/177964575?i=177965508&uo=4', '9.99', 'USD', 'USA', 'https://i.scdn.co/image/ab67616d0000b2736960c5f4eb72f0c06aa92181'),
(32, 'Let It Bleed', 32, 10, 5, 'https://is1-ssl.mzstatic.com/image/thumb/Music125/v4/f4/ad/4a/f4ad4a3b-8d8c-82f3-d1b3-365011650f4b/source/100x100bb.jpg', 'https://audio-ssl.itunes.apple.com/itunes-assets/AudioPreview125/v4/b8/88/54/b88854d6-c862-d007-103d-3ac8b3812db1/mzaf_16112143190205270548.plus.aac.p.m4a', 'https://music.apple.com/us/album/let-it-bleed/1500642838?i=1500642844&uo=4', '8.99', 'USD', 'USA', 'https://i.scdn.co/image/ab67616d0000b2732af30c881bb23cfb82a8cf99'),
(33, 'Ramones', 33, 8, 25, 'https://is1-ssl.mzstatic.com/image/thumb/Music/v4/6d/da/f6/6ddaf6d1-840e-8895-9630-4d8f04b51654/source/100x100bb.jpg', 'https://audio-ssl.itunes.apple.com/itunes-assets/AudioPreview115/v4/42/aa/2a/42aa2acb-d864-62fd-08cb-fc3f1caed255/mzaf_7740908459740797897.plus.aac.p.m4a', 'https://music.apple.com/us/album/blitzkrieg-bop/312355529?i=312355531&uo=4', '12.99', 'USD', 'USA', 'https://i.scdn.co/image/ab67616d0000b273db687db0afb257abdee10816'),
(34, 'Music From Big Pink', 34, 7, 26, 'https://is1-ssl.mzstatic.com/image/thumb/Music115/v4/35/15/43/351543e1-8454-5c18-fd42-8a56a51964fb/source/100x100bb.jpg', 'https://audio-ssl.itunes.apple.com/itunes-assets/AudioPreview115/v4/61/9c/dd/619cddde-7092-0c22-f80f-6055974cafbf/mzaf_165407477732280954.plus.aac.p.m4a', 'https://music.apple.com/us/album/i-shall-be-released-a-capella/1399765030?i=1399765696&uo=4', '10.99', 'USD', 'USA', 'https://i.scdn.co/image/ab67616d0000b27320bbceac6950d3fe13fa13c3'),
(35, 'The Rise and Fall of Ziggy Stardust and the Spiders From Mars', 35, 5, 27, 'https://is2-ssl.mzstatic.com/image/thumb/Music114/v4/12/05/ac/1205ac19-e6a3-2edc-da31-ef7d972f21ae/source/100x100bb.jpg', 'https://audio-ssl.itunes.apple.com/itunes-assets/AudioPreview115/v4/78/5d/be/785dbe59-1fe3-cf29-0292-50e9ee944354/mzaf_5639770502612710333.plus.aac.p.m4a', 'https://music.apple.com/us/album/starman/1039796877?i=1039797280&uo=4', '9.99', 'USD', 'USA', 'https://i.scdn.co/image/ab67616d0000b273c41f4e1133b0e6c5fcf58680'),
(36, 'Tapestry', 36, 4, 28, 'https://is5-ssl.mzstatic.com/image/thumb/Music125/v4/4c/1b/e4/4c1be475-c988-bd8c-b489-ae0ba22e28bf/source/100x100bb.jpg', 'https://audio-ssl.itunes.apple.com/itunes-assets/AudioPreview115/v4/e0/a4/8b/e0a48b0c-5c93-e9c9-2b6e-8fbac5ddeed5/mzaf_4641359490482463754.plus.aac.p.m4a', 'https://music.apple.com/us/album/tapestry/747087657?i=747087697&uo=4', '9.99', 'USD', 'USA', 'https://i.scdn.co/image/ab67616d0000b27323350feac07f56d8b96f33d5'),
(37, 'Hotel California', 37, 8, 29, 'https://is1-ssl.mzstatic.com/image/thumb/Music115/v4/03/4d/f4/034df402-55cf-4a94-f48a-8b0dc2ae3fae/source/100x100bb.jpg', 'https://audio-ssl.itunes.apple.com/itunes-assets/AudioPreview115/v4/a7/1b/f0/a71bf07d-f498-05c9-2c8a-d12af7d019d8/mzaf_11402952498213508559.plus.aac.p.m4a', 'https://music.apple.com/us/album/hotel-california/635770200?i=635770202&uo=4', '9.99', 'USD', 'USA', 'https://i.scdn.co/image/ab67616d0000b2734637341b9f507521afa9a778'),
(38, 'The Anthology', 38, 20, 30, '', 'https://audio-ssl.itunes.apple.com/itunes-assets/AudioPreview125/v4/a0/41/f3/a041f3da-3640-0a02-680b-a4e4c3e6d56a/mzaf_3295303019140102179.plus.aac.p.m4a', 'https://music.apple.com/us/album/rollin-and-tumblin-pt-1/1434913280?i=1434913290&uo=4', '24.99', 'USD', 'USA', 'https://i.scdn.co/image/ab67616d0000b2734fb82df718f27b957f4d0b9d'),
(39, 'Please Please Me', 39, 17, 1, 'https://is4-ssl.mzstatic.com/image/thumb/Music114/v4/1e/6a/db/1e6adb66-2feb-87b0-6649-af8c11d2fa29/source/100x100bb.jpg', 'https://audio-ssl.itunes.apple.com/itunes-assets/AudioPreview115/v4/43/cf/9c/43cf9c2e-7b09-f860-278e-bc65a5695fa8/mzaf_11130887400664998773.plus.aac.p.m4a', 'https://music.apple.com/us/album/please-please-me-mono-version/1441132965?i=1441132990&uo=4', '19.99', 'USD', 'USA', 'https://i.scdn.co/image/ab67616d0000b273dbeec63ad914c973e75c24df'),
(40, 'Forever Changes', 40, 1, 31, 'https://is5-ssl.mzstatic.com/image/thumb/Music115/v4/99/e5/df/99e5dfcd-7d59-038c-1268-1a0456618870/source/100x100bb.jpg', 'https://audio-ssl.itunes.apple.com/itunes-assets/AudioPreview125/v4/0c/02/6b/0c026ba8-05eb-ea27-fa25-23dc4c39e63f/mzaf_15205332872079995936.plus.aac.p.m4a', 'https://music.apple.com/us/album/you-set-the-scene-2015-remastered-version/1125521386?i=1125521760&uo=4', '9.99', 'USD', 'USA', 'https://i.scdn.co/image/ab67616d0000b273bb01f0ca02c204d13933ca06'),
(41, 'Never Mind the Bollocks Here\'s the Sex Pistols', 41, 18, 32, 'https://is4-ssl.mzstatic.com/image/thumb/Music/v4/2e/ce/29/2ece295e-d3f8-4766-69fb-d735dd7af9f1/source/100x100bb.jpg', 'https://audio-ssl.itunes.apple.com/itunes-assets/AudioPreview115/v4/15/76/2c/15762c38-e2cf-8aa0-20e8-b6823ba881c5/mzaf_2261880694719357671.plus.aac.p.m4a', 'https://music.apple.com/us/album/anarchy-in-the-u-k/266317242?i=266317279&uo=4', '9.99', 'USD', 'USA', 'https://i.scdn.co/image/ab67616d0000b273b691fa29c123b5fc4bc5d469'),
(42, 'The Doors', 42, 1, 33, 'https://is4-ssl.mzstatic.com/image/thumb/Music114/v4/fb/b1/87/fbb18719-2ffd-7c03-9081-7be380071e29/source/100x100bb.jpg', 'https://audio-ssl.itunes.apple.com/itunes-assets/AudioPreview115/v4/a0/d1/4e/a0d14e3c-496e-9193-220d-8c30738f2a74/mzaf_12328045709603542369.plus.aac.p.m4a', 'https://music.apple.com/us/album/light-my-fire/639380930?i=639380948&uo=4', '9.99', 'USD', 'USA', 'https://i.scdn.co/image/ab67616d0000b2735b96a8c5d61be8878452f8f1'),
(43, 'The Dark Side of the Moon', 43, 16, 34, 'https://is2-ssl.mzstatic.com/image/thumb/Music125/v4/c6/36/e2/c636e275-67a8-7679-165a-728f2d6d7da2/source/100x100bb.jpg', 'https://audio-ssl.itunes.apple.com/itunes-assets/AudioPreview125/v4/08/51/0f/08510f57-4ec3-33be-51df-4328cafd55b0/mzaf_7055251135484643380.plus.aac.p.m4a', 'https://music.apple.com/us/album/eclipse/1065973699?i=1065973712&uo=4', '12.99', 'USD', 'USA', 'https://i.scdn.co/image/ab67616d0000b2734ada80e2e0d11d8f6a99d42e'),
(44, 'Horses', 44, 11, 35, 'https://is2-ssl.mzstatic.com/image/thumb/Music128/v4/14/06/20/140620fe-5832-3895-075b-99e1f904e152/source/100x100bb.jpg', 'https://audio-ssl.itunes.apple.com/itunes-assets/AudioPreview125/v4/cf/ca/54/cfca54e8-49df-0505-3374-9828d75f99a3/mzaf_971559037652969011.plus.aac.p.m4a', 'https://music.apple.com/us/album/gloria/1038568061?i=1038568064&uo=4', '7.99', 'USD', 'USA', 'https://i.scdn.co/image/ab67616d0000b273770198dcbd8d97b29e99b621'),
(45, 'The Band (\"The Brown Album\")', 45, 10, 26, '', '', '', '', '', '', 'https://i.scdn.co/image/ab67616d0000b273446be683f351a7f76474296d'),
(46, 'Legend: The Best of Bob Marley and The Wailers', 46, 21, 36, 'https://is1-ssl.mzstatic.com/image/thumb/Music125/v4/28/77/42/2877427c-abce-5134-5f6f-98f0488d96f7/source/100x100bb.jpg', 'https://audio-ssl.itunes.apple.com/itunes-assets/AudioPreview125/v4/29/23/0b/29230b52-3e4a-888f-e2c7-a9b0714bbebc/mzaf_6088307406055071279.plus.aac.p.m4a', 'https://music.apple.com/us/album/three-little-birds/1469575763?i=1469575900&uo=4', '9.99', 'USD', 'USA', 'https://i.scdn.co/image/ab67616d0000b273413a6c2c7b296d98171e5e21'),
(47, 'A Love Supreme', 47, 3, 37, 'https://is5-ssl.mzstatic.com/image/thumb/Music124/v4/0c/b1/a5/0cb1a519-814e-0595-33ad-581af1df3896/source/100x100bb.jpg', 'https://audio-ssl.itunes.apple.com/itunes-assets/AudioPreview126/v4/38/11/dc/3811dce4-61d6-d1bd-50da-081fc205eb9f/mzaf_5192643084994818929.plus.aac.p.m4a', 'https://music.apple.com/us/album/a-love-supreme-pt-4-psalm/1440713018?i=1440713414&uo=4', '9.99', 'USD', 'USA', 'https://i.scdn.co/image/ab67616d0000b273ea42191f549dce4d9c8ecd1a'),
(48, 'It Takes a Nation of Millions to Hold Us Back', 48, 22, 38, 'https://is4-ssl.mzstatic.com/image/thumb/Music125/v4/b6/ce/2f/b6ce2f3e-0f10-62eb-f4c4-de4a86759388/source/100x100bb.jpg', 'https://audio-ssl.itunes.apple.com/itunes-assets/AudioPreview125/v4/8f/81/dd/8f81dd6e-6465-4490-f542-099da2093174/mzaf_5763402176058632457.plus.aac.p.m4a', 'https://music.apple.com/us/album/dont-believe-the-hype/1440837788?i=1440837952&uo=4', '7.99', 'USD', 'USA', 'https://i.scdn.co/image/ab67616d0000b273629edfa71810af835f33f431'),
(49, 'At Fillmore East', 49, 4, 39, 'https://is2-ssl.mzstatic.com/image/thumb/Music128/v4/28/6b/29/286b292b-71fd-450a-39bd-a71c86965779/source/100x100bb.jpg', 'https://audio-ssl.itunes.apple.com/itunes-assets/AudioPreview115/v4/4e/98/4d/4e984dac-489a-7839-af33-d29f4f09a8ec/mzaf_3153291806372769805.plus.aac.p.m4a', 'https://music.apple.com/us/album/in-memory-of-elizabeth-reed-live-at-the-fillmore-east-1971/1444531900?i=1444532307&uo=4', '14.99', 'USD', 'USA', 'https://i.scdn.co/image/ab67616d0000b2730e18e033b73488ca08a89b5b'),
(50, 'Here\'s Little Richard', 50, 23, 40, 'https://is1-ssl.mzstatic.com/image/thumb/Music118/v4/eb/51/5c/eb515c00-a1a9-84e4-2b66-04b1fc4f664d/source/100x100bb.jpg', 'https://audio-ssl.itunes.apple.com/itunes-assets/AudioPreview115/v4/f0/33/a9/f033a98f-9e93-aae8-9df9-c05372e6baa1/mzaf_17922347540573857683.plus.aac.p.m4a', 'https://music.apple.com/us/album/tutti-frutti/1440936634?i=1440936639&uo=4', '14.99', 'USD', 'USA', 'https://i.scdn.co/image/ab67616d0000b2738a22827b01e5d68d3736d58b'),
(51, 'Bridge Over Troubled Water', 51, 15, 41, 'https://is2-ssl.mzstatic.com/image/thumb/Music114/v4/24/cb/25/24cb257e-df65-2b51-16e1-93f107f093ea/source/100x100bb.jpg', 'https://audio-ssl.itunes.apple.com/itunes-assets/AudioPreview115/v4/27/54/d4/2754d445-1344-42ef-62db-b8dc0efdcc0b/mzaf_2736781426306234978.plus.aac.p.m4a', 'https://music.apple.com/us/album/bridge-over-troubled-water/1463651590?i=1463652196&uo=4', '13.99', 'USD', 'USA', 'https://i.scdn.co/image/ab67616d0000b273ba7fe7dd76cd4307e57dd75f'),
(52, 'Greatest Hits', 52, 11, 42, 'https://is5-ssl.mzstatic.com/image/thumb/Music116/v4/e5/93/13/e5931303-e084-493c-9842-06f054d323e2/source/100x100bb.jpg', '', 'https://music.apple.com/us/album/lets-stay-together/1203896404?i=1203896597&uo=4', '5.99', 'USD', 'USA', 'https://i.scdn.co/image/ab67616d0000b273f72f1e38e9bd48f18a17ed9b'),
(53, 'Meet The Beatles!', 53, 24, 1, '', 'https://audio-ssl.itunes.apple.com/itunes-assets/AudioPreview116/v4/47/71/aa/4771aaec-e55c-9eb0-41a7-a9113ab9855f/mzaf_343427704003941263.plus.aac.p.m4a', 'https://music.apple.com/us/album/good-morning-good-morning-remix/1573250333?i=1573251683&uo=4', '9.99', 'USD', 'USA', 'https://i.scdn.co/image/ab67616d0000b2735f02e3951002a1f31e2f14d8'),
(54, 'The Birth of Soul', 54, 12, 43, 'https://is4-ssl.mzstatic.com/image/thumb/Music3/v4/5d/3b/7b/5d3b7b35-b052-e9fb-2dff-020a0f44b5e2/source/100x100bb.jpg', 'https://audio-ssl.itunes.apple.com/itunes-assets/AudioPreview115/v4/5e/59/00/5e59005d-b8d4-1495-5b35-1a6d5ac8fd2e/mzaf_5874697961792245426.plus.aac.p.m4a', 'https://music.apple.com/us/album/ive-got-a-woman-single-version/275968936?i=275969040&uo=4', '29.99', 'USD', 'USA', 'https://i.scdn.co/image/ab67616d0000b27374bf394db200791382590474'),
(55, 'Electric Ladyland', 55, 7, 10, 'https://is1-ssl.mzstatic.com/image/thumb/Music125/v4/d2/0d/01/d20d010c-3803-1c86-4662-be10a8db38c3/source/100x100bb.jpg', 'https://audio-ssl.itunes.apple.com/itunes-assets/AudioPreview115/v4/b5/c8/81/b5c881ea-0d08-2896-dece-cf930396ee9c/mzaf_800118374156758093.plus.aac.p.m4a', 'https://music.apple.com/us/album/voodoo-child-slight-return/357652252?i=357653347&uo=4', '9.99', 'USD', 'USA', 'https://i.scdn.co/image/ab67616d0000b273522088789d49e216d9818292'),
(56, 'Elvis Presley', 56, 25, 7, 'https://is3-ssl.mzstatic.com/image/thumb/Music118/v4/4f/a6/d1/4fa6d11e-56e8-614a-843e-d2f2e1393b91/rm_image.jpg/100x100bb.jpg', 'https://audio-ssl.itunes.apple.com/itunes-assets/AudioPreview113/v4/7d/d1/7f/7dd17f0d-ea55-bd13-9883-21c902d97652/mzaf_6503623689024816952.std.aac.p.m4a', 'https://books.apple.com/us/audiobook/elvis-presley-the-truth-about-me-outtakes/id1297510396?uo=4', '2.99', 'USD', 'USA', 'https://i.scdn.co/image/ab67616d0000b273a0b8a1ce10fddbba6879262e'),
(57, 'Songs in the Key of Life', 57, 8, 18, 'https://is4-ssl.mzstatic.com/image/thumb/Music128/v4/95/e2/68/95e268f8-c209-2a9b-8fe7-7266934447a6/source/100x100bb.jpg', 'https://audio-ssl.itunes.apple.com/itunes-assets/AudioPreview115/v4/a2/23/a8/a223a8dc-826e-8bac-2e30-fa86a148ce34/mzaf_7138818373738553579.plus.aac.p.m4a', 'https://music.apple.com/us/album/isnt-she-lovely/1440788438?i=1440788554&uo=4', '11.99', 'USD', 'USA', 'https://i.scdn.co/image/ab67616d0000b2732fee61bfec596bb6f5447c50'),
(58, 'Beggars Banquet', 58, 7, 5, 'https://is3-ssl.mzstatic.com/image/thumb/Music125/v4/24/9a/66/249a6619-5453-7971-b7ce-54200a265262/source/100x100bb.jpg', 'https://audio-ssl.itunes.apple.com/itunes-assets/AudioPreview125/v4/19/f8/b4/19f8b482-7e22-27f3-4d5b-c345e382c868/mzaf_9360843434389312786.plus.aac.p.m4a', 'https://music.apple.com/us/album/sympathy-for-the-devil/1500643395?i=1500643398&uo=4', '9.99', 'USD', 'USA', 'https://i.scdn.co/image/ab67616d0000b27344934a06d21864415376f5f2'),
(59, 'Chronicle: The 20 Greatest Hits', 59, 8, 44, 'https://is1-ssl.mzstatic.com/image/thumb/Music116/v4/4b/97/d6/4b97d67a-3e78-5158-48c1-67b990a8ed74/source/100x100bb.jpg', 'https://audio-ssl.itunes.apple.com/itunes-assets/AudioPreview125/v4/c5/1a/c9/c51ac904-8ed5-9915-15c8-e89ddc72a52b/mzaf_11851919257040385797.plus.aac.p.m4a', 'https://music.apple.com/us/album/bad-moon-rising/1440955595?i=1440955834&uo=4', '11.99', 'USD', 'USA', 'https://i.scdn.co/image/ab67616d0000b2735b18abb5facf12c82192bda7'),
(60, 'Trout Mask Replica', 60, 10, 45, 'https://is4-ssl.mzstatic.com/image/thumb/Music125/v4/38/74/8f/38748fb9-3502-9d9b-e1f5-c8cb432837ac/source/100x100bb.jpg', 'https://audio-ssl.itunes.apple.com/itunes-assets/AudioPreview115/v4/68/8d/bb/688dbb42-36f3-bb01-aa95-cc3bf627409f/mzaf_5649233116047999179.plus.aac.p.m4a', 'https://music.apple.com/us/album/china-pig/1579587935?i=1579588580&uo=4', '9.99', 'USD', 'USA', 'https://i.scdn.co/image/ab67616d0000b273d6853c479a99458751235e39'),
(61, 'Greatest Hits', 61, 15, 46, '', '', '', '', '', '', 'https://i.scdn.co/image/ab67616d0000b273b08f59c7648a7a67130ca0ea'),
(62, 'Appetite for Destruction', 62, 19, 47, 'https://is4-ssl.mzstatic.com/image/thumb/Music125/v4/0f/e8/54/0fe8541b-37c7-4b5f-7160-19416e848908/source/100x100bb.jpg', 'https://audio-ssl.itunes.apple.com/itunes-assets/AudioPreview125/v4/c8/9e/c7/c89ec750-f8e6-efb1-c926-ea5820fea494/mzaf_10037263519573560745.plus.aac.p.m4a', 'https://music.apple.com/us/album/welcome-to-the-jungle/1377813284?i=1377813288&uo=4', '9.99', 'USD', 'USA', 'https://i.scdn.co/image/ab67616d0000b27368384dd85fd5e95831252f60'),
(63, 'Achtung Baby', 63, 12, 21, 'https://is5-ssl.mzstatic.com/image/thumb/Music115/v4/ff/9e/04/ff9e041c-f092-6b77-9e2d-b6374e8776ed/source/100x100bb.jpg', 'https://audio-ssl.itunes.apple.com/itunes-assets/AudioPreview116/v4/24/24/77/242477f5-bc29-fa23-1825-5342e7eba0b8/mzaf_8095403564625046458.plus.aac.p.m4a', 'https://music.apple.com/us/album/one/1443063058?i=1443063492&uo=4', '9.99', 'USD', 'USA', 'https://i.scdn.co/image/ab67616d0000b27337cd18af5725b9cad0a5ab53'),
(64, 'Sticky Fingers', 64, 4, 5, 'https://is5-ssl.mzstatic.com/image/thumb/Music124/v4/d2/e3/01/d2e3017f-7817-4d08-3613-251765810d3c/source/100x100bb.jpg', 'https://audio-ssl.itunes.apple.com/itunes-assets/AudioPreview125/v4/c4/db/20/c4db201c-f4d0-08d4-7906-c59c177e3b54/mzaf_13847531805214183896.plus.aac.p.m4a', 'https://music.apple.com/us/album/brown-sugar-feat-eric-clapton/1440830882?i=1440831088&uo=4', '19.99', 'USD', 'USA', 'https://i.scdn.co/image/ab67616d0000b273a1d9c9969f2a7ed27e449a3c'),
(65, 'Back to Mono (1958-1969)', 65, 12, 48, '', '', '', '', '', '', 'https://i.scdn.co/image/ab67706c0000bebb93944eea87fa8b0b07d9bb82'),
(66, 'Moondance', 66, 15, 13, 'https://is2-ssl.mzstatic.com/image/thumb/Music115/v4/00/cd/9d/00cd9d37-85f1-ebdf-692a-4b713f9ab5f9/source/100x100bb.jpg', 'https://audio-ssl.itunes.apple.com/itunes-assets/AudioPreview115/v4/20/f5/75/20f5751d-aa94-610d-0347-dd1010841af3/mzaf_18180484502630087292.plus.aac.p.m4a', 'https://music.apple.com/us/album/moondance/712727450?i=712727462&uo=4', '9.99', 'USD', 'USA', 'https://i.scdn.co/image/ab67616d0000b273d828b182ee9b7193a0f8b5d6'),
(67, 'Kid A', 67, 26, 49, 'https://is2-ssl.mzstatic.com/image/thumb/Music126/v4/f9/53/27/f953275e-4477-b445-b022-9d85e68e725c/source/100x100bb.jpg', 'https://audio-ssl.itunes.apple.com/itunes-assets/AudioPreview115/v4/dd/17/5b/dd175b86-947b-2833-a955-526977f5c4ba/mzaf_310731774401592456.plus.aac.p.m4a', 'https://music.apple.com/us/album/kid-a/1097862870?i=1097863120&uo=4', '9.99', 'USD', 'USA', 'https://i.scdn.co/image/ab67616d0000b2736c7112082b63beefffe40151'),
(68, 'Off the Wall', 68, 6, 14, 'https://is4-ssl.mzstatic.com/image/thumb/Music125/v4/9b/fe/1f/9bfe1f2d-c51e-0427-1075-21aac1f3b874/source/100x100bb.jpg', 'https://audio-ssl.itunes.apple.com/itunes-assets/AudioPreview115/v4/ae/7b/94/ae7b94c7-17fa-d86c-7fa3-e4fcbb481fed/mzaf_14962065959937483836.plus.aac.p.m4a', 'https://music.apple.com/us/album/off-the-wall-single-version/159292399?i=159293470&uo=4', '16.99', 'USD', 'USA', 'https://i.scdn.co/image/ab67616d0000b2737027294551db4fda68b5ddac'),
(69, '[Led Zeppelin IV]', 69, 4, 23, 'https://is5-ssl.mzstatic.com/image/thumb/Music5/v4/e3/8a/13/e38a13ca-8eaf-fb01-dcec-d2b5689cb6a7/source/100x100bb.jpg', 'https://audio-ssl.itunes.apple.com/itunes-assets/AudioPreview115/v4/85/94/09/8594098e-e951-ba39-7c18-f1d1f4fa3d6a/mzaf_3751264721846869303.plus.aac.p.m4a', 'https://music.apple.com/us/album/stairway-to-heaven/902620286?i=902620521&uo=4', '13.99', 'USD', 'USA', 'https://i.scdn.co/image/ab67616d0000b273c8a11e48c91a982d086afc69'),
(70, 'The Stranger', 70, 18, 50, 'https://is3-ssl.mzstatic.com/image/thumb/Music115/v4/7a/24/30/7a2430bc-e87f-9209-954e-c50572df686a/source/100x100bb.jpg', 'https://audio-ssl.itunes.apple.com/itunes-assets/AudioPreview125/v4/ab/48/3c/ab483c3b-b28b-13c6-f926-2ecde37bb279/mzaf_9383185475934944556.plus.aac.p.m4a', 'https://music.apple.com/us/album/vienna/158617952?i=158618071&uo=4', '8.99', 'USD', 'USA', 'https://i.scdn.co/image/ab67616d0000b2736ce61113662ecf693b605ee5'),
(71, 'Graceland', 71, 27, 51, 'https://is5-ssl.mzstatic.com/image/thumb/Music115/v4/27/68/72/27687239-4ff9-0fca-efab-5a5b3b158e58/source/100x100bb.jpg', 'https://audio-ssl.itunes.apple.com/itunes-assets/AudioPreview125/v4/2a/4c/5f/2a4c5f73-c914-b347-981e-64f3b69e52d2/mzaf_11375779244769210829.plus.aac.p.m4a', 'https://music.apple.com/us/album/graceland/529574560?i=529574613&uo=4', '9.99', 'USD', 'USA', 'https://i.scdn.co/image/ab67616d0000b27309880a7b8636c5a0615dc0c8'),
(72, 'Superfly', 72, 5, 52, 'https://is1-ssl.mzstatic.com/image/thumb/Music115/v4/55/79/8f/55798f16-1edf-728f-9640-3718c3105803/source/100x100bb.jpg', 'https://audio-ssl.itunes.apple.com/itunes-assets/AudioPreview115/v4/ef/0d/1a/ef0d1ab1-1d6d-7b05-2b44-abb9879be8d1/mzaf_14544742334898738751.plus.aac.p.m4a', 'https://music.apple.com/us/album/superfly-single-mix/40059051?i=40059081&uo=4', '11.99', 'USD', 'USA', 'https://i.scdn.co/image/ab67616d0000b27313d1fed19ba543ea0d25f544'),
(73, 'Physical Graffiti', 73, 11, 23, 'https://is3-ssl.mzstatic.com/image/thumb/Music1/v4/fa/05/b6/fa05b6bf-b73e-e386-61fc-48b0fc41e98b/source/100x100bb.jpg', 'https://audio-ssl.itunes.apple.com/itunes-assets/AudioPreview125/v4/33/86/6b/33866b44-f3e8-b865-b9d1-bfc4a2fb6f51/mzaf_9598889325677928709.plus.aac.p.m4a', 'https://music.apple.com/us/album/kashmir/952919341?i=952919352&uo=4', '15.99', 'USD', 'USA', 'https://i.scdn.co/image/ab67616d0000b273765b0617b572bdd1dbdc7d8e'),
(74, 'After the Gold Rush', 74, 15, 53, 'https://is2-ssl.mzstatic.com/image/thumb/Music114/v4/d8/f9/36/d8f93646-1fd6-09c5-1036-a1792ba40670/source/100x100bb.jpg', 'https://audio-ssl.itunes.apple.com/itunes-assets/AudioPreview115/v4/a3/57/af/a357af9e-d22d-951f-0e92-ed7474ca7f13/mzaf_10154304083337859824.plus.aac.p.m4a', 'https://music.apple.com/us/album/after-the-gold-rush/135132797?i=135132231&uo=4', '11.99', 'USD', 'USA', 'https://i.scdn.co/image/ab67616d0000b27313d1fed19ba543ea0d25f544'),
(75, 'Star Time', 75, 12, 19, '', 'https://audio-ssl.itunes.apple.com/itunes-assets/AudioPreview125/v4/c3/a1/ac/c3a1acde-c38d-33c5-de07-e1c0737b2300/mzaf_12678306615712101727.plus.aac.p.m4a', 'https://music.apple.com/us/album/let-yourself-go-1991-star-time-version/1434917747?i=1434917798&uo=4', '19.99', 'USD', 'USA', 'https://i.scdn.co/image/ab67616d0000b273818c45ca29446e7352ba187f'),
(76, 'Purple Rain', 76, 21, 54, 'https://is1-ssl.mzstatic.com/image/thumb/Music124/v4/d6/85/58/d68558de-cbcb-0e1f-633f-4a0a63f5301f/source/100x100bb.jpg', 'https://audio-ssl.itunes.apple.com/itunes-assets/AudioPreview125/v4/ae/ac/da/aeacda1b-f079-0ec2-24c1-f4b52025fe25/mzaf_7354252014203559340.plus.aac.p.m4a', 'https://music.apple.com/us/album/purple-rain-piano-a-microphone-1983-version/1393183394?i=1393183796&uo=4', '9.99', 'USD', 'USA', 'https://i.scdn.co/image/ab67616d0000b273d52bfb90ee8dfeda8378b99b'),
(77, 'Back in Black', 77, 28, 55, 'https://is4-ssl.mzstatic.com/image/thumb/Music115/v4/fa/74/65/fa74657f-392a-cb55-f83e-05dd99d9baf9/source/100x100bb.jpg', 'https://audio-ssl.itunes.apple.com/itunes-assets/AudioPreview115/v4/82/14/78/821478a0-c7cf-243f-ee78-59901cba1ffa/mzaf_10818997092660520704.plus.aac.p.m4a', 'https://music.apple.com/us/album/back-in-black/574050396?i=574050602&uo=4', '9.99', 'USD', 'USA', 'https://i.scdn.co/image/ab67616d0000b2730b51f8d91f3a21e8426361ae'),
(78, 'Otis Blue: Otis Redding Sings Soul', 78, 3, 56, 'https://is2-ssl.mzstatic.com/image/thumb/Music114/v4/4a/1d/15/4a1d158d-a1b4-9bb0-30d3-f0094415b063/source/100x100bb.jpg', 'https://audio-ssl.itunes.apple.com/itunes-assets/AudioPreview115/v4/f2/aa/22/f2aa22c7-42c6-f4f5-4f20-1a2245345d8c/mzaf_12794558113289548512.plus.aac.p.m4a', 'https://music.apple.com/us/album/ive-been-loving-you-too-long/278115738?i=278115760&uo=4', '19.99', 'USD', 'USA', 'https://i.scdn.co/image/ab67616d0000b27309cdd247bd06fb04470aa4b8'),
(79, 'Led Zeppelin II', 79, 10, 23, 'https://is3-ssl.mzstatic.com/image/thumb/Music125/v4/ad/9d/35/ad9d354e-268d-2226-aaf1-b7cd006305c2/source/100x100bb.jpg', 'https://audio-ssl.itunes.apple.com/itunes-assets/AudioPreview125/v4/15/bc/ec/15bcec5b-ee95-db15-f57f-2fb2352aa62f/mzaf_842313961611141705.plus.aac.p.m4a', 'https://music.apple.com/us/album/moby-dick-intro-outro-rough-mix/836967288?i=836967312&uo=4', '13.99', 'USD', 'USA', 'https://i.scdn.co/image/ab67616d0000b27390a50cfe99a4c19ff3cbfbdb'),
(80, 'Imagine', 80, 4, 57, 'https://is1-ssl.mzstatic.com/image/thumb/Music116/v4/d4/60/f7/d460f72b-938c-ce9e-c1af-9292a1e73018/source/100x100bb.jpg', 'https://audio-ssl.itunes.apple.com/itunes-assets/AudioPreview116/v4/31/53/73/315373e3-1def-cfa5-81b1-bd4b4a8c2e29/mzaf_16618064198837874234.plus.aac.p.m4a', 'https://music.apple.com/us/album/imagine/1440853752?i=1440853776&uo=4', '9.99', 'USD', 'USA', 'https://i.scdn.co/image/ab67616d0000b27399581550ef9746ca582bb3cc'),
(81, 'The Clash', 81, 18, 6, 'https://is4-ssl.mzstatic.com/image/thumb/Music114/v4/1b/cd/6d/1bcd6dba-c8d4-c0fe-c2d9-a2a2d7565409/source/100x100bb.jpg', 'https://audio-ssl.itunes.apple.com/itunes-assets/AudioPreview125/v4/7b/f4/eb/7bf4ebc7-76b7-29d0-bb61-5cdfd0b1486e/mzaf_3169626391927243947.plus.aac.p.m4a', 'https://music.apple.com/us/album/police-thieves/684737755?i=684738128&uo=4', '9.99', 'USD', 'USA', 'https://i.scdn.co/image/ab67616d0000b27346db502388d44edb43ebb261'),
(82, 'Harvest', 82, 5, 53, 'https://is5-ssl.mzstatic.com/image/thumb/Music125/v4/01/85/24/0185243d-e882-c8c2-73a5-5842473518f7/source/100x100bb.jpg', 'https://audio-ssl.itunes.apple.com/itunes-assets/AudioPreview115/v4/ef/77/c2/ef77c223-0cb3-cec8-2607-5e26d7d6a490/mzaf_12932466305139792561.plus.aac.p.m4a', 'https://music.apple.com/us/album/harvest/1015739190?i=1015739527&uo=4', '9.99', 'USD', 'USA', 'https://i.scdn.co/image/ab67616d0000b27313d1fed19ba543ea0d25f544'),
(83, 'Axis: Bold as Love', 83, 1, 10, 'https://is3-ssl.mzstatic.com/image/thumb/Music126/v4/8a/3c/eb/8a3ceb35-1a6c-d36e-30fa-5a13a62c5a65/source/100x100bb.jpg', 'https://audio-ssl.itunes.apple.com/itunes-assets/AudioPreview126/v4/79/81/6e/79816eb2-931b-008e-9973-f26d1688aa0d/mzaf_6958048449651312835.plus.aac.p.m4a', 'https://music.apple.com/us/album/little-wing/357222341?i=357222504&uo=4', '9.99', 'USD', 'USA', 'https://i.scdn.co/image/ab67616d0000b27319dcd95d28b63d10164327f2'),
(84, 'I Never Loved a Man the Way I Love You', 84, 1, 58, 'https://is4-ssl.mzstatic.com/image/thumb/Music115/v4/65/26/74/6526741a-79f3-67c7-ce7d-8571857aeca8/source/100x100bb.jpg', 'https://audio-ssl.itunes.apple.com/itunes-assets/AudioPreview115/v4/3f/aa/24/3faa24b3-1e19-d38f-02dc-aa6ee1a5e918/mzaf_12021954007684962123.plus.aac.p.m4a', 'https://music.apple.com/us/album/i-never-loved-a-man-the-way-i-love-you/933578756?i=933582120&uo=4', '14.99', 'USD', 'USA', 'https://i.scdn.co/image/ab67616d0000b2736aa9314b7ddfbd8f036ba3ac'),
(85, 'Lady Soul', 85, 7, 58, 'https://is1-ssl.mzstatic.com/image/thumb/Music125/v4/71/20/f5/7120f5e8-0755-5da3-f9e6-e97eabad82a8/source/100x100bb.jpg', 'https://audio-ssl.itunes.apple.com/itunes-assets/AudioPreview115/v4/e4/72/ee/e472ee55-20db-c14f-eba0-f68af56220bf/mzaf_559657588344818585.plus.aac.p.m4a', 'https://music.apple.com/us/album/you-make-me-feel-like-a-natural-woman/933585548?i=933585554&uo=4', '9.99', 'USD', 'USA', 'https://i.scdn.co/image/ab67616d0000b2739e5af96086574b76499dcf70'),
(86, 'Born in the U.S.A.', 86, 21, 12, 'https://is4-ssl.mzstatic.com/image/thumb/Music4/v4/00/f0/00/00f000af-9718-4a52-d6a8-24d4368f0802/source/100x100bb.jpg', 'https://audio-ssl.itunes.apple.com/itunes-assets/AudioPreview125/v4/ce/ea/e2/ceeae252-427f-bedb-f516-510c26c8c5cd/mzaf_8175570757803918308.plus.aac.p.m4a', 'https://music.apple.com/us/album/born-in-the-u-s-a-live-at-la-coliseum-los-angeles/217291875?i=217295000&uo=4', '19.99', 'USD', 'USA', 'https://i.scdn.co/image/ab67616d0000b273a7865e686c36a4adda6c9978'),
(87, 'The Wall', 87, 6, 34, 'https://is5-ssl.mzstatic.com/image/thumb/Music125/v4/89/d9/02/89d90299-4e04-f5e4-0eab-b09d0352fa31/source/100x100bb.jpg', 'https://audio-ssl.itunes.apple.com/itunes-assets/AudioPreview125/v4/f8/a2/cd/f8a2cd4a-2af9-f34f-3684-89e3304c102c/mzaf_376000686139681175.plus.aac.p.m4a', 'https://music.apple.com/us/album/another-brick-in-the-wall-pt-2/1065975633?i=1065975638&uo=4', '19.99', 'USD', 'USA', 'https://i.scdn.co/image/ab67616d0000b27365f5a0cea8eed1c616f62727'),
(88, 'At Folsom Prison', 88, 7, 59, 'https://is2-ssl.mzstatic.com/image/thumb/Music115/v4/3c/a0/22/3ca0222e-96bf-9d4d-b1e1-6db6138c7a0e/source/100x100bb.jpg', 'https://audio-ssl.itunes.apple.com/itunes-assets/AudioPreview125/v4/88/8f/5d/888f5d5a-8c09-92a4-bf2c-250200e7309b/mzaf_15717249670570928373.plus.aac.p.m4a', 'https://music.apple.com/us/album/folsom-prison-blues-live/825516828?i=825516880&uo=4', '9.99', 'USD', 'USA', 'https://i.scdn.co/image/ab67616d0000b2734a04593b7c149dc7b725683e'),
(89, 'Dusty in Memphis', 89, 10, 60, 'https://is4-ssl.mzstatic.com/image/thumb/Music125/v4/c6/d4/4d/c6d44dfa-c613-37f9-141e-c942aae937da/source/100x100bb.jpg', 'https://audio-ssl.itunes.apple.com/itunes-assets/AudioPreview125/v4/26/34/bc/2634bc32-28b5-0d88-4c09-eb6a242f0fab/mzaf_5154516039900167579.plus.aac.p.m4a', 'https://music.apple.com/us/album/son-of-a-preacher-man/257837795?i=257837972&uo=4', '15.99', 'USD', 'USA', 'https://i.scdn.co/image/ab67616d0000b273e20037311210924b3c386f00'),
(90, 'Talking Book', 90, 5, 18, 'https://is4-ssl.mzstatic.com/image/thumb/Music114/v4/0c/87/2d/0c872d73-3663-edf7-d448-2088f1f46c31/source/100x100bb.jpg', 'https://audio-ssl.itunes.apple.com/itunes-assets/AudioPreview115/v4/d3/5a/69/d35a69af-ca39-e292-4cc8-e189144e2a9c/mzaf_8528836110071720537.plus.aac.p.m4a', 'https://music.apple.com/us/album/i-believe-when-i-fall-in-love-it-will-be-forever/1440808973?i=1440809175&uo=4', '6.99', 'USD', 'USA', 'https://i.scdn.co/image/ab67616d0000b273a14b08b9a6616e121df5e8b0'),
(91, 'Goodbye Yellow Brick Road', 91, 16, 61, 'https://is5-ssl.mzstatic.com/image/thumb/Music124/v4/75/ff/f6/75fff67a-b768-886a-49b9-d98a2fb0b6f0/source/100x100bb.jpg', 'https://audio-ssl.itunes.apple.com/itunes-assets/AudioPreview115/v4/04/3b/85/043b85fc-e357-8848-91ea-90040af831c2/mzaf_14074539681479864958.plus.aac.p.m4a', 'https://music.apple.com/us/album/goodbye-yellow-brick-road/1440863013?i=1440863122&uo=4', '9.99', 'USD', 'USA', 'https://i.scdn.co/image/ab67616d0000b273f72f1e38e9bd48f18a17ed9b'),
(92, '20 Golden Greats', 92, 29, 62, 'https://is1-ssl.mzstatic.com/image/thumb/Music118/v4/9a/88/03/9a8803c2-de59-86b5-873f-38f57f456f90/source/100x100bb.jpg', 'https://audio-ssl.itunes.apple.com/itunes-assets/AudioPreview125/v4/6b/59/14/6b5914c6-1fa8-82f9-0c2a-87987a279308/mzaf_15378714482383982214.plus.aac.p.m4a', 'https://music.apple.com/us/album/peggy-sue/1425246912?i=1425246920&uo=4', '9.99', 'USD', 'USA', 'https://i.scdn.co/image/ab67616d0000b273731f9bfad4ed9881283ed22f'),
(93, 'Sign \"Peace\" the Times', 93, 19, 63, '', '', '', '', '', '', 'https://i.scdn.co/image/ab67616d0000b2733b67e4695d120ebfe9ca359a'),
(94, '40 Greatest Hits', 94, 21, 64, 'https://is4-ssl.mzstatic.com/image/thumb/Music118/v4/fa/81/d4/fa81d427-8bfa-601a-8f7a-8d1413d33802/source/100x100bb.jpg', 'https://audio-ssl.itunes.apple.com/itunes-assets/AudioPreview115/v4/15/64/e1/1564e1e4-5b0e-8b03-24ec-7b6c8bd51ce5/mzaf_11452093300587053055.plus.aac.p.m4a', 'https://music.apple.com/us/album/your-cheatin-heart-feat-the-drifting-cowboys-single/1434905254?i=1434905636&uo=4', '19.99', 'USD', 'USA', 'https://i.scdn.co/image/ab67616d0000b273bf7de449bfd768b5a1e3bdd0'),
(95, 'Bitches Brew', 95, 15, 8, 'https://is5-ssl.mzstatic.com/image/thumb/Music116/v4/a3/ee/ae/a3eeaece-b28b-647e-6f31-a558111679cf/source/100x100bb.jpg', 'https://audio-ssl.itunes.apple.com/itunes-assets/AudioPreview116/v4/be/1d/ad/be1dadca-5962-2b4b-50fe-f755a63a32c6/mzaf_210792945615356768.plus.aac.p.m4a', 'https://music.apple.com/us/album/bitches-brew-feat-wayne-shorter-bennie-maupin-john/168376392?i=168376630&uo=4', '14.99', 'USD', 'USA', 'https://i.scdn.co/image/ab67616d0000b2733f29c5269be5a4e9c4611d7a'),
(96, 'Tommy', 96, 10, 22, 'https://is2-ssl.mzstatic.com/image/thumb/Video/v4/d1/c2/9c/d1c29cb0-a896-2f8c-d273-420170f08824/source/100x100bb.jpg', 'https://video-ssl.itunes.apple.com/itunes-assets/Video118/v4/23/c6/98/23c698c4-b3d8-1754-f382-d2b6439a7811/mzvf_3278622679138131127.640x458.h264lc.U.p.m4v', 'https://music.apple.com/us/album/pinball-wizard/1461210985?i=1461214591&uo=4', '12.99', 'USD', 'USA', 'https://i.scdn.co/image/ab67616d0000b27374ecb94bc3e5d851a39a0334'),
(97, 'The Freewheelin\' Bob Dylan', 97, 17, 3, 'https://is2-ssl.mzstatic.com/image/thumb/Music/v4/10/3d/a2/103da2b8-8035-6521-7def-066b921aa6db/source/100x100bb.jpg', 'https://audio-ssl.itunes.apple.com/itunes-assets/Music/c2/8d/43/mzm.jaxnolbi.aac.p.m4a', 'https://music.apple.com/us/album/dont-think-twice-its-all-right-2010-mono-version/397221884?i=397221952&uo=4', '9.99', 'USD', 'USA', 'https://i.scdn.co/image/ab67616d0000b2737d214af8499aa95ad220f573'),
(98, 'This Year\'s Model', 98, 29, 65, 'https://is3-ssl.mzstatic.com/image/thumb/Music125/v4/13/ec/ed/13eced4d-211f-726e-c5e7-0f0b9c33b882/source/100x100bb.jpg', 'https://audio-ssl.itunes.apple.com/itunes-assets/AudioPreview125/v4/d0/19/37/d0193747-e417-9a58-4997-14b2048c55cc/mzaf_12641205501062795250.plus.aac.p.m4a', 'https://music.apple.com/us/album/this-years-girl-2021-remaster/1585423236?i=1585423238&uo=4', '19.99', 'USD', 'USA', 'https://i.scdn.co/image/ab67616d0000b273c39aa62b10cea6cd2c2c1ed8'),
(99, 'There\'s a Riot Goin\' On', 99, 4, 46, 'https://is4-ssl.mzstatic.com/image/thumb/Music125/v4/22/29/41/22294175-6168-3c77-6f85-fde0279d53c8/source/100x100bb.jpg', 'https://audio-ssl.itunes.apple.com/itunes-assets/AudioPreview71/v4/80/b8/5b/80b85b02-6b8f-9c5c-35ed-f7165727f40d/mzaf_5408163257053889506.plus.aac.p.m4a', 'https://music.apple.com/us/album/theres-a-riot-goin-on/216546634?i=216548125&uo=4', '9.99', 'USD', 'USA', 'https://i.scdn.co/image/ab67616d0000b273de0391ae05929bfe0e952f6b'),
(100, 'Odessey and Oracle', 100, 7, 66, 'https://is1-ssl.mzstatic.com/image/thumb/Music125/v4/fc/0b/36/fc0b365f-09be-96c8-0e57-ad6821a7674f/source/100x100bb.jpg', 'https://audio-ssl.itunes.apple.com/itunes-assets/AudioPreview125/v4/83/e8/45/83e845e7-de45-325d-d269-5e7e3fcda6d6/mzaf_8183913094567158967.plus.aac.p.m4a', 'https://music.apple.com/us/album/time-of-the-season/252723845?i=252724012&uo=4', '9.99', 'USD', 'USA', 'https://i.scdn.co/image/ab67616d0000b2736de69821e8460a9d689e20ba'),
(101, 'In the Wee Small Hours', 101, 30, 67, 'https://is3-ssl.mzstatic.com/image/thumb/Music128/v4/26/9f/8c/269f8c5d-74a9-fb43-1e61-0c05af16148a/source/100x100bb.jpg', 'https://audio-ssl.itunes.apple.com/itunes-assets/AudioPreview125/v4/9b/60/66/9b6066be-5b81-c589-a942-f86e47facd0e/mzaf_12492479456288587345.plus.aac.p.m4a', 'https://music.apple.com/us/album/in-the-wee-small-hours-of-the-morning/1440815019?i=1440815501&uo=4', '7.99', 'USD', 'USA', 'https://i.scdn.co/image/ab67616d0000b273d4f8a582c0c3a3d67f395c6d'),
(102, 'Fresh Cream', 102, 2, 68, 'https://is3-ssl.mzstatic.com/image/thumb/Music115/v4/9c/64/0d/9c640d00-55be-0014-d40d-af31d7f30727/source/100x100bb.jpg', 'https://audio-ssl.itunes.apple.com/itunes-assets/AudioPreview115/v4/7b/ee/54/7bee5401-b51a-32ca-e5af-4bfc8690c385/mzaf_7462109207115448651.plus.aac.p.m4a', 'https://music.apple.com/us/album/im-so-glad/1440822300?i=1440823184&uo=4', '9.99', 'USD', 'USA', 'https://i.scdn.co/image/ab67616d0000b27393a3bb62961a598ecaad1f75'),
(103, 'Giant Steps', 103, 9, 37, 'https://is1-ssl.mzstatic.com/image/thumb/Music/v4/cf/4a/2f/cf4a2f0f-6506-335d-76c9-6144ccfbd81a/source/100x100bb.jpg', 'https://audio-ssl.itunes.apple.com/itunes-assets/AudioPreview115/v4/00/54/77/005477ab-9532-4d19-b465-fa8a452aa617/mzaf_9598311367471313696.plus.aac.p.m4a', 'https://music.apple.com/us/album/giant-steps/266601952?i=266603142&uo=4', '34.99', 'USD', 'USA', 'https://i.scdn.co/image/ab67616d0000b273073aecd10185e5a5fd88eb90'),
(104, 'Sweet Baby James', 104, 15, 69, 'https://is3-ssl.mzstatic.com/image/thumb/Music128/v4/e5/88/71/e5887110-a2fb-b0b9-b23c-6cab320b2a74/source/100x100bb.jpg', 'https://audio-ssl.itunes.apple.com/itunes-assets/AudioPreview125/v4/3c/e9/c8/3ce9c88f-41b0-2ae6-9d7c-31150e700d90/mzaf_5196724268512609934.plus.aac.p.m4a', 'https://music.apple.com/us/album/sweet-baby-james-live/1440947797?i=1440948637&uo=4', '9.99', 'USD', 'USA', 'https://i.scdn.co/image/ab67616d0000b273b3adf9b1706b05af854bbad4'),
(105, 'Modern Sounds in Country and Western Music', 105, 31, 43, 'https://is3-ssl.mzstatic.com/image/thumb/Music124/v4/55/07/42/55074222-2c21-aa40-5a1e-a88985e51fba/source/100x100bb.jpg', 'https://audio-ssl.itunes.apple.com/itunes-assets/AudioPreview125/v4/dd/32/01/dd3201b4-5b8d-4b7c-0873-05a000668d60/mzaf_7698269480707518568.plus.aac.p.m4a', 'https://music.apple.com/us/album/you-dont-know-me/1477684012?i=1477684257&uo=4', '19.99', 'USD', 'USA', 'https://i.scdn.co/image/ab67616d0000b2737b97663666f03928ff1e4578');
INSERT INTO `album` (`album_id`, `album_name`, `album_ranking`, `year_id`, `artist_id`, `album_image_url`, `album_preview_url`, `album_collection_view_url`, `album_collection_price`, `album_price_currency`, `album_country`, `album_image_spotify_url_size_one`) VALUES
(106, 'Rocket to Russia', 106, 18, 25, 'https://is5-ssl.mzstatic.com/image/thumb/Music115/v4/ae/ac/f2/aeacf2d5-4572-be16-6e34-c44f6c9b83f0/source/100x100bb.jpg', 'https://audio-ssl.itunes.apple.com/itunes-assets/AudioPreview125/v4/b4/c4/bb/b4c4bbfd-35af-2d93-cf9e-9f5b4df21041/mzaf_5789043260756716819.plus.aac.p.m4a', 'https://music.apple.com/us/album/sheena-is-a-punk-rocker/77817086?i=77816990&uo=4', '12.99', 'USD', 'USA', 'https://i.scdn.co/image/ab67616d0000b2737ed5367900f7596d7c14345a'),
(107, 'Portrait of a Legend 1951-1964', 107, 32, 70, 'https://is1-ssl.mzstatic.com/image/thumb/Music118/v4/a8/86/20/a88620e1-f8a6-9151-4b9a-1966945616a2/source/100x100bb.jpg', 'https://audio-ssl.itunes.apple.com/itunes-assets/AudioPreview125/v4/b8/3c/68/b83c68dc-2bfd-102c-4809-24b5582a696b/mzaf_3927757095691328062.plus.aac.p.m4a', 'https://music.apple.com/us/album/a-change-is-gonna-come/1440771554?i=1440773321&uo=4', '11.99', 'USD', 'USA', 'https://i.scdn.co/image/ab67616d0000b273eecd52ae61ea9915ba46d251'),
(108, 'Hunky Dory', 108, 4, 27, 'https://is3-ssl.mzstatic.com/image/thumb/Music125/v4/fd/37/c5/fd37c5ae-1224-905a-8cae-c8d419fc2247/source/100x100bb.jpg', 'https://audio-ssl.itunes.apple.com/itunes-assets/AudioPreview125/v4/63/6b/06/636b0642-5636-af2c-06e1-bb0dabdefcb7/mzaf_16026243431927840611.plus.aac.p.m4a', 'https://music.apple.com/us/album/life-on-mars/1039798000?i=1039798013&uo=4', '9.99', 'USD', 'USA', 'https://i.scdn.co/image/ab67616d0000b273c657af8d545b4dcf432ace76'),
(109, 'Aftermath', 109, 2, 5, 'https://is2-ssl.mzstatic.com/image/thumb/Music115/v4/a6/5c/5d/a65c5d35-56d8-32a0-0be7-dd9df733c183/source/100x100bb.jpg', 'https://audio-ssl.itunes.apple.com/itunes-assets/AudioPreview125/v4/9d/92/59/9d92590a-e245-9673-b937-40f8fa6101a9/mzaf_5216096376867696624.plus.aac.p.m4a', 'https://music.apple.com/us/album/paint-it-black/1440745549?i=1440745782&uo=4', '8.99', 'USD', 'USA', 'https://i.scdn.co/image/ab67616d0000b273bad7062c3fd2f2d037989694'),
(110, 'Loaded', 110, 15, 9, '', 'https://audio-ssl.itunes.apple.com/itunes-assets/AudioPreview115/v4/64/26/d1/6426d17f-ecd6-3ca4-d816-c50ee283905f/mzaf_3659350268755185977.plus.aac.p.m4a', 'https://music.apple.com/us/album/sweet-jane/1050415251?i=1050415253&uo=4', '9.99', 'USD', 'USA', 'https://i.scdn.co/image/ab67616d0000b273a6d589272dca67a07a00c8a8'),
(111, 'The Bends', 111, 33, 49, 'https://is3-ssl.mzstatic.com/image/thumb/Music125/v4/5c/81/57/5c815749-38d9-50b5-6327-00c6c4591e69/source/100x100bb.jpg', 'https://audio-ssl.itunes.apple.com/itunes-assets/AudioPreview125/v4/66/80/1c/66801c45-1802-eda2-ac66-39d2c2516d71/mzaf_1838111440824075930.plus.aac.p.m4a', 'https://music.apple.com/us/album/fake-plastic-trees/1097862703?i=1097862845&uo=4', '9.99', 'USD', 'USA', 'https://i.scdn.co/image/ab67616d0000b2739293c743fa542094336c5e12'),
(112, 'If You Can Believe Your Eyes and Ears', 112, 2, 71, '', '', '', '', '', '', 'https://i.scdn.co/image/ab67616d0000b27308181b9f840a06e7a071cf72'),
(113, 'Court and Spark', 113, 34, 24, 'https://is4-ssl.mzstatic.com/image/thumb/Music115/v4/a3/da/ce/a3dace0d-efdd-4beb-42db-41bd6de3350e/source/100x100bb.jpg', 'https://audio-ssl.itunes.apple.com/itunes-assets/AudioPreview115/v4/09/3e/fd/093efd6c-8b8a-a339-774e-63dbb1afa764/mzaf_18033814592326638516.plus.aac.p.m4a', 'https://music.apple.com/us/album/court-and-spark/1492263239?i=1492263240&uo=4', '10.99', 'USD', 'USA', 'https://i.scdn.co/image/ab67616d0000b2731aa47e71c4edfeaddb65cd54'),
(114, 'Disraeli Gears', 114, 1, 68, 'https://is3-ssl.mzstatic.com/image/thumb/Music115/v4/8b/4d/5e/8b4d5eeb-bbaf-3713-efe0-6db1c38d12b6/source/100x100bb.jpg', 'https://audio-ssl.itunes.apple.com/itunes-assets/AudioPreview115/v4/4a/31/ac/4a31ac3b-dd67-d975-80db-1d2f8d792ab1/mzaf_8592917163187146264.plus.aac.p.m4a', 'https://music.apple.com/us/album/sunshine-of-your-love/1440817229?i=1440817744&uo=4', '7.99', 'USD', 'USA', 'https://i.scdn.co/image/ab67616d0000b273f7d3ba2473d4452b83ba61c4'),
(115, 'The Who Sell Out', 115, 1, 22, 'https://is3-ssl.mzstatic.com/image/thumb/Music124/v4/ae/b4/f0/aeb4f0d0-0fff-e1ef-d7db-96c4f20563bb/source/100x100bb.jpg', 'https://audio-ssl.itunes.apple.com/itunes-assets/AudioPreview125/v4/e8/7b/09/e87b09ab-c35f-50ab-205e-3ad99806f33e/mzaf_3071413493012106613.plus.aac.p.m4a', 'https://music.apple.com/us/album/i-can-see-for-miles-early-mono-version/1550181231?i=1550181695&uo=4', '29.99', 'USD', 'USA', 'https://i.scdn.co/image/ab67616d0000b27334894946601823e27fc08538'),
(116, 'Out of Our Heads', 116, 3, 5, 'https://is3-ssl.mzstatic.com/image/thumb/Music124/v4/1e/fb/13/1efb1310-0c19-c27e-7281-d86f9713b058/source/100x100bb.jpg', 'https://audio-ssl.itunes.apple.com/itunes-assets/AudioPreview115/v4/19/5e/59/195e595b-56c6-fd46-9e9a-4772ca25ce11/mzaf_8335796340692379678.plus.aac.p.m4a', 'https://music.apple.com/us/album/i-cant-get-no-satisfaction/1440743344?i=1440743544&uo=4', '10.99', 'USD', 'USA', 'https://i.scdn.co/image/ab67616d0000b27305c5be85b64eaff732f7cb0b'),
(117, 'Layla and Other Assorted Love Songs', 117, 15, 72, '', '', '', '', '', '', 'https://i.scdn.co/image/ab67616d0000b273fbcaf7402f38faac27610efc'),
(118, 'Late Registration', 118, 35, 73, 'https://is5-ssl.mzstatic.com/image/thumb/Music125/v4/0c/fc/d9/0cfcd915-a6d7-810d-7778-de34e1ca8467/source/100x100bb.jpg', 'https://audio-ssl.itunes.apple.com/itunes-assets/AudioPreview115/v4/c1/bd/46/c1bd468f-0de5-4202-5b03-75cea9b686a9/mzaf_16025242390860714669.plus.aac.p.m4a', 'https://music.apple.com/us/album/gold-digger-feat-jamie-foxx/1440668749?i=1440669054&uo=4', '9.99', 'USD', 'USA', 'https://i.scdn.co/image/ab67616d0000b273d79ba8ad2be777bad0e9924b'),
(119, 'At Last!', 119, 36, 74, 'https://is4-ssl.mzstatic.com/image/thumb/Music114/v4/5b/a2/9a/5ba29aa4-b820-f4f2-5558-3c4ef760766f/source/100x100bb.jpg', 'https://audio-ssl.itunes.apple.com/itunes-assets/AudioPreview125/v4/58/5d/5c/585d5cb3-1fe3-6433-8f97-ba4462b69e15/mzaf_10341515085590630152.plus.aac.p.m4a', 'https://music.apple.com/us/album/at-last/1440508611?i=1440508619&uo=4', '7.99', 'USD', 'USA', 'https://i.scdn.co/image/ab67616d0000b273b2229a8fdf377abaf3652624'),
(120, 'Sweetheart of the Rodeo', 120, 7, 75, 'https://is1-ssl.mzstatic.com/image/thumb/Music115/v4/5d/6b/68/5d6b6800-045d-76d2-0b84-365279f74529/source/100x100bb.jpg', 'https://audio-ssl.itunes.apple.com/itunes-assets/AudioPreview115/v4/38/c3/d0/38c3d084-1f23-cca9-21e0-314c201a093f/mzaf_11088471239826574952.plus.aac.p.m4a', 'https://music.apple.com/us/album/radio-spot-sweethearts-of-the-rodeo-album/203945407?i=203949658&uo=4', '16.99', 'USD', 'USA', 'https://i.scdn.co/image/ab67616d0000b2730412a1a5731436dcad75a770'),
(121, 'Stand!', 121, 10, 46, '', '', '', '', '', '', 'https://i.scdn.co/image/ab67616d0000b273147e35fd67f22f92cb587c3b'),
(122, 'The Harder They Come', 122, 5, 76, '', '', '', '', '', '', 'https://i.scdn.co/image/ab67616d0000b273af554e4a48a58b356e157749'),
(123, 'Raising Hell', 123, 27, 77, '', '', '', '', '', '', 'https://i.scdn.co/image/ab67616d0000b273894ae4df775c6b47438991af'),
(124, 'Moby Grape', 124, 1, 78, 'https://is2-ssl.mzstatic.com/image/thumb/Music/v4/f6/f9/77/f6f977f7-8700-0c6e-f136-8bc3fdbad70b/source/100x100bb.jpg', 'https://audio-ssl.itunes.apple.com/itunes-assets/AudioPreview115/v4/30/fe/c5/30fec502-0522-896f-d72e-cc4dd8d6bc31/mzaf_11100235280088357792.plus.aac.p.m4a', 'https://music.apple.com/us/album/8-05/266203734?i=266204946&uo=4', '-1', 'USD', 'USA', 'https://i.scdn.co/image/ab67616d0000b273dd68bd72d05daa2b1f258961'),
(125, 'Pearl', 125, 4, 79, 'https://is1-ssl.mzstatic.com/image/thumb/Music124/v4/33/9a/cf/339acfbc-fc5a-96f2-c758-1d8a0eaf1e15/source/100x100bb.jpg', 'https://audio-ssl.itunes.apple.com/itunes-assets/AudioPreview125/v4/0b/57/f4/0b57f4e5-f29d-5ed5-391e-f06218f0a02f/mzaf_17766513720783708681.plus.aac.p.m4a', 'https://music.apple.com/us/album/pearl-instrumental/192712798?i=192713378&uo=4', '16.99', 'USD', 'USA', 'https://i.scdn.co/image/ab67616d0000b2736f8c26346723dd0531696bed'),
(126, 'Catch a Fire', 126, 16, 80, 'https://is3-ssl.mzstatic.com/image/thumb/Music114/v4/b2/26/5a/b2265a2c-8ca0-e1e4-36ab-5755c51b61c3/source/100x100bb.jpg', 'https://audio-ssl.itunes.apple.com/itunes-assets/AudioPreview125/v4/76/8e/b5/768eb55b-2d7f-d007-94a6-bc467c161514/mzaf_10276111486119827020.plus.aac.p.m4a', 'https://music.apple.com/us/album/stir-it-up/1423269033?i=1423269568&uo=4', '9.99', 'USD', 'USA', 'https://i.scdn.co/image/ab67616d0000b27387ef6dae7545173089c68f34'),
(127, 'Younger Than Yesterday', 127, 1, 75, 'https://is2-ssl.mzstatic.com/image/thumb/Music2/v4/f2/11/fa/f211fa73-d9ca-0a96-e9ea-021737be890a/source/100x100bb.jpg', 'https://audio-ssl.itunes.apple.com/itunes-assets/AudioPreview125/v4/f0/a0/36/f0a03691-dd24-4d68-6eec-059acf86cdc6/mzaf_11563263171883594691.plus.aac.p.m4a', 'https://music.apple.com/us/album/my-back-pages/648526404?i=648526718&uo=4', '9.99', 'USD', 'USA', 'https://i.scdn.co/image/ab67616d0000b273bbf32b8829a362793c64afb5'),
(128, 'Raw Power', 128, 16, 81, 'https://is2-ssl.mzstatic.com/image/thumb/Music111/v4/33/75/fa/3375fa9a-6b61-0753-7061-099f361451fe/source/100x100bb.jpg', '', '', '', '', '', 'https://i.scdn.co/image/ab67616d0000b2738bced1064027c32db4b01f6e'),
(129, 'Remain in Light', 129, 28, 82, 'https://is4-ssl.mzstatic.com/image/thumb/Music/v4/f0/02/4e/f0024e9d-6d68-9ab2-9408-47551e109581/source/100x100bb.jpg', '', '', '', '', '', 'https://i.scdn.co/image/ab67616d0000b273e56fa8c916dc6ce419dcf557'),
(130, 'Marquee Moon', 130, 18, 83, 'https://is5-ssl.mzstatic.com/image/thumb/Music115/v4/32/2e/97/322e97c3-6146-5a9f-9e74-191f5a68a06b/source/100x100bb.jpg', '', '', '', '', '', 'https://i.scdn.co/image/ab67616d0000b27318b36d985b0ae01163ca9cf6'),
(131, 'Paranoid', 131, 15, 84, 'https://is2-ssl.mzstatic.com/image/thumb/Music115/v4/79/e5/3d/79e53dbe-f180-780f-a693-91c019899930/source/100x100bb.jpg', '', '', '', '', '', 'https://i.scdn.co/image/ab67616d0000b2739683e5d7361bb80bfb00f46d'),
(132, 'Saturday Night Fever: The Original Movie Sound Track', 132, 18, 76, '', '', '', '', '', '', 'https://i.scdn.co/image/ab67616d0000b273e39f29035ee5c2bf71e9cfb7'),
(133, 'The Wild, the Innocent & the E Street Shuffle', 133, 16, 12, 'https://is4-ssl.mzstatic.com/image/thumb/Music115/v4/42/f0/de/42f0deb4-cdf8-706c-f86d-d69fcb978f9d/source/100x100bb.jpg', '', '', '', '', '', 'https://i.scdn.co/image/ab67616d0000b273d73022dc9141968920b6da3d'),
(134, 'Ready to Die', 134, 37, 85, 'https://is3-ssl.mzstatic.com/image/thumb/Music115/v4/55/1d/b9/551db9fc-5caa-65cb-fd0b-604709acacea/source/100x100bb.jpg', '', '', '', '', '', 'https://i.scdn.co/image/ab67616d0000b273db09958534ac66f9a90d3cf7'),
(135, 'Slanted and Enchanted', 135, 38, 86, 'https://is2-ssl.mzstatic.com/image/thumb/Music115/v4/00/1f/93/001f939d-3e1b-31fc-8124-1c6840ae5ca0/source/100x100bb.jpg', '', '', '', '', '', 'https://i.scdn.co/image/ab67616d0000b273fd31dbca3d0757fcb196d5af'),
(136, 'Greatest Hits', 136, 34, 61, '', '', '', '', '', '', 'https://i.scdn.co/image/ab67616d0000b273995be10a6b380541b2717be8'),
(137, 'Tim', 137, 39, 87, 'https://is1-ssl.mzstatic.com/image/thumb/Music6/v4/e0/6f/d4/e06fd4d9-0b09-f1f1-2712-493af1931b63/source/100x100bb.jpg', '', '', '', '', '', 'https://i.scdn.co/image/ab67616d0000b273b642af238927dd4cf465d8a4'),
(138, 'The Chronic', 138, 38, 88, 'https://is5-ssl.mzstatic.com/image/thumb/Music125/v4/76/df/44/76df4445-9a1a-0c17-60bb-2da8d358996d/source/100x100bb.jpg', '', '', '', '', '', 'https://i.scdn.co/image/ab67616d0000b27393177c6c5e359c6df12be3b2'),
(139, 'Rejuvenation', 139, 34, 89, 'https://is5-ssl.mzstatic.com/image/thumb/Music125/v4/86/76/9e/86769ebf-ae80-2f4e-dc56-923ea3db005a/source/100x100bb.jpg', '', '', '', '', '', 'https://i.scdn.co/image/ab67616d0000b273dc6b1a7c9f5a7049c01926bc'),
(140, 'Parallel Lines', 140, 29, 90, 'https://is4-ssl.mzstatic.com/image/thumb/Music115/v4/6e/4a/19/6e4a1986-dc6e-14f7-92c6-a5a0626320d4/source/100x100bb.jpg', '', '', '', '', '', 'https://i.scdn.co/image/ab67616d0000b2736d23211741238ed227699c9d'),
(141, 'Live at the Regal', 141, 3, 91, 'https://is2-ssl.mzstatic.com/image/thumb/Music128/v4/5d/5a/92/5d5a9272-0c4a-4f88-c744-f3a15656e377/source/100x100bb.jpg', '', '', '', '', '', 'https://i.scdn.co/image/ab67616d0000b273bf373fb956297a3c0aa3a9a0'),
(142, 'A Christmas Gift for You From Phil Spector', 142, 17, 48, 'https://is3-ssl.mzstatic.com/image/thumb/Music115/v4/8c/25/dc/8c25dca1-bb8d-42e5-617f-f0fd810e5257/source/100x100bb.jpg', '', '', '', '', '', 'https://i.scdn.co/image/ab67616d0000b273adad4220d51bd720481d4be4'),
(143, 'Gris-Gris', 143, 7, 92, 'https://is5-ssl.mzstatic.com/image/thumb/Music115/v4/7a/bc/1a/7abc1aae-e115-c6db-521d-ce6400a78834/source/100x100bb.jpg', '', '', '', '', '', 'https://i.scdn.co/image/ab67616d0000b27356f178d032c89d3b18fde52d'),
(144, 'Straight Outta Compton', 144, 22, 93, 'https://is4-ssl.mzstatic.com/image/thumb/Music115/v4/ec/08/1d/ec081de6-9905-07d9-04db-b5ca36e8e86b/source/100x100bb.jpg', '', '', '', '', '', 'https://i.scdn.co/image/ab67616d0000b273c79a70e8167cc1a4fab83781'),
(145, 'Aja', 145, 18, 94, 'https://is2-ssl.mzstatic.com/image/thumb/Music115/v4/bb/12/83/bb1283d5-b501-6c63-163f-37375c33eeef/source/100x100bb.jpg', 'https://audio-ssl.itunes.apple.com/itunes-assets/AudioPreview115/v4/f0/c4/91/f0c4916f-d06f-a41d-f16a-69958fc77f6c/mzaf_16076047859457050977.plus.aac.p.m4a', 'https://music.apple.com/us/album/aja/1440938356?i=1440938569&uo=4', '6.99', 'USD', 'USA', 'https://i.scdn.co/image/ab67616d0000b273e5dd0952c693529017743e39'),
(146, 'Surrealistic Pillow', 146, 1, 95, 'https://is2-ssl.mzstatic.com/image/thumb/Music125/v4/8c/e1/27/8ce1273e-1b32-577a-b25b-44b53cae16dd/source/100x100bb.jpg', 'https://audio-ssl.itunes.apple.com/itunes-assets/AudioPreview125/v4/9a/bc/2e/9abc2e84-53d1-0858-86f5-dfcc6aca279d/mzaf_1465040598457635962.plus.aac.p.m4a', 'https://music.apple.com/us/album/white-rabbit/281811707?i=281811771&uo=4', '9.99', 'USD', 'USA', 'https://i.scdn.co/image/ab67616d0000b2732dac7a01676ddb36c1d0ec05'),
(147, 'Deja vu', 147, 15, 96, 'https://is1-ssl.mzstatic.com/image/thumb/Music125/v4/30/f3/d6/30f3d631-0066-546c-c3ce-51af4bc5840d/source/100x100bb.jpg', 'https://audio-ssl.itunes.apple.com/itunes-assets/AudioPreview115/v4/18/cc/36/18cc3651-0fe0-e4bf-a753-41e53aad725c/mzaf_4612216853794343999.plus.aac.p.m4a', 'https://music.apple.com/us/album/country-girl-a-whiskey-boot-hill-b-down-down-down-c/321974224?i=321974265&uo=4', '9.99', 'USD', 'USA', 'https://i.scdn.co/image/ab67616d0000b2733039b37473adcbcbf0c5a5b5'),
(148, 'Houses of the Holy', 148, 16, 23, 'https://is1-ssl.mzstatic.com/image/thumb/Music62/v4/14/bc/e7/14bce756-cb44-d4b3-ffee-762d25d1ab88/source/100x100bb.jpg', 'https://audio-ssl.itunes.apple.com/itunes-assets/AudioPreview115/v4/f0/12/e0/f012e0ae-f683-ceec-dd84-4011a5e76950/mzaf_11848693418914756867.plus.aac.p.m4a', 'https://music.apple.com/us/album/houses-of-the-holy/1052497413?i=1052497463&uo=4', '14.99', 'USD', 'USA', 'https://i.scdn.co/image/ab67616d0000b2731aa47e71c4edfeaddb65cd54'),
(149, 'Santana', 149, 10, 97, 'https://is3-ssl.mzstatic.com/image/thumb/Music124/v4/43/2a/56/432a5663-3d48-aa71-84ef-7d66a698e841/source/100x100bb.jpg', 'https://audio-ssl.itunes.apple.com/itunes-assets/AudioPreview115/v4/25/2c/c2/252cc200-d49c-7fa4-4d54-e018783cb86b/mzaf_1380253480229052276.plus.aac.p.m4a', 'https://music.apple.com/us/album/into-the-night-feat-chad-kroeger/695394122?i=695394509&uo=4', '-1', 'USD', 'USA', 'https://i.scdn.co/image/ab67616d0000b2735ffffefb4343759b63f72598'),
(150, 'Darkness on the Edge of Town', 150, 29, 12, 'https://is5-ssl.mzstatic.com/image/thumb/Music124/v4/bb/3e/a4/bb3ea419-104f-0f94-9860-75c4b7fcce3b/source/100x100bb.jpg', 'https://audio-ssl.itunes.apple.com/itunes-assets/AudioPreview115/v4/48/7c/ae/487caea8-dcf8-a1a0-0550-6623c46e4fa5/mzaf_7180152401670576082.plus.aac.p.m4a', 'https://music.apple.com/us/album/darkness-on-the-edge-of-town/400713977?i=400714226&uo=4', '8.99', 'USD', 'USA', 'https://i.scdn.co/image/ab67616d0000b273e2bb936c55fb54b0b9fdc666'),
(151, 'Funeral', 151, 40, 98, 'https://is4-ssl.mzstatic.com/image/thumb/Music125/v4/73/59/a6/7359a6e5-0e54-ca81-8367-cd055ff75c5a/source/100x100bb.jpg', 'https://audio-ssl.itunes.apple.com/itunes-assets/AudioPreview125/v4/48/06/30/4806304b-864b-2245-3132-2a7afb024cda/mzaf_3214310670253708667.plus.aac.p.m4a', 'https://music.apple.com/us/album/wake-up/1249417623?i=1249418625&uo=4', '9.99', 'USD', 'USA', 'https://i.scdn.co/image/ab67616d0000b2737870762a58313ad6f981d664'),
(152, 'The B 52\'s / Play Loud', 152, 6, 99, '', '', '', '', '', '', 'https://i.scdn.co/image/ab67616d0000b2732e96cb71a1f6f08979ecdb80'),
(153, 'The Low End Theory', 153, 12, 100, 'https://is4-ssl.mzstatic.com/image/thumb/Music125/v4/cc/54/91/cc5491c9-5c27-83a0-b409-383a4a9b9249/source/100x100bb.jpg', 'https://audio-ssl.itunes.apple.com/itunes-assets/AudioPreview125/v4/02/65/22/026522a3-6111-6dc1-6558-c367e2425dcc/mzaf_7738243860536407271.plus.aac.p.m4a', 'https://music.apple.com/us/album/jazz-weve-got/278911460?i=278911475&uo=4', '9.99', 'USD', 'USA', 'https://i.scdn.co/image/ab67616d0000b273f38c6b37a21334e22005b1f7'),
(154, 'Moanin\' in the Moonlight', 154, 41, 101, 'https://is2-ssl.mzstatic.com/image/thumb/Music125/v4/41/47/e2/4147e241-a67d-6f9f-c0a7-25e5c924e401/source/100x100bb.jpg', 'https://audio-ssl.itunes.apple.com/itunes-assets/AudioPreview115/v4/7d/ce/59/7dce59b6-5ec9-d9b9-8b83-d563e98fe656/mzaf_15099953794438895092.plus.aac.p.m4a', 'https://music.apple.com/us/album/smokestack-lightnin/1425203542?i=1425203551&uo=4', '9.99', 'USD', 'USA', 'https://i.scdn.co/image/ab67616d0000b2736181b1ed45a906d5b2c89af3'),
(155, 'Pretenders', 155, 28, 102, 'https://is1-ssl.mzstatic.com/image/thumb/Music124/v4/7c/2a/47/7c2a4750-fe2b-1ee8-1345-9ad4033960c5/source/100x100bb.jpg', 'https://audio-ssl.itunes.apple.com/itunes-assets/AudioPreview115/v4/62/ec/37/62ec37fb-2f0a-65b1-7ecd-23e3f08aaa6d/mzaf_15747004700504535523.plus.aac.p.m4a', 'https://music.apple.com/us/album/brass-in-pocket/197210446?i=197211499&uo=4', '13.99', 'USD', 'USA', 'https://i.scdn.co/image/ab67616d0000b273845ac9df560e0c4690a86239'),
(156, 'Paul\'s Boutique', 156, 42, 103, 'https://is2-ssl.mzstatic.com/image/thumb/Music123/v4/57/8f/a7/578fa75d-7252-ef43-5023-523dc53696e6/source/100x100bb.jpg', 'https://audio-ssl.itunes.apple.com/itunes-assets/AudioPreview125/v4/0c/d2/4c/0cd24c9d-a53c-7d55-4ada-c12936ce35a3/mzaf_10363535219612258286.plus.aac.p.m4a', 'https://music.apple.com/us/album/hey-ladies/723654366?i=723654634&uo=4', '9.99', 'USD', 'USA', 'https://i.scdn.co/image/ab67616d0000b2732288f4cd4bf3a8764624a0d2'),
(157, 'Closer', 157, 28, 104, '', '', '', '', '', '', 'https://i.scdn.co/image/ab67616d0000b27321590ea36e6264a1917d02eb'),
(158, 'Captain Fantastic and the Brown Dirt Cowboy', 158, 11, 61, 'https://is4-ssl.mzstatic.com/image/thumb/Music125/v4/89/21/1a/89211a67-3447-612f-34a2-b9d37a92de37/source/100x100bb.jpg', 'https://audio-ssl.itunes.apple.com/itunes-assets/AudioPreview115/v4/9d/ad/61/9dad61f4-b065-f379-b3ed-0a14f4dd41b2/mzaf_5140465479628658094.plus.aac.p.m4a', 'https://music.apple.com/us/album/captain-fantastic-and-the-brown-dirt-cowboy/1440810893?i=1440810897&uo=4', '9.99', 'USD', 'USA', 'https://i.scdn.co/image/ab67616d0000b273c5e7f836740ccdcc19960b73'),
(159, 'Alive!', 159, 11, 105, '', '', '', '', '', '', 'https://i.scdn.co/image/ab67616d0000b2732759d92cd83b0379da9d8d2f'),
(160, 'Electric Warrior', 160, 4, 106, 'https://is2-ssl.mzstatic.com/image/thumb/Music115/v4/1b/dd/53/1bdd53b1-93b8-a4a8-fe53-24467d56949b/source/100x100bb.jpg', 'https://audio-ssl.itunes.apple.com/itunes-assets/AudioPreview115/v4/06/19/99/06199975-1252-7d80-2f18-2cf017ca2c00/mzaf_17520573157282855275.plus.aac.p.m4a', 'https://music.apple.com/us/album/bang-a-gong-get-it-on/5133011?i=5133001&uo=4', '11.99', 'USD', 'USA', 'https://i.scdn.co/image/ab67616d0000b27361a23657edb5d80fa18a630d'),
(161, 'The Dock of the Bay', 161, 7, 56, 'https://is3-ssl.mzstatic.com/image/thumb/Music114/v4/5f/32/2a/5f322aaa-a12c-9de3-6288-8c3f913b6510/source/100x100bb.jpg', 'https://audio-ssl.itunes.apple.com/itunes-assets/AudioPreview125/v4/a8/ca/ca/a8cacac2-7080-8b76-2a93-a057405717ef/mzaf_1105612961322240560.plus.aac.p.m4a', 'https://music.apple.com/us/album/sittin-on-the-dock-of-the-bay/995809797?i=995809798&uo=4', '9.99', 'USD', 'USA', 'https://i.scdn.co/image/ab67616d0000b27313a5da9563c438059afa7ad4'),
(162, 'OK Computer', 162, 43, 49, 'https://is3-ssl.mzstatic.com/image/thumb/Music114/v4/44/9a/48/449a4859-3cdc-d23f-1173-5a6f3f6becbf/source/100x100bb.jpg', 'https://audio-ssl.itunes.apple.com/itunes-assets/AudioPreview125/v4/95/d7/8b/95d78bf8-aa46-9d40-ce93-0652918bc68f/mzaf_12066288776609103708.plus.aac.p.m4a', 'https://music.apple.com/us/album/karma-police/1097861387?i=1097861836&uo=4', '9.99', 'USD', 'USA', 'https://i.scdn.co/image/ab67616d0000b273c8b444df094279e70d0ed856'),
(163, '1999', 163, 13, 63, 'https://is2-ssl.mzstatic.com/image/thumb/Music124/v4/50/c7/01/50c70161-4fc9-15a8-cd23-bf1b1fd65ab8/source/100x100bb.jpg', 'https://audio-ssl.itunes.apple.com/itunes-assets/AudioPreview125/v4/1a/ab/3a/1aab3ab1-ef79-599a-1961-ab711772d2f8/mzaf_8053810746502222611.plus.aac.p.m4a', 'https://music.apple.com/us/album/1999/1544173941?i=1544173942&uo=4', '9.99', 'USD', 'USA', 'https://i.scdn.co/image/ab67616d0000b2734117e531f63855d072059d6e'),
(164, 'The Very Best of Linda Ronstadt', 164, 44, 107, 'https://is1-ssl.mzstatic.com/image/thumb/Music123/v4/2a/d8/4b/2ad84b87-eb77-344e-fb69-745c6b508fe2/source/100x100bb.jpg', 'https://audio-ssl.itunes.apple.com/itunes-assets/AudioPreview115/v4/38/bf/b5/38bfb54d-650b-9588-4122-c86a4cd0e0a7/mzaf_1335893594705998237.plus.aac.p.m4a', 'https://music.apple.com/us/album/long-long-time-remastered/1458054754?i=1458054991&uo=4', '19.99', 'USD', 'USA', 'https://i.scdn.co/image/ab67616d0000b2735ddc4f0a693c841362fd9a00'),
(165, 'Let\'s Get It On', 165, 16, 4, 'https://is4-ssl.mzstatic.com/image/thumb/Music114/v4/66/a8/c1/66a8c1b6-b09f-7c3c-37b1-20f0439b4cf0/source/100x100bb.jpg', 'https://audio-ssl.itunes.apple.com/itunes-assets/AudioPreview115/v4/79/49/82/79498243-c1c4-3264-4766-a0452cd4f893/mzaf_7239844280297565211.plus.aac.p.m4a', 'https://music.apple.com/us/album/lets-get-it-on-live/1442948444?i=1442948456&uo=4', '9.99', 'USD', 'USA', 'https://i.scdn.co/image/ab67616d0000b27321ac9e410c539b7508bcd3cb'),
(166, 'Imperial Bedroom', 166, 13, 108, 'https://is3-ssl.mzstatic.com/image/thumb/Music128/v4/ff/98/2c/ff982c12-fee9-fc44-689a-c95d7259e348/source/100x100bb.jpg', 'https://audio-ssl.itunes.apple.com/itunes-assets/AudioPreview125/v4/92/71/b8/9271b82c-39a0-5724-eba4-8d06c25adf47/mzaf_6091681444727419206.plus.aac.p.m4a', 'https://music.apple.com/us/album/imperial-bedroom/1443494366?i=1443495901&uo=4', '11.99', 'USD', 'USA', 'https://i.scdn.co/image/ab67616d0000b2735041db1a78fe8ed49d917f70'),
(167, 'Master of Puppets', 167, 27, 109, 'https://is3-ssl.mzstatic.com/image/thumb/Music124/v4/dc/c9/30/dcc93088-bda8-63eb-e9f3-f21886a3ba3a/source/100x100bb.jpg', 'https://audio-ssl.itunes.apple.com/itunes-assets/AudioPreview125/v4/1b/af/3a/1baf3a7e-bd35-76ef-bf67-e20673aa5b6e/mzaf_14613454316265054365.plus.aac.p.m4a', 'https://music.apple.com/us/album/master-of-puppets-live-with-the-sfso/579377398?i=579377471&uo=4', '14.99', 'USD', 'USA', 'https://i.scdn.co/image/ab67616d0000b273668e3aca3167e6e569a9aa20'),
(168, 'My Aim Is True', 168, 18, 65, 'https://is1-ssl.mzstatic.com/image/thumb/Music115/v4/bb/dd/63/bbdd632e-1213-9d65-16fd-8fe86d7bb8fa/source/100x100bb.jpg', 'https://audio-ssl.itunes.apple.com/itunes-assets/AudioPreview125/v4/e2/09/1c/e2091cb1-df60-c782-6b63-1bdd8601d04a/mzaf_5366069654632635520.plus.aac.p.m4a', 'https://music.apple.com/us/album/alison/1440840988?i=1440841151&uo=4', '9.99', 'USD', 'USA', 'https://i.scdn.co/image/ab67616d0000b273008a93d976cfd5a76ba06b9b'),
(169, 'Exodus', 169, 18, 36, 'https://is1-ssl.mzstatic.com/image/thumb/Music123/v4/63/96/ef/6396ef3c-b058-e999-96a9-e4ee7f03ddb2/source/100x100bb.jpg', 'https://audio-ssl.itunes.apple.com/itunes-assets/AudioPreview115/v4/5d/98/f2/5d98f224-33cc-de88-fb99-18b8387105de/mzaf_18244698120740617459.plus.aac.p.m4a', 'https://music.apple.com/us/album/exodus/1496696597?i=1496696709&uo=4', '14.99', 'USD', 'USA', 'https://i.scdn.co/image/ab67616d0000b273420b2459f35e0fc98bcab288'),
(170, 'Live at Leeds', 170, 15, 22, 'https://is5-ssl.mzstatic.com/image/thumb/Music118/v4/5e/5a/65/5e5a65dd-b9e3-91b7-df17-e9b6908d4c47/source/100x100bb.jpg', 'https://audio-ssl.itunes.apple.com/itunes-assets/AudioPreview125/v4/8f/51/27/8f5127e8-8828-82ee-2b54-c1d112d7b3b4/mzaf_1409812098059803530.plus.aac.p.m4a', 'https://music.apple.com/us/album/summertime-blues-live-at-leeds-1970/1440859591?i=1440861532&uo=4', '17.99', 'USD', 'USA', 'https://i.scdn.co/image/ab67616d0000b273692c12f604e384578a70272f'),
(171, 'The Notorious Byrd Brothers', 171, 7, 75, 'https://is1-ssl.mzstatic.com/image/thumb/Music/v4/7b/9b/a4/7b9ba4c7-7e13-d4fd-b75c-9f8739187e34/source/100x100bb.jpg', 'https://audio-ssl.itunes.apple.com/itunes-assets/AudioPreview115/v4/d4/d7/14/d4d71403-f8da-6d6b-7c81-15bf3234f3a1/mzaf_1506979390079645786.plus.aac.p.m4a', 'https://music.apple.com/us/album/wasnt-born-to-follow/257558067?i=257558172&uo=4', '9.99', 'USD', 'USA', 'https://i.scdn.co/image/ab67616d0000b2733031db0d7e0e45cd40b0e07c'),
(172, 'Every Picture Tells a Story', 172, 4, 110, 'https://is1-ssl.mzstatic.com/image/thumb/Music125/v4/aa/d0/06/aad0063a-e01e-9245-8398-5072902a7a1c/source/100x100bb.jpg', 'https://audio-ssl.itunes.apple.com/itunes-assets/AudioPreview125/v4/12/91/4f/12914f59-2c8b-dde8-1ab5-59aacc19beee/mzaf_5743670953203269751.plus.aac.p.m4a', 'https://music.apple.com/us/album/every-picture-tells-a-story-live/306302905?i=306303006&uo=4', '11.99', 'USD', 'USA', 'https://i.scdn.co/image/ab67616d0000b273f20825485137abccd82b9665'),
(173, 'Something/Anything?', 173, 5, 111, 'https://is5-ssl.mzstatic.com/image/thumb/Music124/v4/31/06/d7/3106d72e-1fec-bcbc-aae9-411ee9125479/source/100x100bb.jpg', 'https://audio-ssl.itunes.apple.com/itunes-assets/AudioPreview125/v4/80/9b/df/809bdf0f-9185-4fa1-2771-1b37ba772bac/mzaf_12020885280808097345.plus.aac.p.m4a', 'https://music.apple.com/us/album/it-wouldnt-have-made-any-difference/1084074389?i=1084074839&uo=4', '13.99', 'USD', 'USA', 'https://i.scdn.co/image/ab67616d0000b273572add334f45441a292ed9fb'),
(174, 'Desire', 174, 8, 3, 'https://is2-ssl.mzstatic.com/image/thumb/Music115/v4/0e/6d/fc/0e6dfc53-386a-bb21-1998-5d157ca87d56/source/100x100bb.jpg', 'https://audio-ssl.itunes.apple.com/itunes-assets/AudioPreview115/v4/5f/bb/b7/5fbbb713-3d76-9ed0-a4b6-54d8b595477c/mzaf_825311710166082743.plus.aac.p.m4a', 'https://music.apple.com/us/album/hurricane/181455682?i=181455683&uo=4', '7.99', 'USD', 'USA', 'https://i.scdn.co/image/ab67616d0000b2738e1a23e42f68260b7b274e09'),
(175, 'Close to You', 175, 15, 112, 'https://is5-ssl.mzstatic.com/image/thumb/Music116/v4/51/7c/df/517cdff9-e8ed-5a9e-03f3-6ac8f385f582/source/100x100bb.jpg', 'https://audio-ssl.itunes.apple.com/itunes-assets/AudioPreview115/v4/43/41/77/4341772c-fb7e-c012-1530-71d10da47b3b/mzaf_13585034345177918240.plus.aac.p.m4a', 'https://music.apple.com/us/album/they-long-to-be-close-to-you/1423766994?i=1423767002&uo=4', '9.99', 'USD', 'USA', 'https://i.scdn.co/image/ab67616d0000b273f33f1738a2764489750e3535'),
(176, 'Rocks', 176, 8, 113, 'https://is4-ssl.mzstatic.com/image/thumb/Music114/v4/4c/a2/00/4ca2008d-fafd-9afe-55f0-2b8013dde868/source/100x100bb.jpg', 'https://audio-ssl.itunes.apple.com/itunes-assets/AudioPreview125/v4/2b/52/d7/2b52d781-fc51-77df-820a-1a5f891042aa/mzaf_12950296630224499714.plus.aac.p.m4a', 'https://music.apple.com/us/album/back-in-the-saddle/206768302?i=206768305&uo=4', '8.99', 'USD', 'USA', 'https://i.scdn.co/image/ab67616d0000b27387d4e1a562b395b647ff8c6a'),
(177, 'One Nation Under a Groove', 177, 29, 114, 'https://is1-ssl.mzstatic.com/image/thumb/Music124/v4/30/e4/9e/30e49e44-1b92-b0cc-da6e-db6d16054cc9/source/100x100bb.jpg', 'https://audio-ssl.itunes.apple.com/itunes-assets/AudioPreview125/v4/e2/fc/39/e2fc3996-7ba4-5273-c605-b55da5bef537/mzaf_16775450724798830163.plus.aac.p.m4a', 'https://music.apple.com/us/album/one-nation-under-a-groove/267204797?i=267205940&uo=4', '9.99', 'USD', 'USA', 'https://i.scdn.co/image/ab67616d0000b2730e150a716ab6957fcedf64e5'),
(178, 'The Anthology: 1961-1977', 178, 38, 115, '', '', '', '', '', '', 'https://i.scdn.co/image/ab67616d0000b2737baf8315e0ced25a4e474086'),
(179, 'The Definitive Collection', 179, 20, 116, '', '', '', '', '', '', 'https://i.scdn.co/image/ab67616d0000b273d4580e1330dad0bd46f2457f'),
(180, 'The Rolling Stones, Now!', 180, 3, 5, 'https://is1-ssl.mzstatic.com/image/thumb/Music114/v4/ab/c5/94/abc59480-0ef4-f8af-3006-98f6d52d21b3/source/100x100bb.jpg', 'https://audio-ssl.itunes.apple.com/itunes-assets/AudioPreview125/v4/a6/ae/b5/a6aeb57f-fb5f-e835-b3fc-648f68af21fc/mzaf_14755873634146756428.plus.aac.p.m4a', 'https://music.apple.com/us/album/little-red-rooster/1440757892?i=1440758714&uo=4', '8.99', 'USD', 'USA', 'https://i.scdn.co/image/ab67616d0000b273a1329e09980b4bb58943844b'),
(181, 'Natty Dread', 181, 34, 36, 'https://is5-ssl.mzstatic.com/image/thumb/Music115/v4/5d/78/c6/5d78c607-91b7-8737-8e28-aad3642bae1e/source/100x100bb.jpg', 'https://audio-ssl.itunes.apple.com/itunes-assets/AudioPreview115/v4/e3/1b/15/e31b1551-66b5-2adf-a225-f35fc305cf02/mzaf_7863179706734942001.plus.aac.p.m4a', 'https://music.apple.com/us/album/natty-dread/1440861483?i=1440861536&uo=4', '7.99', 'USD', 'USA', 'https://i.scdn.co/image/ab67616d0000b273b5a0ee94e2741374ce5c71a2'),
(182, 'Fleetwood Mac', 182, 11, 20, 'https://is5-ssl.mzstatic.com/image/thumb/Music3/v4/e2/8f/e1/e28fe1ac-5e18-dcb0-6509-f7eb71c82b98/source/100x100bb.jpg', 'https://audio-ssl.itunes.apple.com/itunes-assets/AudioPreview125/v4/f8/cb/7c/f8cb7cce-e132-3d93-0b5a-8665668d8482/mzaf_2431274571788725376.plus.aac.p.m4a', 'https://music.apple.com/us/album/landslide/912323292?i=912323300&uo=4', '10.99', 'USD', 'USA', 'https://i.scdn.co/image/ab67616d0000b2734fb043195e8d07e72edc7226'),
(183, 'Red Headed Stranger', 183, 11, 117, 'https://is2-ssl.mzstatic.com/image/thumb/Music49/v4/d1/0b/bf/d10bbfd4-47e6-3d8d-edc8-ae6cb57b04e3/source/100x100bb.jpg', 'https://audio-ssl.itunes.apple.com/itunes-assets/AudioPreview126/v4/ea/09/0d/ea090d49-59de-22c1-c875-abadd9289926/mzaf_15384627082978166468.plus.aac.p.m4a', 'https://music.apple.com/us/album/red-headed-stranger/404365971?i=404365980&uo=4', '9.99', 'USD', 'USA', 'https://i.scdn.co/image/ab67616d0000b2730e5489389aa853f454a4b1e8'),
(184, 'The Immaculate Collection', 184, 14, 118, 'https://is4-ssl.mzstatic.com/image/thumb/Music114/v4/24/2a/94/242a9475-33ac-367a-f063-6785460e218f/source/100x100bb.jpg', 'https://audio-ssl.itunes.apple.com/itunes-assets/AudioPreview115/v4/a7/d9/91/a7d991dd-3b22-bcf3-6eca-c64703a02d02/mzaf_13377802021014845255.plus.aac.p.m4a', 'https://music.apple.com/us/album/crazy-for-you-edit-version/80812428?i=80812063&uo=4', '12.99', 'USD', 'USA', 'https://i.scdn.co/image/ab67616d0000b273a89b9d4d5b48d600a8efa036'),
(185, 'The Stooges', 185, 10, 119, 'https://is1-ssl.mzstatic.com/image/thumb/Music124/v4/c1/86/29/c186297b-298e-8e6b-f884-8fdf0edfc254/source/100x100bb.jpg', 'https://audio-ssl.itunes.apple.com/itunes-assets/AudioPreview115/v4/b9/64/27/b9642722-15c4-5a2e-e511-55b4b37f5723/mzaf_6628697609517052648.plus.aac.p.m4a', 'https://music.apple.com/us/album/i-wanna-be-your-dog/89319049?i=89317205&uo=4', '11.99', 'USD', 'USA', 'https://i.scdn.co/image/ab67616d0000b273002d4aa00a80e1be587cef7e'),
(186, 'Fresh', 186, 16, 46, 'https://is4-ssl.mzstatic.com/image/thumb/Music115/v4/da/0c/c9/da0cc940-6440-b0bf-e332-72c364dc19d4/source/100x100bb.jpg', 'https://audio-ssl.itunes.apple.com/itunes-assets/AudioPreview115/v4/8c/60/5e/8c605e21-b8af-5871-5fa0-f8b4f807d764/mzaf_3126873863002894582.plus.aac.p.m4a', 'https://music.apple.com/us/album/if-you-want-me-to-stay/216546627?i=216546781&uo=4', '9.99', 'USD', 'USA', 'https://i.scdn.co/image/ab67616d0000b2730b1804895a3ce499c4212bca'),
(187, 'So', 187, 27, 120, 'https://is5-ssl.mzstatic.com/image/thumb/Music125/v4/fe/8c/bf/fe8cbf98-a092-b505-1cec-a4d17f2dc9e2/source/100x100bb.jpg', 'https://audio-ssl.itunes.apple.com/itunes-assets/AudioPreview125/v4/72/5d/1e/725d1e86-5984-370c-2c77-69441563d5ba/mzaf_15155768550883280506.plus.aac.p.m4a', 'https://music.apple.com/us/album/in-your-eyes/986800858?i=986800927&uo=4', '9.99', 'USD', 'USA', 'https://i.scdn.co/image/ab67616d0000b27311bb04f55be562c76d8e8ecf'),
(188, 'Buffalo Springfield Again', 188, 1, 121, 'https://is1-ssl.mzstatic.com/image/thumb/Music/v4/2e/30/98/2e3098ba-fefd-16c6-e5d5-fec11723b2f1/source/100x100bb.jpg', 'https://audio-ssl.itunes.apple.com/itunes-assets/AudioPreview115/v4/22/9e/6b/229e6ba2-5d03-9ad1-1940-c7006d3d5df2/mzaf_15280655122292058088.plus.aac.p.m4a', 'https://music.apple.com/us/album/mr-soul/384584309?i=384584312&uo=4', '9.99', 'USD', 'USA', 'https://i.scdn.co/image/ab67616d0000b27308332e0b0aba8467f891d76f'),
(189, 'Happy Trails', 189, 10, 122, 'https://is5-ssl.mzstatic.com/image/thumb/Music114/v4/fb/ee/2b/fbee2b3b-0966-34c8-e856-16db567eee1d/source/100x100bb.jpg', 'https://audio-ssl.itunes.apple.com/itunes-assets/AudioPreview125/v4/9e/44/44/9e4444a8-797b-ad34-394c-f394b491173c/mzaf_11837433726826066429.plus.aac.p.m4a', 'https://music.apple.com/us/album/happy-trails/1452645811?i=1452646498&uo=4', '9.99', 'USD', 'USA', 'https://i.scdn.co/image/ab67616d0000b273280865bd4718193d3913acbf'),
(190, 'From Elvis in Memphis', 190, 10, 7, 'https://is5-ssl.mzstatic.com/image/thumb/Music124/v4/c1/06/52/c1065212-de19-3c33-2dfb-9ee7c7756026/source/100x100bb.jpg', 'https://audio-ssl.itunes.apple.com/itunes-assets/AudioPreview126/v4/0c/1e/c0/0c1ec097-08e2-76a8-7098-8849f4efc8ea/mzaf_6995533837935000669.plus.aac.p.m4a', 'https://music.apple.com/us/album/any-day-now/1138094621?i=1138095024&uo=4', '9.99', 'USD', 'USA', 'https://i.scdn.co/image/ab67616d0000b273fdc0aa7765f3197ac9179ec7'),
(191, 'Fun House', 191, 15, 119, 'https://is4-ssl.mzstatic.com/image/thumb/Music114/v4/06/41/c2/0641c252-cb31-12a8-94b5-69fd01a82ca6/source/100x100bb.jpg', 'https://audio-ssl.itunes.apple.com/itunes-assets/AudioPreview125/v4/2d/4c/dc/2d4cdc1d-4f55-f993-a94c-0cbd5c296e1a/mzaf_6533941543454372967.plus.aac.p.m4a', 'https://music.apple.com/us/album/fun-house/82455375?i=82454890&uo=4', '11.99', 'USD', 'USA', 'https://i.scdn.co/image/ab67616d0000b27313aa419336db598eb2674b1a'),
(192, 'The Gilded Palace of Sin', 192, 10, 123, 'https://is5-ssl.mzstatic.com/image/thumb/Music115/v4/d2/01/8e/d2018e73-b8f2-5b37-f8ae-fd6f540679ea/source/100x100bb.jpg', 'https://audio-ssl.itunes.apple.com/itunes-assets/AudioPreview125/v4/7a/52/24/7a522454-3dff-7e1a-03f4-15f2f39f36b6/mzaf_18190655164148555398.plus.aac.p.m4a', 'https://music.apple.com/us/album/hot-burrito-1/1440876015?i=1440876960&uo=4', '7.99', 'USD', 'USA', 'https://i.scdn.co/image/ab67616d0000b27353ba02e4c3b1b6a297002afa'),
(193, 'Dookie', 193, 37, 124, 'https://is2-ssl.mzstatic.com/image/thumb/Music125/v4/3a/3c/20/3a3c207c-67f8-b624-8d93-3277880d717b/source/100x100bb.jpg', 'https://audio-ssl.itunes.apple.com/itunes-assets/AudioPreview115/v4/97/2f/60/972f60fa-5a2b-3fd3-d00a-c1b0fb815a60/mzaf_10343370619965522858.plus.aac.p.m4a', 'https://music.apple.com/us/album/basket-case/1160081985?i=1160082180&uo=4', '9.99', 'USD', 'USA', 'https://i.scdn.co/image/ab67616d0000b273db89b08034de626ebee6823d'),
(194, 'Transformer', 194, 5, 125, 'https://is4-ssl.mzstatic.com/image/thumb/Music125/v4/27/b6/e6/27b6e6f0-b996-7d35-04a3-8a7662861812/source/100x100bb.jpg', 'https://audio-ssl.itunes.apple.com/itunes-assets/AudioPreview115/v4/ff/2a/3f/ff2a3fef-526f-c4a1-87a7-d183b88de527/mzaf_12169782340914697842.plus.aac.p.m4a', 'https://music.apple.com/us/album/walk-on-the-wild-side/976826793?i=976827230&uo=4', '8.99', 'USD', 'USA', 'https://i.scdn.co/image/ab67616d0000b273d55149748dca0e5a1f40778e'),
(195, 'Blues Breakers With Eric Clapton (\"The Beano Album\")', 195, 2, 126, '', '', '', '', '', '', 'https://i.scdn.co/image/ab67616d0000b2734f60d2ae465344eacf531680'),
(196, 'Nuggets: Original Artyfacts From the First Psychedelic Era, 1965-1968', 196, 45, 76, '', '', '', '', '', '', 'https://i.scdn.co/image/ab67706c0000bebb5a3710b1ad75d569e6d17990'),
(197, 'Murmur', 197, 46, 127, 'https://is3-ssl.mzstatic.com/image/thumb/Music124/v4/2b/19/49/2b194948-fa46-931a-4e75-99ab521196cd/source/100x100bb.jpg', 'https://audio-ssl.itunes.apple.com/itunes-assets/AudioPreview125/v4/a4/cc/c9/a4ccc9d2-8b26-ec7c-0f57-0cf04484ae1e/mzaf_16646429148947895757.plus.aac.p.m4a', 'https://music.apple.com/us/album/radio-free-europe/1440872981?i=1440872983&uo=4', '12.99', 'USD', 'USA', 'https://i.scdn.co/image/ab67616d0000b273b4934d60e64f53f5ebce044f'),
(198, 'The Best of Little Walter', 198, 1, 128, 'https://is2-ssl.mzstatic.com/image/thumb/Music115/v4/b6/81/82/b68182d0-e9f8-fe2c-7091-a3336e6f6383/source/100x100bb.jpg', 'https://audio-ssl.itunes.apple.com/itunes-assets/AudioPreview125/v4/d7/2b/8a/d72b8a4f-8e01-9f47-28ce-fc783d6b6289/mzaf_3271428613244961598.plus.aac.p.m4a', 'https://music.apple.com/us/album/my-babe/1423326220?i=1423326724&uo=4', '9.99', 'USD', 'USA', 'https://i.scdn.co/image/ab67616d0000b273a7c7f94cfccd5ab6de233916'),
(199, 'Is This It', 199, 20, 129, 'https://is4-ssl.mzstatic.com/image/thumb/Music115/v4/1d/87/74/1d877440-5b3a-f213-8e29-32ed8a12a811/source/100x100bb.jpg', 'https://audio-ssl.itunes.apple.com/itunes-assets/AudioPreview115/v4/ca/5e/ef/ca5eef9d-ac81-4097-89d4-8e35f0bac2ac/mzaf_4249669243958107881.plus.aac.p.m4a', 'https://music.apple.com/us/album/is-this-it/266376953?i=266376961&uo=4', '9.99', 'USD', 'USA', 'https://i.scdn.co/image/ab67616d0000b273a388a3f20d1bf2123249cc79'),
(200, 'Highway to Hell', 200, 6, 55, 'https://is1-ssl.mzstatic.com/image/thumb/Music115/v4/55/83/41/5583416c-dc96-b68c-567f-3b8235dfca7d/source/100x100bb.jpg', 'https://audio-ssl.itunes.apple.com/itunes-assets/AudioPreview125/v4/cb/f4/3f/cbf43f47-747d-bcc2-19cf-6bf2c523f5d8/mzaf_9504019990576453182.plus.aac.p.m4a', 'https://music.apple.com/us/album/highway-to-hell/574043989?i=574044008&uo=4', '9.99', 'USD', 'USA', 'https://i.scdn.co/image/ab67616d0000b27351c02a77d09dfcd53c8676d0'),
(201, 'The Downward Spiral', 201, 37, 130, 'https://is4-ssl.mzstatic.com/image/thumb/Music115/v4/a8/bf/f5/a8bff58b-cd79-0d04-6f84-d6b0e3e394f4/source/100x100bb.jpg', 'https://audio-ssl.itunes.apple.com/itunes-assets/AudioPreview115/v4/19/9a/2b/199a2bb7-1d35-189a-512e-44848f61ae67/mzaf_14808115663114132754.plus.aac.p.m4a', 'https://music.apple.com/us/album/the-downward-spiral/1418210351?i=1418211250&uo=4', '15.99', 'USD', 'USA', 'https://i.scdn.co/image/ab67616d0000b2734078c255069c0e7a2553fa4a'),
(202, 'Parsley, Sage, Rosemary and Thyme', 202, 2, 41, 'https://is5-ssl.mzstatic.com/image/thumb/Music113/v4/25/7c/f9/257cf9d5-ed2b-16dc-e945-b01fce11f73b/source/100x100bb.jpg', 'https://audio-ssl.itunes.apple.com/itunes-assets/AudioPreview125/v4/ee/57/ac/ee57aca0-a8aa-7508-5706-ce49d0a2c9c7/mzaf_882959032886369336.plus.aac.p.m4a', 'https://music.apple.com/us/album/scarborough-fair-canticle-extended-version/1463652542?i=1463652898&uo=4', '9.99', 'USD', 'USA', 'https://i.scdn.co/image/ab67616d0000b273fb107b5a07df183f1836d9cb'),
(203, 'Bad', 203, 19, 14, 'https://is4-ssl.mzstatic.com/image/thumb/Music125/v4/9b/fe/1f/9bfe1f2d-c51e-0427-1075-21aac1f3b874/source/100x100bb.jpg', 'https://audio-ssl.itunes.apple.com/itunes-assets/AudioPreview115/v4/c2/f1/6e/c2f16eb7-553f-cf4c-dea5-5aad53a0f55c/mzaf_13539691275070026415.plus.aac.p.m4a', 'https://music.apple.com/us/album/bad/159292399?i=159294345&uo=4', '16.99', 'USD', 'USA', 'https://i.scdn.co/image/ab67616d0000b2731bb21d27effb96a1d0fe8d6d'),
(204, 'Modern Times', 204, 47, 3, 'https://is1-ssl.mzstatic.com/image/thumb/Music124/v4/77/97/4c/77974cf2-8e0f-d747-74e1-2e9cc0bc16e0/source/100x100bb.jpg', 'https://audio-ssl.itunes.apple.com/itunes-assets/AudioPreview125/v4/4c/30/1e/4c301e78-607d-b414-4b60-477b4d175f44/mzaf_3141352078728272684.plus.aac.p.m4a', 'https://music.apple.com/us/album/someday-baby/187497036?i=187497709&uo=4', '8.99', 'USD', 'USA', 'https://i.scdn.co/image/ab67616d0000b2736996cd6e6a1423a0c047cbcc'),
(205, 'Wheels of Fire', 205, 7, 68, 'https://is1-ssl.mzstatic.com/image/thumb/Music125/v4/b2/96/37/b29637d7-514d-e49a-38bb-5adfdaabd125/source/100x100bb.jpg', 'https://audio-ssl.itunes.apple.com/itunes-assets/AudioPreview125/v4/df/00/f5/df00f5c5-53df-588f-9216-454320ad66eb/mzaf_7945183444095899052.plus.aac.p.m4a', 'https://music.apple.com/us/album/white-room/1440830708?i=1440830954&uo=4', '9.99', 'USD', 'USA', 'https://i.scdn.co/image/ab67616d0000b2735c7731f5acdcb2d02d78b7ee'),
(206, 'Dirty Mind', 206, 28, 63, 'https://is3-ssl.mzstatic.com/image/thumb/Music124/v4/f8/67/b2/f867b20d-3914-0e17-8553-bb6cb0be931e/source/100x100bb.jpg', 'https://audio-ssl.itunes.apple.com/itunes-assets/AudioPreview125/v4/94/d7/db/94d7db09-e53a-8b3d-de09-5e96438fe0fe/mzaf_2192624559792214756.plus.aac.p.m4a', 'https://music.apple.com/us/album/dirty-mind/1544296643?i=1544296645&uo=4', '9.99', 'USD', 'USA', 'https://i.scdn.co/image/ab67616d0000b2734e78b380a43447ebdedf833d'),
(207, 'Abraxas', 207, 15, 97, 'https://is3-ssl.mzstatic.com/image/thumb/Music115/v4/6d/2a/20/6d2a204f-9ee1-3b44-7384-2f738026005a/source/100x100bb.jpg', 'https://audio-ssl.itunes.apple.com/itunes-assets/AudioPreview125/v4/f0/ad/24/f0ad2425-e331-49ce-8237-df4c3989a947/mzaf_11348801688684106454.plus.aac.p.m4a', 'https://music.apple.com/us/album/black-magic-woman-gypsy-queen/871146591?i=871146600&uo=4', '7.99', 'USD', 'USA', 'https://i.scdn.co/image/ab67616d0000b273f1594eeff2ea90e0f3873919'),
(208, 'Tea for the Tillerman', 208, 15, 131, 'https://is3-ssl.mzstatic.com/image/thumb/Music125/v4/43/19/bf/4319bfd6-1ccf-dc70-d361-e9a221167986/source/100x100bb.jpg', 'https://audio-ssl.itunes.apple.com/itunes-assets/AudioPreview125/v4/27/37/da/2737dab3-05da-44e1-9fc1-cc2619c11177/mzaf_11387927133494560476.plus.aac.p.m4a', 'https://music.apple.com/us/album/tea-for-the-tillerman/1535560790?i=1535561414&uo=4', '9.99', 'USD', 'USA', 'https://i.scdn.co/image/ab67616d0000b273e7248738c2f7ce3b5584b15d'),
(209, 'Ten', 209, 12, 132, '', '', '', '', '', '', 'https://i.scdn.co/image/ab67616d0000b273d400d27cba05bb0545533864'),
(210, 'Everybody Knows This Is Nowhere', 210, 10, 133, 'https://is3-ssl.mzstatic.com/image/thumb/Music125/v4/26/93/fe/2693feba-85f0-35de-6761-e74e6313a4d7/source/100x100bb.jpg', 'https://audio-ssl.itunes.apple.com/itunes-assets/AudioPreview115/v4/03/33/25/0333252c-4169-304e-c3f1-7d868dd79f32/mzaf_13523445856711708076.plus.aac.p.m4a', 'https://music.apple.com/us/album/everybody-knows-this-is-nowhere/1015769589?i=1015769593&uo=4', '9.99', 'USD', 'USA', 'https://i.scdn.co/image/ab67616d0000b273f0f6b8bc425633e6ed6369c4'),
(211, 'Wish You Were Here', 211, 11, 34, 'https://is3-ssl.mzstatic.com/image/thumb/Music69/v4/d9/c3/66/d9c36649-1d1f-a2a7-c7f9-2bbe36cf3cd6/source/100x100bb.jpg', 'https://audio-ssl.itunes.apple.com/itunes-assets/AudioPreview115/v4/1b/28/bd/1b28bd34-6be2-d2c4-24f1-2c095f310c82/mzaf_18031217675682380082.plus.aac.p.m4a', 'https://music.apple.com/us/album/wish-you-were-here-live/1065976276?i=1065976286&uo=4', '16.99', 'USD', 'USA', 'https://i.scdn.co/image/ab67616d0000b273da9d96e9fb5b97fe95ac3d38'),
(212, 'Crooked Rain Crooked Rain', 212, 37, 86, 'https://is2-ssl.mzstatic.com/image/thumb/Music125/v4/b6/e7/ff/b6e7ff5f-3ffc-ab1b-0acc-f8327aef3c0a/source/100x100bb.jpg', 'https://audio-ssl.itunes.apple.com/itunes-assets/AudioPreview115/v4/46/28/de/4628dec4-b3d1-6c6c-bc5d-8b2281f77026/mzaf_3734694639070404819.plus.aac.p.m4a', 'https://music.apple.com/us/album/gold-soundz/1589187959?i=1589188131&uo=4', '9.99', 'USD', 'USA', 'https://i.scdn.co/image/ab67616d0000b2730a719f2817838a22e6a7e8c9'),
(213, 'Tattoo You', 213, 48, 5, 'https://is1-ssl.mzstatic.com/image/thumb/Music124/v4/21/57/2a/21572a26-73c9-ad60-13a5-9347f62ea2ef/source/100x100bb.jpg', 'https://audio-ssl.itunes.apple.com/itunes-assets/AudioPreview115/v4/e1/be/ca/e1beca4e-46a3-9850-8e1d-10835e5e64e2/mzaf_1261090717315156104.plus.aac.p.m4a', 'https://music.apple.com/us/album/start-me-up/1440812141?i=1440812153&uo=4', '9.99', 'USD', 'USA', 'https://i.scdn.co/image/ab67616d0000b27308fc42e575043a753f60d675'),
(214, 'Proud Mary: The Best of Ike and Tina Turner', 214, 12, 134, 'https://is3-ssl.mzstatic.com/image/thumb/Music114/v4/48/1e/1a/481e1a3f-10f2-00c6-a475-b1b7f3970273/source/100x100bb.jpg', 'https://audio-ssl.itunes.apple.com/itunes-assets/AudioPreview115/v4/74/80/c0/7480c0b4-431c-7709-9d07-44e3fca51f43/mzaf_10108851417735579229.plus.aac.p.m4a', 'https://music.apple.com/us/album/proud-mary/724157961?i=724158021&uo=4', '7.99', 'USD', 'USA', 'https://i.scdn.co/image/ab67616d0000b2739797a5691b83d778d15366ee'),
(215, 'New York Dolls', 215, 16, 135, 'https://is2-ssl.mzstatic.com/image/thumb/Music114/v4/e2/df/e7/e2dfe750-4290-689b-31c6-bdd87f3b1099/source/100x100bb.jpg', 'https://audio-ssl.itunes.apple.com/itunes-assets/AudioPreview115/v4/e8/f6/e9/e8f6e9c4-b4af-dc11-b816-d41b876b13cd/mzaf_16059440000846231214.plus.aac.p.m4a', 'https://music.apple.com/us/album/jet-boy/1445885111?i=1445885748&uo=4', '9.99', 'USD', 'USA', 'https://i.scdn.co/image/ab67616d0000b273802255bd535533c0e2ba5ad2'),
(216, 'Bo Diddley / Go Bo Diddley', 216, 27, 136, 'https://is5-ssl.mzstatic.com/image/thumb/Music118/v4/bf/54/cf/bf54cf17-5aeb-f2a0-05c8-017c63e6c329/source/100x100bb.jpg', 'https://audio-ssl.itunes.apple.com/itunes-assets/AudioPreview118/v4/a9/d4/57/a9d457b3-804e-bf62-2c58-8c4b0519aafb/mzaf_710295352396596924.plus.aac.p.m4a', 'https://music.apple.com/us/album/dont-let-it-go-hold-on-to-what-you-got/1434879740?i=1434880145&uo=4', '6.99', 'USD', 'USA', 'https://i.scdn.co/image/ab67616d0000b273b8179bbbb0fbcc3aa980cb6d'),
(217, 'Two Steps From the Blues', 217, 49, 137, 'https://is5-ssl.mzstatic.com/image/thumb/Music/v4/d4/d5/ee/d4d5ee6c-6406-f938-9569-2b9313d328bb/source/100x100bb.jpg', 'https://audio-ssl.itunes.apple.com/itunes-assets/AudioPreview125/v4/cf/de/ab/cfdeab5c-c210-9e9c-f289-7a917975ea7b/mzaf_7836202476258420732.plus.aac.p.m4a', 'https://music.apple.com/us/album/two-steps-from-the-blues-live/415917822?i=415917960&uo=4', '11.99', 'USD', 'USA', 'https://i.scdn.co/image/ab67616d0000b2731598116ecd442f1fd2b01d35'),
(218, 'The Queen Is Dead', 218, 27, 138, 'https://is2-ssl.mzstatic.com/image/thumb/Music115/v4/c6/2e/aa/c62eaaa5-59eb-0585-74ef-b442f03a3168/source/100x100bb.jpg', 'https://audio-ssl.itunes.apple.com/itunes-assets/AudioPreview125/v4/32/e7/28/32e72830-c9fd-9e9f-ece0-decd02102e34/mzaf_8038383719653319771.plus.aac.p.m4a', 'https://music.apple.com/us/album/the-queen-is-dead/800092985?i=800102910&uo=4', '9.99', 'USD', 'USA', 'https://i.scdn.co/image/ab67616d0000b273ada101c2e9e97feb8fae37a9'),
(219, 'Licensed to Ill', 219, 27, 103, 'https://is1-ssl.mzstatic.com/image/thumb/Music114/v4/69/66/34/6966343d-8f4c-b69a-ae1b-92cdb8bf7540/source/100x100bb.jpg', 'https://audio-ssl.itunes.apple.com/itunes-assets/AudioPreview125/v4/94/9e/27/949e27e2-cad4-c6c7-a133-967353cec07f/mzaf_3264922967896254073.plus.aac.p.m4a', 'https://music.apple.com/us/album/no-sleep-till-brooklyn/1440912031?i=1440912354&uo=4', '9.99', 'USD', 'USA', 'https://i.scdn.co/image/ab67616d0000b273a7ea08ab3914c5fb2084a8ac'),
(220, 'Look-Ka Py Py', 220, 15, 89, 'https://is2-ssl.mzstatic.com/image/thumb/Music/v4/83/60/4a/83604aac-0e65-066c-8b73-24d517db5afb/source/100x100bb.jpg', 'https://audio-ssl.itunes.apple.com/itunes-assets/AudioPreview125/v4/2d/a8/f9/2da8f951-d2bc-c3f2-9a4c-80d9932b4713/mzaf_16453646601524360798.plus.aac.p.m4a', 'https://music.apple.com/us/album/look-ka-py-py/159362708?i=159362710&uo=4', '9.99', 'USD', 'USA', 'https://i.scdn.co/image/ab67616d0000b27325725e95b24988897d8ceafb'),
(221, 'Loveless', 221, 12, 139, 'https://is1-ssl.mzstatic.com/image/thumb/Music125/v4/a9/26/55/a92655e7-a17d-9f9f-c07d-f265e0bc1646/source/100x100bb.jpg', 'https://audio-ssl.itunes.apple.com/itunes-assets/AudioPreview125/v4/24/9f/21/249f214e-85b8-a37b-7e6c-065aff2c0602/mzaf_3963801349716866687.plus.aac.p.m4a', 'https://music.apple.com/us/album/only-shallow/288277647?i=288277654&uo=4', '9.99', 'USD', 'USA', 'https://i.scdn.co/image/ab67616d0000b273db8e38addb58131f77b48377'),
(222, 'New Orleans Piano', 222, 5, 140, 'https://is1-ssl.mzstatic.com/image/thumb/Music3/v4/13/ed/25/13ed2546-c5ed-1ebe-81df-bb097e289256/source/100x100bb.jpg', 'https://audio-ssl.itunes.apple.com/itunes-assets/AudioPreview115/v4/a5/8c/b0/a58cb076-a58f-2530-7da9-ce17564565de/mzaf_8230741079951837643.plus.aac.p.m4a', 'https://music.apple.com/us/album/professor-longhair-blues/924785185?i=924785198&uo=4', '9.99', 'USD', 'USA', 'https://i.scdn.co/image/ab67616d0000b273e9352198fb1eb4bf8fa22518'),
(223, 'War', 223, 46, 21, 'https://is1-ssl.mzstatic.com/image/thumb/Music115/v4/7b/25/47/7b254742-adf4-53f2-f941-901f14310112/source/100x100bb.jpg', 'https://audio-ssl.itunes.apple.com/itunes-assets/AudioPreview125/v4/41/61/4a/41614aa2-3957-5465-3572-74148842094e/mzaf_18362644314229079418.plus.aac.p.m4a', 'https://music.apple.com/us/album/sunday-bloody-sunday/1440894470?i=1440894523&uo=4', '9.99', 'USD', 'USA', 'https://i.scdn.co/image/ab67616d0000b273673526fcf35ab235e1a9d94c'),
(224, 'The Neil Diamond Collection', 224, 50, 141, 'https://is5-ssl.mzstatic.com/image/thumb/Music128/v4/49/9a/a2/499aa298-e7e4-6ee9-4757-ae0fb58ca52c/source/100x100bb.jpg', 'https://audio-ssl.itunes.apple.com/itunes-assets/AudioPreview125/v4/59/a0/3c/59a03ccc-a5c7-a5ba-31fa-1d2ffa1d0144/mzaf_7235313566315871850.plus.aac.p.m4a', 'https://music.apple.com/us/album/sweet-caroline-single-version/1425213715?i=1425213716&uo=4', '6.99', 'USD', 'USA', 'https://i.scdn.co/image/ab67616d0000b273b487af6ef3747fe7d407694e');
INSERT INTO `album` (`album_id`, `album_name`, `album_ranking`, `year_id`, `artist_id`, `album_image_url`, `album_preview_url`, `album_collection_view_url`, `album_collection_price`, `album_price_currency`, `album_country`, `album_image_spotify_url_size_one`) VALUES
(225, 'American Idiot', 225, 40, 124, 'https://is2-ssl.mzstatic.com/image/thumb/Music/v4/dd/39/7a/dd397a2a-21b7-be2f-53f0-c727bd1441c3/source/100x100bb.jpg', 'https://audio-ssl.itunes.apple.com/itunes-assets/AudioPreview115/v4/93/54/d4/9354d464-dee3-059e-3772-df282e8494a8/mzaf_1468658502653436525.plus.aac.p.m4a', 'https://music.apple.com/us/album/american-idiot/207192731?i=207192732&uo=4', '12.99', 'USD', 'USA', 'https://i.scdn.co/image/ab67616d0000b27308a1b1e0674086d3f1995e1b'),
(226, 'Nebraska', 226, 13, 12, 'https://is3-ssl.mzstatic.com/image/thumb/Music124/v4/f2/1f/af/f21fafe0-d0b9-414c-d97d-94ac81f9a74b/source/100x100bb.jpg', 'https://audio-ssl.itunes.apple.com/itunes-assets/AudioPreview125/v4/0d/35/7f/0d357f65-6f2c-abf3-a4a7-e1a7fed03742/mzaf_13027413967995605240.plus.aac.p.m4a', 'https://music.apple.com/us/album/nebraska/185798980?i=185799018&uo=4', '8.99', 'USD', 'USA', 'https://i.scdn.co/image/ab67616d0000b2738935cadb8e3e20d9fab4582e'),
(227, 'Doolittle', 227, 42, 142, 'https://is3-ssl.mzstatic.com/image/thumb/Music116/v4/b5/ed/16/b5ed16d1-4244-06ba-0f1a-c000da8fb27f/source/100x100bb.jpg', 'https://audio-ssl.itunes.apple.com/itunes-assets/AudioPreview115/v4/14/55/30/14553034-dfdd-188e-2ebe-5d86172871a7/mzaf_1162846581356209849.plus.aac.p.m4a', 'https://music.apple.com/us/album/here-comes-your-man/7060469?i=7060447&uo=4', '9.99', 'USD', 'USA', 'https://i.scdn.co/image/ab67616d0000b273cafe9404f872e4c0e91a8cc8'),
(228, 'Paid in Full', 228, 19, 143, 'https://is1-ssl.mzstatic.com/image/thumb/Music125/v4/f1/9d/c2/f19dc2f2-5b47-1ba9-dd6e-6a8864cc4253/source/100x100bb.jpg', 'https://audio-ssl.itunes.apple.com/itunes-assets/AudioPreview115/v4/2e/d7/2b/2ed72b2b-b89c-65b2-9828-af013c15ddaf/mzaf_10987971863425036175.plus.aac.p.m4a', 'https://music.apple.com/us/album/as-the-rhyme-goes-on-radio-mix/1440841577?i=1440841599&uo=4', '7.99', 'USD', 'USA', 'https://i.scdn.co/image/ab67616d0000b273bb2db4d09f8f8e31f808d600'),
(229, 'Toys in the Attic', 229, 11, 113, 'https://is4-ssl.mzstatic.com/image/thumb/Music123/v4/dc/a5/4b/dca54b49-2f14-e29c-df2f-dd397430e1d4/source/100x100bb.jpg', 'https://audio-ssl.itunes.apple.com/itunes-assets/AudioPreview125/v4/9c/9f/86/9c9f8654-3d15-28ac-edc4-19b9cb88cf42/mzaf_3455537159225944806.plus.aac.p.m4a', 'https://music.apple.com/us/album/toys-in-the-attic-live/392240868?i=392240991&uo=4', '10.99', 'USD', 'USA', 'https://i.scdn.co/image/ab67616d0000b2739662c6535fb4bf5767e50f32'),
(230, 'Nick of Time', 230, 42, 144, 'https://is3-ssl.mzstatic.com/image/thumb/Music118/v4/ee/f0/b5/eef0b5f5-09a3-a355-7bbc-8588d415e3cf/source/100x100bb.jpg', 'https://audio-ssl.itunes.apple.com/itunes-assets/AudioPreview115/v4/2b/38/30/2b383002-3de8-3871-929d-b3667a2441b3/mzaf_6182237817315084673.plus.aac.p.m4a', 'https://music.apple.com/us/album/nick-of-time/715830026?i=715830162&uo=4', '9.99', 'USD', 'USA', 'https://i.scdn.co/image/ab67616d0000b273245c235e7ecf5e8c6969759f'),
(231, 'A Night at the Opera', 231, 11, 145, 'https://is5-ssl.mzstatic.com/image/thumb/Music115/v4/28/6c/15/286c154d-65b0-0ded-74bf-c94df726be5d/source/100x100bb.jpg', 'https://audio-ssl.itunes.apple.com/itunes-assets/AudioPreview125/v4/c0/bb/fe/c0bbfe50-203e-8e63-fd25-8a65fed78f9f/mzaf_8339984000147636711.plus.aac.p.m4a', 'https://music.apple.com/us/album/love-of-my-life-live-in-argentina-june-1979/1440650816?i=1440651230&uo=4', '11.99', 'USD', 'USA', 'https://i.scdn.co/image/ab67616d0000b273e319baafd16e84f0408af2a0'),
(232, 'The Kink Kronikles', 232, 5, 146, 'https://is5-ssl.mzstatic.com/image/thumb/Music124/v4/9e/54/d8/9e54d86c-22c0-1683-1df2-40bdd2658d84/source/100x100bb.jpg', 'https://audio-ssl.itunes.apple.com/itunes-assets/AudioPreview125/v4/5a/0d/2f/5a0d2f47-477a-f843-f15c-48cf0a1c40b8/mzaf_5664028151919282032.plus.aac.p.m4a', 'https://music.apple.com/us/album/victoria-2020-remaster/1537668116?i=1537668117&uo=4', '10.99', 'USD', 'USA', 'https://i.scdn.co/image/ab67616d0000b273b628ad236cf517115175fa1e'),
(233, 'Mr. Tambourine Man', 233, 3, 75, 'https://is3-ssl.mzstatic.com/image/thumb/Music/v4/08/39/a4/0839a4b2-69ca-942d-b5ee-55aefe491d20/source/100x100bb.jpg', 'https://audio-ssl.itunes.apple.com/itunes-assets/AudioPreview125/v4/e5/82/97/e5829759-a234-2851-571b-fc2139702e40/mzaf_16370527018512344559.plus.aac.p.m4a', 'https://music.apple.com/us/album/mr-tambourine-man-live/192703788?i=192704228&uo=4', '9.99', 'USD', 'USA', 'https://i.scdn.co/image/ab67616d0000b273576fccf9a91d9f7c808b8abd'),
(234, 'Bookends', 234, 7, 41, 'https://is1-ssl.mzstatic.com/image/thumb/Music115/v4/26/9a/f7/269af7c3-7b54-4e0d-9fb2-478bfb169ba0/source/100x100bb.jpg', 'https://audio-ssl.itunes.apple.com/itunes-assets/AudioPreview115/v4/6c/dd/fb/6cddfb60-3757-8cce-9ff5-d0108b7668bc/mzaf_10092863986307733085.plus.aac.p.m4a', 'https://music.apple.com/us/album/bookends-single-mix/1463652891?i=1463652967&uo=4', '9.99', 'USD', 'USA', 'https://i.scdn.co/image/ab67616d0000b273d8fb5b4308dc27f210064ef4'),
(235, 'The Ultimate Collection', 235, 26, 147, '', '', '', '', '', '', 'https://i.scdn.co/image/ab67706c0000bebb378c1804d16c96ef0bf42301'),
(236, 'Mr. Excitement!', 236, 38, 148, 'https://is4-ssl.mzstatic.com/image/thumb/Music125/v4/33/4c/76/334c76cb-8888-64ec-8e2b-8f3ca37e805e/source/100x100bb.jpg', 'https://audio-ssl.itunes.apple.com/itunes-assets/AudioPreview125/v4/05/12/6b/05126be3-4fa5-f327-f096-28cf2a3cc2d4/mzaf_13258272027273541553.plus.aac.p.m4a', 'https://music.apple.com/us/album/your-love-keeps-lifting-me-higher-higher/111289716?i=111289585&uo=4', '15.99', 'USD', 'USA', 'https://i.scdn.co/image/ab67616d0000b27359778f5ff386eda871ee61b7'),
(237, 'My Generation', 237, 3, 22, 'https://is1-ssl.mzstatic.com/image/thumb/Music114/v4/fc/44/e3/fc44e3da-16b5-3347-26a4-50965454babe/source/100x100bb.jpg', 'https://audio-ssl.itunes.apple.com/itunes-assets/AudioPreview125/v4/2e/dd/6b/2edd6bc0-9ff0-ce71-4b27-b12ae39bba12/mzaf_4869090694753970195.plus.aac.p.m4a', 'https://music.apple.com/us/album/my-generation-mono-version/1434897581?i=1434897593&uo=4', '6.99', 'USD', 'USA', 'https://i.scdn.co/image/ab67616d0000b27334658b1827b64a1d4d5a5ca9'),
(238, 'Howlin\' Wolf', 238, 31, 101, 'https://is2-ssl.mzstatic.com/image/thumb/Music124/v4/94/1b/20/941b205d-93d7-206b-2bf4-a9053e631f93/source/100x100bb.jpg', 'https://audio-ssl.itunes.apple.com/itunes-assets/AudioPreview125/v4/08/f0/da/08f0daa9-8d43-6ec1-280f-664f6a21d9ce/mzaf_7678144908716799782.plus.aac.p.m4a', 'https://music.apple.com/us/album/spoonful/1423339042?i=1423340117&uo=4', '9.99', 'USD', 'USA', 'https://i.scdn.co/image/ab67616d0000b27301dd571c86f5e43f8d5d27bc'),
(239, 'Like a Prayer', 239, 42, 118, 'https://is2-ssl.mzstatic.com/image/thumb/Music114/v4/bc/e5/25/bce525db-0afa-c9d6-103e-9443490bb1c9/source/100x100bb.jpg', 'https://audio-ssl.itunes.apple.com/itunes-assets/AudioPreview115/v4/25/02/61/2502618e-9958-94fb-40d9-84ad7716df77/mzaf_14604571547659938818.plus.aac.p.m4a', 'https://music.apple.com/us/album/like-a-prayer/83448003?i=83445997&uo=4', '9.99', 'USD', 'USA', 'https://i.scdn.co/image/ab67616d0000b27329b3fdd3b0e5b0daae3a37b0'),
(240, 'Can\'t Buy a Thrill', 240, 5, 94, 'https://is5-ssl.mzstatic.com/image/thumb/Music115/v4/fb/01/14/fb0114f2-e2b0-52a3-eb8e-26000f89ee0e/source/100x100bb.jpg', 'https://audio-ssl.itunes.apple.com/itunes-assets/AudioPreview125/v4/f3/8f/c5/f38fc592-aec4-2337-64a5-21d8c54990fd/mzaf_8114103320968534036.plus.aac.p.m4a', 'https://music.apple.com/us/album/reelin-in-the-years/1440496279?i=1440496288&uo=4', '9.99', 'USD', 'USA', 'https://i.scdn.co/image/ab67616d0000b273e5dd0952c693529017743e39'),
(241, 'Let It Be', 241, 21, 87, 'https://is4-ssl.mzstatic.com/image/thumb/Music115/v4/37/f7/37/37f737fc-5055-1311-debc-f8176b5f5444/source/100x100bb.jpg', 'https://audio-ssl.itunes.apple.com/itunes-assets/AudioPreview125/v4/e6/9a/54/e69a542a-a992-6c79-1aff-5293e9893f4a/mzaf_8574217720899925913.plus.aac.p.m4a', 'https://music.apple.com/us/album/i-will-dare/162563989?i=162563992&uo=4', '9.99', 'USD', 'USA', 'https://i.scdn.co/image/ab67616d0000b273008cfa8fb96ef0befcbc615a'),
(242, 'Run D.M.C.', 242, 21, 77, '', '', '', '', '', '', 'https://i.scdn.co/image/ab67616d0000b2730c653d22500b21d83c6e2b82'),
(243, 'Black Sabbath', 243, 15, 84, 'https://is5-ssl.mzstatic.com/image/thumb/Music114/v4/ae/b8/f5/aeb8f502-cd95-3d49-d0a2-83a06c99341c/source/100x100bb.jpg', 'https://audio-ssl.itunes.apple.com/itunes-assets/AudioPreview125/v4/82/70/bf/8270bf78-54d3-db68-154c-5fe377ef49bd/mzaf_15040694505612024434.plus.aac.p.m4a', 'https://music.apple.com/us/album/black-sabbath-live/168392670?i=168393217&uo=4', '14.99', 'USD', 'USA', 'https://i.scdn.co/image/ab67616d0000b2731311a92b0ca83a5154c5a5e7'),
(244, 'The Marshall Mathers LP', 244, 26, 149, 'https://is5-ssl.mzstatic.com/image/thumb/Music115/v4/47/94/ee/4794ee30-5a59-e8e5-a67a-cd2b7db7a8ad/source/100x100bb.jpg', 'https://audio-ssl.itunes.apple.com/itunes-assets/AudioPreview115/v4/5c/06/cd/5c06cd7b-27ad-8102-5d32-5fe48c30ea44/mzaf_607577684452916015.plus.aac.p.m4a', 'https://music.apple.com/us/album/stan-feat-dido/1440866782?i=1440866795&uo=4', '9.99', 'USD', 'USA', 'https://i.scdn.co/image/ab67616d0000b273dbb3dd82da45b7d7f31b1b42'),
(245, 'All Killer No Filler! The Jerry Lee Lewis Anthology', 245, 51, 150, '', '', '', '', '', '', 'https://i.scdn.co/image/ab67616d0000b27395788c15edfdca94ad6fa6ab'),
(246, 'Freak Out!', 246, 2, 151, 'https://is4-ssl.mzstatic.com/image/thumb/Music128/v4/7f/7c/b1/7f7cb138-fd47-c8c2-e5ca-5d6bd4f148dd/source/100x100bb.jpg', 'https://audio-ssl.itunes.apple.com/itunes-assets/AudioPreview115/v4/89/34/79/89347941-3ae7-b817-8f33-64d329032b26/mzaf_2227707894505269067.plus.aac.p.m4a', 'https://music.apple.com/us/album/trouble-every-day/1440928854?i=1440929208&uo=4', '10.99', 'USD', 'USA', 'https://i.scdn.co/image/ab67616d0000b273cf39d86d090b43693667084a'),
(247, 'Live/Dead', 247, 10, 152, 'https://is4-ssl.mzstatic.com/image/thumb/Music124/v4/64/33/b8/6433b805-f7e1-2a6e-0bd6-ecad351ff45e/source/100x100bb.jpg', 'https://audio-ssl.itunes.apple.com/itunes-assets/AudioPreview125/v4/5c/e6/1a/5ce61aed-eab3-72f2-647f-9e80ede55fdd/mzaf_16909582491238445450.plus.aac.p.m4a', 'https://music.apple.com/us/album/st-stephen-live-at-the-fillmore-west-1969/20885553?i=20885557&uo=4', '9.99', 'USD', 'USA', 'https://i.scdn.co/image/ab67616d0000b2730f80c66450eaeac8bcd7f2a3'),
(248, 'The Shape of Jazz to Come', 248, 9, 153, 'https://is5-ssl.mzstatic.com/image/thumb/Music124/v4/62/b6/e5/62b6e562-27f5-fd7d-7b50-157377487df4/source/100x100bb.jpg', 'https://audio-ssl.itunes.apple.com/itunes-assets/AudioPreview115/v4/74/03/d4/7403d4ee-9362-5201-b5d3-d1df94099134/mzaf_12250619306244719968.plus.aac.p.m4a', 'https://music.apple.com/us/album/peace/50234787?i=50234793&uo=4', '7.74', 'USD', 'USA', 'https://i.scdn.co/image/ab67616d0000b273abd3f4626eb5181c0e0ac1a9'),
(249, 'Automatic for the People', 249, 38, 127, 'https://is5-ssl.mzstatic.com/image/thumb/Music115/v4/b3/4e/10/b34e104c-19c6-8d82-d551-ddbe56b675ea/source/100x100bb.jpg', 'https://audio-ssl.itunes.apple.com/itunes-assets/AudioPreview125/v4/35/d3/75/35d3756f-e346-3d3b-a4b6-032e498120b4/mzaf_7316380479935001754.plus.aac.p.m4a', 'https://music.apple.com/us/album/everybody-hurts/1440949853?i=1440949865&uo=4', '11.99', 'USD', 'USA', 'https://i.scdn.co/image/ab67616d0000b273ace3e7aae0b7c78bbe1c4f35'),
(250, 'Reasonable Doubt', 250, 52, 154, '', '', '', '', '', '', 'https://i.scdn.co/image/ab67616d0000b273730dc61a14921f999a79eb92'),
(251, 'Low', 251, 18, 27, 'https://is5-ssl.mzstatic.com/image/thumb/Music124/v4/8b/b3/bc/8bb3bcf5-da27-903d-64f1-749d8c0b7d13/source/100x100bb.jpg', 'https://audio-ssl.itunes.apple.com/itunes-assets/AudioPreview115/v4/f0/e8/bd/f0e8bdcd-6962-b8f8-d0bf-4dc25893ed99/mzaf_4991925338582405351.plus.aac.p.m4a', 'https://music.apple.com/us/album/sound-and-vision-2017-remastered-version/1347895593?i=1347895843&uo=4', '9.99', 'USD', 'USA', 'https://i.scdn.co/image/ab67616d0000b2730385ea9a3db577b51bf90476'),
(252, 'The Blueprint', 252, 20, 154, '', '', '', '', '', '', 'https://i.scdn.co/image/ab67616d0000b273fec1b815bb3c50a64a90fd10'),
(253, 'The River', 253, 28, 12, 'https://is5-ssl.mzstatic.com/image/thumb/Music125/v4/9b/c2/ab/9bc2ab79-1b1c-084d-8638-dcb1e4bfcddf/source/100x100bb.jpg', '', '', '', '', '', 'https://i.scdn.co/image/ab67616d0000b2730e987064364e2b62ae1925b4'),
(254, 'Complete & Unbelievable: The Otis Redding Dictionary of Soul', 254, 2, 56, 'https://is5-ssl.mzstatic.com/image/thumb/Music124/v4/22/27/0f/22270fa7-c5d2-1e82-432c-4c3fde939269/source/100x100bb.jpg', '', '', '', '', '', 'https://i.scdn.co/image/ab67616d0000b273ffffe932598090498459b77c'),
(255, 'Metallica (\"The Black Album\")', 255, 12, 109, 'https://is3-ssl.mzstatic.com/image/thumb/Music115/v4/f0/a2/22/f0a2222e-15f9-df46-e6e0-e8b0b53aad57/source/100x100bb.jpg', '', '', '', '', '', 'https://i.scdn.co/image/ab67616d0000b273cf84c5b276431b473e924802'),
(256, 'Trans Europa Express', 256, 18, 155, 'https://is3-ssl.mzstatic.com/image/thumb/Music125/v4/c2/ba/b4/c2bab4fd-2633-9d2a-f642-cb69b48782f5/source/100x100bb.jpg', '', '', '', '', '', 'https://i.scdn.co/image/ab67616d0000b273aa46532db7c678a61b394de2'),
(257, 'Whitney Houston', 257, 39, 156, 'https://is5-ssl.mzstatic.com/image/thumb/Music125/v4/e9/d7/f9/e9d7f958-6657-172c-ad2d-16ea2003218f/source/100x100bb.jpg', '', '', '', '', '', 'https://i.scdn.co/image/ab67616d0000b273cc57e9b00b87dd0f6e868347'),
(258, 'The Kinks Are The Village Green Preservation Society', 258, 7, 146, 'https://is3-ssl.mzstatic.com/image/thumb/Music118/v4/3e/b5/7e/3eb57e57-3557-546a-b064-93d0a0e2908f/source/100x100bb.jpg', '', '', '', '', '', 'https://i.scdn.co/image/ab67616d0000b27359778f5ff386eda871ee61b7'),
(259, 'The Velvet Rope', 259, 43, 157, 'https://is5-ssl.mzstatic.com/image/thumb/Music125/v4/b8/b7/fe/b8b7fe0a-dc27-4d8c-f9d2-461fc99dafa5/source/100x100bb.jpg', '', '', '', '', '', 'https://i.scdn.co/image/ab67616d0000b273ea84373a962d15eeed9aa3bf'),
(260, 'Stardust', 260, 29, 117, 'https://is4-ssl.mzstatic.com/image/thumb/Music113/v4/f0/1f/6f/f01f6fe3-b8c2-69ad-283d-fdfcf53a0532/source/100x100bb.jpg', '', '', '', '', '', 'https://i.scdn.co/image/ab67616d0000b273a37843580292303fda614a8f'),
(261, 'American Beauty', 261, 15, 158, 'https://is5-ssl.mzstatic.com/image/thumb/Music125/v4/e6/e4/0c/e6e40c97-ac21-0f23-ed09-16ea71109fa8/source/100x100bb.jpg', '', '', '', '', '', 'https://i.scdn.co/image/ab67616d0000b273fd3f66a9ce4371f7ffa0346f'),
(262, 'Crosby, Stills & Nash', 262, 10, 159, 'https://is3-ssl.mzstatic.com/image/thumb/Music115/v4/08/19/88/08198871-d765-bc29-e958-774871c6147c/source/100x100bb.jpg', '', '', '', '', '', 'https://i.scdn.co/image/ab67616d0000b27376ffc2e5ff063e5d7d08caae'),
(263, 'Tracy Chapman', 263, 22, 160, 'https://is4-ssl.mzstatic.com/image/thumb/Music115/v4/d1/4f/9c/d14f9c25-08e8-ff76-e746-d46723974546/source/100x100bb.jpg', '', '', '', '', '', 'https://i.scdn.co/image/ab67616d0000b2737602becfedf6e25752cb54ff'),
(264, 'Workingman\'s Dead', 264, 15, 158, 'https://is4-ssl.mzstatic.com/image/thumb/Music124/v4/e4/21/4f/e4214f99-b0fd-908e-a858-119c4585bb90/source/100x100bb.jpg', '', '', '', '', '', 'https://i.scdn.co/image/ab67616d0000b2734d3659e33c2d63d5b54d1f2c'),
(265, 'The Genius of Ray Charles', 265, 9, 43, 'https://is5-ssl.mzstatic.com/image/thumb/Music125/v4/f5/6d/c7/f56dc7cc-1746-8dc8-674d-5bfd169e3e9e/source/100x100bb.jpg', 'https://audio-ssl.itunes.apple.com/itunes-assets/AudioPreview125/v4/64/e1/8a/64e18ad0-d691-6c6a-efc1-ab50db859405/mzaf_2524872396542124473.plus.aac.p.m4a', 'https://music.apple.com/us/album/come-rain-or-come-shine/46592212?i=46592248&uo=4', '9.99', 'USD', 'USA', 'https://i.scdn.co/image/ab67616d0000b273590d7d2164bc4b5e7b2c296f'),
(266, 'Child Is Father to the Man', 266, 7, 161, 'https://is2-ssl.mzstatic.com/image/thumb/Music/v4/3b/a6/85/3ba68573-d841-1576-380c-6081f9b59cf6/source/100x100bb.jpg', 'https://audio-ssl.itunes.apple.com/itunes-assets/AudioPreview125/v4/0b/33/0f/0b330fa5-d22b-c911-5625-720b5031c548/mzaf_10077773295618206438.plus.aac.p.m4a', 'https://music.apple.com/us/album/i-love-you-more-than-youll-ever-know/491171273?i=491171275&uo=4', '9.99', 'USD', 'USA', 'https://i.scdn.co/image/ab67616d0000b273e1834a6800cc0ed37c6bc5d6'),
(267, 'Quadrophenia', 267, 16, 22, 'https://is2-ssl.mzstatic.com/image/thumb/Music125/v4/25/03/a0/2503a07b-ccc0-c83f-e055-0d92462e8b0c/source/100x100bb.jpg', 'https://audio-ssl.itunes.apple.com/itunes-assets/AudioPreview115/v4/f7/83/c3/f783c32d-d628-0f1f-ae5b-e3777756b100/mzaf_12714496386658538740.plus.aac.p.m4a', 'https://music.apple.com/us/album/quadrophenia/1440824353?i=1440824689&uo=4', '9.99', 'USD', 'USA', 'https://i.scdn.co/image/ab67616d0000b273183cf7b28749f1f74ed66477'),
(268, 'Paul Simon', 268, 5, 51, 'https://is4-ssl.mzstatic.com/image/thumb/Music125/v4/cf/3a/1a/cf3a1a9c-70d3-1eea-cab3-98a8ced69624/source/100x100bb.jpg', 'https://audio-ssl.itunes.apple.com/itunes-assets/AudioPreview115/v4/dd/06/ca/dd06ca68-e91d-7e01-844b-395715a728ec/mzaf_4943597464084139449.plus.aac.p.m4a', 'https://music.apple.com/us/album/me-and-julio-down-by-the-schoolyard/380588824?i=380588841&uo=4', '9.99', 'USD', 'USA', 'https://i.scdn.co/image/ab67616d0000b27337a40ab12a4fb96319a9d96f'),
(269, 'Psychocandy', 269, 39, 162, 'https://is3-ssl.mzstatic.com/image/thumb/Music116/v4/1e/61/aa/1e61aad3-5c55-b015-aa9e-f6437f4b6b2d/source/100x100bb.jpg', 'https://audio-ssl.itunes.apple.com/itunes-assets/AudioPreview126/v4/fa/33/f8/fa33f8ed-dc51-82fa-8890-52758742d1a3/mzaf_15335344600643255273.plus.aac.p.m4a', 'https://music.apple.com/us/album/psychocandy-live/1600536207?i=1600538620&uo=4', '10.99', 'USD', 'USA', 'https://i.scdn.co/image/ab67616d0000b2734b5f115b26a0236a4e502eb9'),
(270, 'Some Girls', 270, 29, 5, 'https://is3-ssl.mzstatic.com/image/thumb/Music125/v4/6b/62/a7/6b62a78e-1c52-68a1-a388-7b53f78c13d8/source/100x100bb.jpg', 'https://audio-ssl.itunes.apple.com/itunes-assets/AudioPreview125/v4/78/6e/c6/786ec618-dde6-6dc3-8823-88bd8bccfa10/mzaf_16662133903108397036.plus.aac.p.m4a', 'https://music.apple.com/us/album/some-girls/1440816775?i=1440816785&uo=4', '9.99', 'USD', 'USA', 'https://i.scdn.co/image/ab67616d0000b27305c7aec05eabf142cc33b936'),
(271, 'The Beach Boys Today!', 271, 3, 2, 'https://is5-ssl.mzstatic.com/image/thumb/Music118/v4/79/c5/28/79c52872-5027-0f03-edce-489eeab9c733/source/100x100bb.jpg', 'https://audio-ssl.itunes.apple.com/itunes-assets/AudioPreview115/v4/db/ca/68/dbca6809-7094-6ece-7137-8fe515eeda2b/mzaf_14902562961356084386.plus.aac.p.m4a', 'https://music.apple.com/us/album/kiss-me-baby/1443096398?i=1443096681&uo=4', '7.99', 'USD', 'USA', 'https://i.scdn.co/image/ab67616d0000b2737945f2293cda50453c1af2f9'),
(272, 'Dig Me Out', 272, 43, 163, '', '', '', '', '', '', 'https://i.scdn.co/image/ab67616d0000b273f10a3124e2043c4238e92065'),
(273, 'Going to a Go-Go', 273, 2, 164, 'https://is2-ssl.mzstatic.com/image/thumb/Music118/v4/f4/ff/33/f4ff3307-2e3c-685a-eeba-f827b94b7e75/source/100x100bb.jpg', 'https://audio-ssl.itunes.apple.com/itunes-assets/AudioPreview125/v4/87/18/2c/87182cf1-2ac4-47b1-f1ef-b2db245c73c1/mzaf_6834122845829621550.plus.aac.p.m4a', 'https://music.apple.com/us/album/going-to-a-go-go-stereo-version/1440713502?i=1440713776&uo=4', '7.99', 'USD', 'USA', 'https://i.scdn.co/image/ab67616d0000b27396ebd8447b29307e31f95090'),
(274, 'Nightbirds', 274, 34, 165, 'https://is2-ssl.mzstatic.com/image/thumb/Music125/v4/14/51/cc/1451cc2c-9997-e48e-54bc-3fd55ea7ed8a/source/100x100bb.jpg', 'https://audio-ssl.itunes.apple.com/itunes-assets/AudioPreview116/v4/4b/20/7a/4b207adb-4135-0736-75d4-e53ae02bbd17/mzaf_2424362328125422507.plus.aac.p.m4a', 'https://music.apple.com/us/album/nightbird/188249320?i=188249855&uo=4', '9.99', 'USD', 'USA', 'https://i.scdn.co/image/ab67616d0000b27331ae071f3db459be2501ea13'),
(275, 'The Slim Shady LP', 275, 50, 149, 'https://is2-ssl.mzstatic.com/image/thumb/Music114/v4/2f/63/18/2f6318f4-df33-e086-992c-51fc732dd555/source/100x100bb.jpg', 'https://audio-ssl.itunes.apple.com/itunes-assets/AudioPreview125/v4/6e/67/97/6e679779-7205-5dff-d47b-56512690e971/mzaf_8670629398972815363.plus.aac.p.m4a', 'https://music.apple.com/us/album/bad-meets-evil-feat-royce-da-59/1440871441?i=1440871852&uo=4', '9.99', 'USD', 'USA', 'https://i.scdn.co/image/ab67616d0000b2739bef45ee387f274ea3198c55'),
(276, 'Mothership Connection', 276, 11, 166, 'https://is1-ssl.mzstatic.com/image/thumb/Music118/v4/47/ea/9c/47ea9c84-354b-a81f-ce4f-92d7ae1760bf/source/100x100bb.jpg', 'https://audio-ssl.itunes.apple.com/itunes-assets/AudioPreview125/v4/e0/8d/df/e08ddf79-36be-0b30-00fe-0a08fc6f7646/mzaf_2684682876647683579.plus.aac.p.m4a', 'https://music.apple.com/us/album/mothership-connection-star-child/1440837684?i=1440837690&uo=4', '6.99', 'USD', 'USA', 'https://i.scdn.co/image/ab67616d0000b273777c5fdae315d921a3784f21'),
(277, 'Rhythm Nation 1814', 277, 42, 167, 'https://is1-ssl.mzstatic.com/image/thumb/Music114/v4/4b/f6/d4/4bf6d435-80bc-37e3-8741-c70db704f5dc/source/100x100bb.jpg', 'https://audio-ssl.itunes.apple.com/itunes-assets/AudioPreview115/v4/f4/3d/71/f43d712b-ff15-0c4a-2c03-25f90bd203f6/mzaf_10776749071890665904.plus.aac.p.m4a', 'https://music.apple.com/us/album/escapade/1440838561?i=1440839534&uo=4', '9.99', 'USD', 'USA', 'https://i.scdn.co/image/ab67616d0000b27336e9e2e6de0b594414fb80c9'),
(278, 'Anthology of American Folk Music', 278, 43, 168, '', '', '', '', '', '', 'https://i.scdn.co/image/ab67616d0000b2732937a8bb0db270ccf895aab1'),
(279, 'Aladdin Sane', 279, 16, 27, 'https://is1-ssl.mzstatic.com/image/thumb/Music115/v4/9e/e6/14/9ee61419-f8ca-2c10-30fd-e30c15464100/source/100x100bb.jpg', 'https://audio-ssl.itunes.apple.com/itunes-assets/AudioPreview115/v4/f4/a4/5a/f4a45a3e-81c6-b33e-4070-985318088bbe/mzaf_5394154194450773484.plus.aac.p.m4a', 'https://music.apple.com/us/album/aladdin-sane-2013-remastered-version/1039655668?i=1039655670&uo=4', '9.99', 'USD', 'USA', 'https://i.scdn.co/image/ab67616d0000b2735db6dbaca8678527e643a866'),
(280, 'All That You Can\'t Leave Behind', 280, 26, 21, 'https://is1-ssl.mzstatic.com/image/thumb/Music124/v4/99/c5/fd/99c5fd8e-7312-a64c-ee3c-2aca96e86b70/source/100x100bb.jpg', 'https://audio-ssl.itunes.apple.com/itunes-assets/AudioPreview125/v4/42/d9/b6/42d9b6fd-bb55-78cd-6cf0-118519e769d0/mzaf_54190427166289568.plus.aac.p.m4a', 'https://music.apple.com/us/album/stuck-in-a-moment-you-cant-get-out-of-acoustic-version/1530603399?i=1530603578&uo=4', '29.99', 'USD', 'USA', 'https://i.scdn.co/image/ab67616d0000b27338fa0dfe55b1ff2e8c962bae'),
(281, 'My Life', 281, 37, 169, 'https://is5-ssl.mzstatic.com/image/thumb/Music124/v4/4f/70/8e/4f708e8f-5ee6-c810-7d51-4df8f1cd8494/source/100x100bb.jpg', 'https://audio-ssl.itunes.apple.com/itunes-assets/AudioPreview125/v4/09/f3/4c/09f34c22-c113-e5d4-1ba2-3e263f32eb88/mzaf_6915972888349971156.plus.aac.p.m4a', 'https://music.apple.com/us/album/my-life/1488020290?i=1488020474&uo=4', '9.99', 'USD', 'USA', 'https://i.scdn.co/image/ab67616d0000b2730b283be60e1ca4d3b43137c2'),
(282, 'Folk Singer', 282, 24, 30, 'https://is4-ssl.mzstatic.com/image/thumb/Music128/v4/ea/3c/de/ea3cde2c-6417-7763-7cab-db9bb5e032ac/source/100x100bb.jpg', 'https://audio-ssl.itunes.apple.com/itunes-assets/AudioPreview125/v4/af/f6/9e/aff69e42-b6d9-c3d3-382f-418fd534e35f/mzaf_10224573852487769042.plus.aac.p.m4a', 'https://music.apple.com/us/album/the-same-thing/1423326717?i=1423327264&uo=4', '9.99', 'USD', 'USA', 'https://i.scdn.co/image/ab67616d0000b273f7ae2efa32ae0e057d170fb5'),
(283, 'Can\'t Get Enough', 283, 34, 170, 'https://is2-ssl.mzstatic.com/image/thumb/Music125/v4/74/e9/ce/74e9cedd-1a72-107a-1881-5f06d012d6f5/source/100x100bb.jpg', 'https://audio-ssl.itunes.apple.com/itunes-assets/AudioPreview115/v4/60/b7/eb/60b7eb52-bc3a-4744-5001-1f0df516d831/mzaf_6025232022028860938.plus.aac.p.m4a', 'https://music.apple.com/us/album/youre-the-first-the-last-my-everything/1431053185?i=1431053623&uo=4', '7.99', 'USD', 'USA', 'https://i.scdn.co/image/ab67616d0000b2730b283be60e1ca4d3b43137c2'),
(284, 'The Cars', 284, 29, 171, 'https://is3-ssl.mzstatic.com/image/thumb/Music125/v4/06/7b/2a/067b2ad2-4e96-ae01-cc67-d413f9a3a649/source/100x100bb.jpg', 'https://audio-ssl.itunes.apple.com/itunes-assets/AudioPreview115/v4/b0/94/af/b094af9b-5061-47a2-cfd0-5dfe734d1e7e/mzaf_1359241616866070247.plus.aac.p.m4a', 'https://music.apple.com/us/album/just-what-i-needed/1088527349?i=1088527515&uo=4', '9.99', 'USD', 'USA', 'https://i.scdn.co/image/ab67616d0000b27361e11cce99aab86cb1ce253b'),
(285, 'Music of My Mind', 285, 5, 18, 'https://is3-ssl.mzstatic.com/image/thumb/Music128/v4/67/0f/96/670f96f9-e68d-069c-1eac-6e79223673e2/source/100x100bb.jpg', 'https://audio-ssl.itunes.apple.com/itunes-assets/AudioPreview115/v4/a7/19/12/a7191239-b288-5d8f-9ed0-83da9ac62fa4/mzaf_7967312029158953604.plus.aac.p.m4a', 'https://music.apple.com/us/album/happier-than-the-morning-sun/1440858437?i=1440858837&uo=4', '7.99', 'USD', 'USA', 'https://i.scdn.co/image/ab67616d0000b27317b2abaa44b6380506ad922c'),
(286, 'I\'m Still in Love With You', 286, 5, 42, 'https://is5-ssl.mzstatic.com/image/thumb/Music116/v4/e5/93/13/e5931303-e084-493c-9842-06f054d323e2/source/100x100bb.jpg', 'https://audio-ssl.itunes.apple.com/itunes-assets/AudioPreview126/v4/4b/36/60/4b366053-d845-fb08-769f-26be8225a767/mzaf_1138549827869532207.plus.aac.p.m4a', 'https://music.apple.com/us/album/im-still-in-love-with-you/1203896404?i=1203896578&uo=4', '9.99', 'USD', 'USA', 'https://i.scdn.co/image/ab67616d0000b27322fd78b6a140e7532d4d984b'),
(287, 'Los Angeles', 287, 28, 172, 'https://is5-ssl.mzstatic.com/image/thumb/Music115/v4/78/2b/3c/782b3cf1-42dc-21fb-d449-226fa482eb3c/source/100x100bb.jpg', 'https://audio-ssl.itunes.apple.com/itunes-assets/AudioPreview115/v4/84/a3/e5/84a3e5b5-4754-95df-ac94-a9fee60cd19e/mzaf_3720156491837291989.plus.aac.p.m4a', 'https://music.apple.com/us/album/los-angeles/1416228338?i=1416231743&uo=4', '9.99', 'USD', 'USA', 'https://i.scdn.co/image/ab67616d0000b273ba187be83331b13d7bfd8b18'),
(288, 'Anthem of the Sun', 288, 7, 158, 'https://is3-ssl.mzstatic.com/image/thumb/Music114/v4/9b/30/f6/9b30f63a-20a6-8a6c-0e76-dfa1f2b998f2/source/100x100bb.jpg', 'https://audio-ssl.itunes.apple.com/itunes-assets/AudioPreview115/v4/a6/cd/a9/a6cda9a2-17c0-3281-8961-6bad7495488a/mzaf_17490547315959014572.plus.aac.p.m4a', 'https://music.apple.com/us/album/born-cross-eyed/663665553?i=663665584&uo=4', '9.99', 'USD', 'USA', 'https://i.scdn.co/image/ab67616d0000b2737b58f901663716aa2db139cf'),
(289, 'Something Else by The Kinks', 289, 1, 146, 'https://is5-ssl.mzstatic.com/image/thumb/Music114/v4/49/15/ba/4915baf9-5c58-1293-e130-0f6ec7e12709/source/100x100bb.jpg', 'https://audio-ssl.itunes.apple.com/itunes-assets/AudioPreview115/v4/c9/7a/62/c97a6227-8dc0-2108-0c50-b99940679fe5/mzaf_14409192501791900137.plus.aac.p.m4a', 'https://music.apple.com/us/album/waterloo-sunset/1361968256?i=1361968417&uo=4', '9.99', 'USD', 'USA', 'https://i.scdn.co/image/ab67616d0000b27359778f5ff386eda871ee61b7'),
(290, 'Call Me', 290, 16, 42, '', '', '', '', '', '', 'https://i.scdn.co/image/ab67616d0000b27374bf394db200791382590474'),
(291, 'Talking Heads: 77', 291, 18, 82, 'https://is2-ssl.mzstatic.com/image/thumb/Music124/v4/94/90/51/949051dc-02e2-d792-c459-c6035c4da277/source/100x100bb.jpg', 'https://audio-ssl.itunes.apple.com/itunes-assets/AudioPreview125/v4/31/d9/69/31d96956-7e90-2ac5-539e-1172371c97ab/mzaf_15262827462735982625.plus.aac.p.m4a', 'https://music.apple.com/us/album/psycho-killer/124925532?i=124924802&uo=4', '11.99', 'USD', 'USA', 'https://i.scdn.co/image/ab67616d0000b273e71708b667804f6241dd1a59'),
(292, 'The Basement Tapes', 292, 11, 173, 'https://is2-ssl.mzstatic.com/image/thumb/Music4/v4/a3/1c/b8/a31cb85c-1671-26df-e0e7-6ee11f892be7/source/100x100bb.jpg', 'https://audio-ssl.itunes.apple.com/itunes-assets/AudioPreview125/v4/7d/06/fc/7d06fc87-f64a-26bf-a4a2-d08495f4a05e/mzaf_525967912748394483.plus.aac.p.m4a', 'https://music.apple.com/us/album/minstrel-boy-the-basement-tapes/669690518?i=669690549&uo=4', '27.99', 'USD', 'USA', 'https://i.scdn.co/image/ab67616d0000b273f14967058439072a2d3c5f50'),
(293, 'White Light/White Heat', 293, 7, 9, 'https://is1-ssl.mzstatic.com/image/thumb/Music115/v4/f6/20/52/f620527b-cbe7-d1c7-34df-6ae0d06d49a7/source/100x100bb.jpg', 'https://audio-ssl.itunes.apple.com/itunes-assets/AudioPreview115/v4/41/17/77/41177778-e657-82e8-cb28-41f9f37228f9/mzaf_2211799586293200040.plus.aac.p.m4a', 'https://music.apple.com/us/album/white-light-white-heat-live/1442251701?i=1442252444&uo=4', '10.99', 'USD', 'USA', 'https://i.scdn.co/image/ab67616d0000b2737195c4f5f2f4a8236748baaf'),
(294, 'Kick Out the Jams', 294, 10, 174, 'https://is4-ssl.mzstatic.com/image/thumb/Music124/v4/c3/6c/74/c36c7438-6c39-66e8-0e9e-1044995236ea/source/100x100bb.jpg', 'https://audio-ssl.itunes.apple.com/itunes-assets/AudioPreview125/v4/86/f9/c0/86f9c0e9-786d-6a0b-3ba4-13726ee6a158/mzaf_4434204985503267660.plus.aac.p.m4a', 'https://music.apple.com/us/album/kick-out-the-jams-uncensored-version/50236221?i=50236265&uo=4', '12.99', 'USD', 'USA', 'https://i.scdn.co/image/ab67616d0000b27336f68306b0c5babcd4235e45'),
(295, 'Songs of Love and Hate', 295, 15, 175, 'https://is5-ssl.mzstatic.com/image/thumb/Music125/v4/5b/ca/18/5bca18c8-af21-5889-7b43-36db0161d55d/source/100x100bb.jpg', 'https://audio-ssl.itunes.apple.com/itunes-assets/AudioPreview115/v4/2e/b6/6c/2eb66c9b-4498-cba3-ddf9-c204a76f0d12/mzaf_16011495107834764259.plus.aac.p.m4a', 'https://music.apple.com/us/album/avalanche/309477007?i=309477009&uo=4', '6.99', 'USD', 'USA', 'https://i.scdn.co/image/ab67616d0000b2736a0b525ea5e6146f7f33369f'),
(296, 'Meat Is Murder', 296, 39, 138, 'https://is2-ssl.mzstatic.com/image/thumb/Music124/v4/7a/f7/db/7af7dbab-9b03-e4ef-59e6-5615f9982a0c/source/100x100bb.jpg', 'https://audio-ssl.itunes.apple.com/itunes-assets/AudioPreview125/v4/27/87/49/27874950-d861-75a8-8efe-8a3037b447ec/mzaf_13187336429598076009.plus.aac.p.m4a', 'https://music.apple.com/us/album/meat-is-murder/799986977?i=799986991&uo=4', '9.99', 'USD', 'USA', 'https://i.scdn.co/image/ab67616d0000b273ac345598e7697a319cb5b460'),
(297, 'We\'re Only in It for the Money', 297, 7, 151, 'https://is3-ssl.mzstatic.com/image/thumb/Music118/v4/fa/58/77/fa58776c-9f2d-f48a-db01-1cc1116a1b3b/source/100x100bb.jpg', 'https://audio-ssl.itunes.apple.com/itunes-assets/AudioPreview125/v4/3d/00/4c/3d004c3e-57be-bca0-774f-302658533219/mzaf_13547259034730379911.plus.aac.p.m4a', 'https://music.apple.com/us/album/are-you-hung-up/1443746670?i=1443746672&uo=4', '7.99', 'USD', 'USA', 'https://i.scdn.co/image/ab67616d0000b273cf39d86d090b43693667084a'),
(298, 'The College Dropout', 298, 32, 73, 'https://is5-ssl.mzstatic.com/image/thumb/Music116/v4/4d/56/14/4d56141c-5857-217f-d089-a57ed858f81a/source/100x100bb.jpg', 'https://audio-ssl.itunes.apple.com/itunes-assets/AudioPreview125/v4/34/48/90/344890b7-2fbb-e9bf-e955-7b50f2c94998/mzaf_9136199379325646002.plus.aac.p.m4a', 'https://music.apple.com/us/album/jesus-walks/1412872568?i=1412873446&uo=4', '11.99', 'USD', 'USA', 'https://i.scdn.co/image/ab67616d0000b27325b055377757b3cdd6f26b78'),
(299, 'Weezer (Blue Album)', 299, 37, 176, 'https://is3-ssl.mzstatic.com/image/thumb/Music124/v4/83/a1/4e/83a14e26-5c09-4e99-351f-67b3b7e46545/source/100x100bb.jpg', 'https://audio-ssl.itunes.apple.com/itunes-assets/AudioPreview125/v4/8c/02/f4/8c02f40f-56e7-1be8-a490-638bd1c799de/mzaf_17529906422770361662.plus.aac.p.m4a', 'https://music.apple.com/us/album/mr-blue-sky/1450270988?i=1450271331&uo=4', '9.99', 'USD', 'USA', 'https://i.scdn.co/image/ab67616d0000b273345536847e60f622ee0eae96'),
(300, 'Master of Reality', 300, 4, 84, 'https://is3-ssl.mzstatic.com/image/thumb/Music114/v4/e7/be/bc/e7bebcb3-97d1-eaa9-f0da-2ecbfefa51a3/source/100x100bb.jpg', 'https://audio-ssl.itunes.apple.com/itunes-assets/AudioPreview125/v4/07/52/95/07529587-ae00-daa3-6338-fdcadce788b2/mzaf_9296231428586633502.plus.aac.p.m4a', 'https://music.apple.com/us/album/sweet-leaf/785239139?i=785239189&uo=4', '9.99', 'USD', 'USA', 'https://i.scdn.co/image/ab67616d0000b273b7ec2b4b9c76b3b737990a42'),
(301, 'Coat of Many Colors', 301, 4, 177, 'https://is3-ssl.mzstatic.com/image/thumb/Music113/v4/46/7b/df/467bdf7b-006a-65f1-7681-f229d89c490c/source/100x100bb.jpg', 'https://audio-ssl.itunes.apple.com/itunes-assets/AudioPreview115/v4/80/90/67/80906727-818f-d606-66d2-c824dc98683c/mzaf_12800511375888938654.plus.aac.p.m4a', 'https://music.apple.com/us/album/coat-of-many-colors-live/1506856179?i=1506856200&uo=4', '9.99', 'USD', 'USA', 'https://i.scdn.co/image/ab67616d0000b2735eedc4901818fe24d8645672'),
(302, 'Fear of a Black Planet', 302, 14, 38, 'https://is3-ssl.mzstatic.com/image/thumb/Music115/v4/95/b9/a7/95b9a799-ca3a-6eef-58df-e2fd56307006/source/100x100bb.jpg', 'https://audio-ssl.itunes.apple.com/itunes-assets/AudioPreview115/v4/7b/16/f1/7b16f1b8-6bc3-2fea-ebde-cf4cedc9fd93/mzaf_7993455280438608124.plus.aac.p.m4a', 'https://music.apple.com/us/album/fear-of-a-black-planet/1440837282?i=1440838111&uo=4', '9.99', 'USD', 'USA', 'https://i.scdn.co/image/ab67616d0000b2732e3d1de8b2f61a477ae1ed6c'),
(303, 'John Wesley Harding', 303, 1, 3, 'https://is5-ssl.mzstatic.com/image/thumb/Music125/v4/fa/48/28/fa48287b-db61-0e83-9f84-6bd18bc6da36/source/100x100bb.jpg', 'https://audio-ssl.itunes.apple.com/itunes-assets/AudioPreview125/v4/b2/3d/be/b23dbe84-ba89-b444-fb94-20aed0b78588/mzaf_9230846110950427899.plus.aac.p.m4a', 'https://music.apple.com/us/album/john-wesley-harding/181457097?i=181457099&uo=4', '9.99', 'USD', 'USA', 'https://i.scdn.co/image/ab67616d0000b27381efb7dfa40bbfa10a199e38'),
(304, 'Grace', 304, 37, 178, 'https://is3-ssl.mzstatic.com/image/thumb/Music6/v4/b6/63/ce/b663ce62-4b1e-fd95-ed02-7252e0ff6ccb/source/100x100bb.jpg', 'https://audio-ssl.itunes.apple.com/itunes-assets/AudioPreview115/v4/3d/43/96/3d439645-b292-19d9-9746-8bb49a6a0ea6/mzaf_10370517586719845307.plus.aac.p.m4a', 'https://music.apple.com/us/album/grace-live/309064121?i=309064269&uo=4', '14.99', 'USD', 'USA', 'https://i.scdn.co/image/ab67616d0000b2736a760642a56847027428cb61'),
(305, 'Car Wheels on a Gravel Road', 305, 45, 179, 'https://is4-ssl.mzstatic.com/image/thumb/Music114/v4/c3/6c/da/c36cda80-296f-8f70-f0a1-b76f34fae4b5/source/100x100bb.jpg', 'https://audio-ssl.itunes.apple.com/itunes-assets/AudioPreview115/v4/7b/28/ba/7b28ba06-3b94-4f8e-c662-12cc66bf82eb/mzaf_8452870374509155040.plus.aac.p.m4a', 'https://music.apple.com/us/album/car-wheels-on-a-gravel-road/1440915686?i=1440915696&uo=4', '13.99', 'USD', 'USA', 'https://i.scdn.co/image/ab67616d0000b273a1601ac181badf6013e0c936'),
(306, 'Odelay', 306, 52, 180, 'https://is5-ssl.mzstatic.com/image/thumb/Music125/v4/c4/f9/f6/c4f9f61f-aadb-a33b-5a54-c3973328af03/source/100x100bb.jpg', 'https://audio-ssl.itunes.apple.com/itunes-assets/AudioPreview125/v4/f3/c3/5e/f3c35e05-d25a-1ede-a5e4-237969bdd724/mzaf_2209037739147843790.plus.aac.p.m4a', 'https://music.apple.com/us/album/deadweight/1453197774?i=1453197813&uo=4', '16.99', 'USD', 'USA', 'https://i.scdn.co/image/ab67616d0000b273301bf333c6a1f573a2af5864'),
(307, 'A Hard Day\'s Night', 307, 24, 1, 'https://is1-ssl.mzstatic.com/image/thumb/Music116/v4/fb/f5/6f/fbf56f09-8ea6-6d00-873f-f325e112b8cc/source/100x100bb.jpg', 'https://audio-ssl.itunes.apple.com/itunes-assets/AudioPreview116/v4/79/7f/81/797f81a7-bde1-61cc-b267-ca2c4fa80348/mzaf_14154229884658679148.plus.aac.p.m4a', 'https://music.apple.com/us/album/a-hard-days-night-2015-stereo-mix/1440833098?i=1440833544&uo=4', '12.99', 'USD', 'USA', 'https://i.scdn.co/image/ab67616d0000b273e230f303815e82a86713eedd'),
(308, 'Songs for Swingin\' Lovers!', 308, 25, 67, 'https://is5-ssl.mzstatic.com/image/thumb/Music125/v4/f8/65/62/f86562c6-29df-d29c-d4d4-37483996ffc1/source/100x100bb.jpg', 'https://audio-ssl.itunes.apple.com/itunes-assets/AudioPreview125/v4/21/68/d2/2168d201-c937-7cbd-f2b2-9ca55ea009fe/mzaf_7749290021793384809.plus.aac.p.m4a', 'https://music.apple.com/us/album/you-make-me-feel-so-young/1440841946?i=1440842104&uo=4', '7.99', 'USD', 'USA', 'https://i.scdn.co/image/ab67616d0000b273b9ea1c69fe9efbdc2df85a95'),
(309, 'Willy and the Poor Boys', 309, 10, 44, 'https://is1-ssl.mzstatic.com/image/thumb/Music115/v4/92/9e/15/929e15c2-1bb7-e597-f3d4-3b51f81049c5/source/100x100bb.jpg', 'https://audio-ssl.itunes.apple.com/itunes-assets/AudioPreview125/v4/43/b9/af/43b9af34-443b-f07e-d582-97c17f2d4f46/mzaf_1002252146316650000.plus.aac.p.m4a', 'https://music.apple.com/us/album/midnight-special/1440950503?i=1440950738&uo=4', '9.99', 'USD', 'USA', 'https://i.scdn.co/image/ab67616d0000b2739f39192f9f8ca1c90847b3e5'),
(310, 'Blood Sugar Sex Magik', 310, 12, 181, 'https://is1-ssl.mzstatic.com/image/thumb/Music115/v4/93/e5/e4/93e5e492-6594-9147-4b36-e4d742b9b85b/source/100x100bb.jpg', 'https://audio-ssl.itunes.apple.com/itunes-assets/AudioPreview115/v4/a8/71/75/a87175c2-ac9a-a4dc-5c5e-5c0db0148e99/mzaf_3029367561739169461.plus.aac.p.m4a', 'https://music.apple.com/us/album/blood-sugar-sex-magik/948460531?i=948460559&uo=4', '12.99', 'USD', 'USA', 'https://i.scdn.co/image/ab67616d0000b273153d79816d853f2694b2cc70'),
(311, 'The Sun Records Collection', 311, 37, 168, '', '', '', '', '', '', 'https://i.scdn.co/image/ab67616d0000b273b11138f4598dad0e7435eea8'),
(312, 'Nothing\'s Shocking', 312, 22, 182, 'https://is4-ssl.mzstatic.com/image/thumb/Music124/v4/8d/13/04/8d1304b3-b9d4-c413-c057-bfe7c48f473a/source/100x100bb.jpg', 'https://audio-ssl.itunes.apple.com/itunes-assets/AudioPreview115/v4/17/21/5f/17215f6b-dd21-291a-6e81-8c030c674ae9/mzaf_16386502144906482582.plus.aac.p.m4a', 'https://music.apple.com/us/album/jane-says/1018518208?i=1018519027&uo=4', '9.99', 'USD', 'USA', 'https://i.scdn.co/image/ab67616d0000b2738765ac8eae3b054a1750419d'),
(313, 'MTV Unplugged in New York', 313, 37, 11, 'https://is2-ssl.mzstatic.com/image/thumb/Music115/v4/6b/80/82/6b808262-1f95-a926-3d2d-ac71fc0b675a/source/100x100bb.jpg', 'https://audio-ssl.itunes.apple.com/itunes-assets/AudioPreview125/v4/da/98/12/da981207-76fb-8ced-6ec3-dca2eb308524/mzaf_8222845030155476412.plus.aac.p.m4a', 'https://music.apple.com/us/album/lake-of-fire-live-acoustic/1440892370?i=1440893065&uo=4', '9.99', 'USD', 'USA', 'https://i.scdn.co/image/ab67616d0000b27336c5417732e53e23cb219246'),
(314, 'The Miseducation of Lauryn Hill', 314, 45, 183, 'https://is5-ssl.mzstatic.com/image/thumb/Music115/v4/45/c7/25/45c725ff-9ff3-90d0-6246-be8dd9cc9544/source/100x100bb.jpg', 'https://audio-ssl.itunes.apple.com/itunes-assets/AudioPreview125/v4/5d/bd/ba/5dbdbae8-8dc0-0d6c-c67a-50c07c4d8189/mzaf_6180767141174473550.plus.aac.p.m4a', 'https://music.apple.com/us/album/tell-him/1276760743?i=1276760759&uo=4', '10.99', 'USD', 'USA', 'https://i.scdn.co/image/ab67616d0000b273e08b1250db5f75643f1508c9'),
(315, 'Damn the Torpedoes', 315, 6, 184, '', '', '', '', '', '', 'https://i.scdn.co/image/ab67616d0000b273ebca7d93f21ba366fe005966'),
(316, 'The Velvet Underground', 316, 10, 9, 'https://is2-ssl.mzstatic.com/image/thumb/Music124/v4/70/a6/63/70a6630d-8dd7-c1a3-656c-f88c80cbbf52/source/100x100bb.jpg', 'https://audio-ssl.itunes.apple.com/itunes-assets/AudioPreview115/v4/ea/9d/ce/ea9dce31-f37f-e178-272d-bf08ccf3ca31/mzaf_188683330166549611.plus.aac.p.m4a', 'https://music.apple.com/us/album/pale-blue-eyes/1440814049?i=1440814573&uo=4', '9.99', 'USD', 'USA', 'https://i.scdn.co/image/ab67616d0000b27398260c528e6eec9dd431c1d7'),
(317, 'Surfer Rosa', 317, 22, 142, 'https://is3-ssl.mzstatic.com/image/thumb/Music125/v4/37/cd/fd/37cdfd47-89d2-6f7b-209d-01763173ff22/source/100x100bb.jpg', 'https://audio-ssl.itunes.apple.com/itunes-assets/AudioPreview125/v4/f2/94/56/f2945690-8739-02b1-86da-034f98db1c8b/mzaf_13477163061266397683.plus.aac.p.m4a', 'https://music.apple.com/us/album/where-is-my-mind/1027465077?i=1027465608&uo=4', '9.99', 'USD', 'USA', 'https://i.scdn.co/image/ab67616d0000b273626ad9bb7d5f84c59652b161'),
(318, 'Back Stabbers', 318, 5, 185, 'https://is1-ssl.mzstatic.com/image/thumb/Music115/v4/02/de/44/02de449f-97bb-851e-19f0-c21762d82734/source/100x100bb.jpg', 'https://audio-ssl.itunes.apple.com/itunes-assets/AudioPreview115/v4/7a/4e/f3/7a4ef327-449d-873c-985d-69c7db812573/mzaf_17622919112353575348.plus.aac.p.m4a', 'https://music.apple.com/us/album/back-stabbers/169937819?i=169937868&uo=4', '9.99', 'USD', 'USA', 'https://i.scdn.co/image/ab67616d0000b2737bc09ea8d6c7db1993dfb77d'),
(319, 'Burnin\'', 319, 16, 80, 'https://is3-ssl.mzstatic.com/image/thumb/Music114/v4/ca/8e/13/ca8e13d6-a527-0e79-8466-7d9da7a83965/source/100x100bb.jpg', 'https://audio-ssl.itunes.apple.com/itunes-assets/AudioPreview125/v4/3c/ba/c7/3cbac78c-06e9-2889-8faa-f3ee8f75ad42/mzaf_4094689790494213791.plus.aac.p.m4a', 'https://music.apple.com/us/album/get-up-stand-up/1445753887?i=1445754249&uo=4', '14.99', 'USD', 'USA', 'https://i.scdn.co/image/ab67616d0000b2739e0e071bcaa827031dfad879'),
(320, 'Amnesiac', 320, 20, 49, 'https://is1-ssl.mzstatic.com/image/thumb/Music116/v4/4f/e2/da/4fe2da7d-b3ad-5318-4d20-c36c2e1e06ab/source/100x100bb.jpg', 'https://audio-ssl.itunes.apple.com/itunes-assets/AudioPreview115/v4/ef/fc/ac/effcaca6-a67f-8df0-2c6f-c8cdc001622c/mzaf_2102368269140007441.plus.aac.p.m4a', 'https://music.apple.com/us/album/packt-like-sardines-in-a-crushed-tin-box/1097864180?i=1097864284&uo=4', '9.99', 'USD', 'USA', 'https://i.scdn.co/image/ab67616d0000b273863e0e305637100311c91aa7'),
(321, 'Pink Moon', 321, 5, 186, 'https://is5-ssl.mzstatic.com/image/thumb/Music124/v4/d2/f5/27/d2f527a1-e262-3d64-6449-02b135ace9a6/source/100x100bb.jpg', 'https://audio-ssl.itunes.apple.com/itunes-assets/AudioPreview125/v4/a5/fd/2c/a5fd2cd9-eb7d-674a-4e09-4d936d7002ba/mzaf_2711277978859933745.plus.aac.p.m4a', 'https://music.apple.com/us/album/pink-moon/1440758653?i=1440758657&uo=4', '13.99', 'USD', 'USA', 'https://i.scdn.co/image/ab67616d0000b273e369195caf5d169bf5e9eafc'),
(322, 'Sail Away', 322, 5, 187, 'https://is5-ssl.mzstatic.com/image/thumb/Music/v4/ec/a7/d9/eca7d915-2d0a-cca2-4e31-2c1557c58fd7/source/100x100bb.jpg', 'https://audio-ssl.itunes.apple.com/itunes-assets/AudioPreview125/v4/7f/20/79/7f207938-96ac-2f54-24aa-af307d113dc7/mzaf_15601235432606255113.plus.aac.p.m4a', 'https://music.apple.com/us/album/sail-away/51963348?i=51963350&uo=4', '11.99', 'USD', 'USA', 'https://i.scdn.co/image/ab67616d0000b273f761183d5e7c7721c0daf87a'),
(323, 'Ghost in the Machine', 323, 48, 188, 'https://is1-ssl.mzstatic.com/image/thumb/Music116/v4/7d/34/cf/7d34cf7f-364a-2c65-4a87-d781d3fd8187/source/100x100bb.jpg', 'https://audio-ssl.itunes.apple.com/itunes-assets/AudioPreview126/v4/dc/19/74/dc197499-d01e-91c5-c16e-9f4dbdd8feb9/mzaf_1747012239530994921.plus.aac.p.m4a', 'https://music.apple.com/us/album/every-little-thing-she-does-is-magic-remastered-2003/1440754948?i=1440754954&uo=4', '7.99', 'USD', 'USA', 'https://i.scdn.co/image/ab67616d0000b273b7879980ef2ea7ac1cc29316'),
(324, 'Station to Station', 324, 8, 27, 'https://is4-ssl.mzstatic.com/image/thumb/Music128/v4/9a/ac/85/9aac8564-feef-a69e-6b4c-716da5027a02/source/100x100bb.jpg', 'https://audio-ssl.itunes.apple.com/itunes-assets/AudioPreview115/v4/27/84/4b/27844b09-9302-0517-fc45-07f430e011b6/mzaf_53968529999707231.plus.aac.p.m4a', 'https://music.apple.com/us/album/station-to-station-live/1384523979?i=1384524721&uo=4', '14.99', 'USD', 'USA', 'https://i.scdn.co/image/ab67616d0000b2738f3cdfeac0678371b16f601d'),
(325, 'Slowhand', 325, 18, 189, 'https://is2-ssl.mzstatic.com/image/thumb/Music125/v4/9e/0b/0e/9e0b0e69-73df-0edb-d3c0-a1f5b3c5c5c1/source/100x100bb.jpg', 'https://audio-ssl.itunes.apple.com/itunes-assets/AudioPreview115/v4/79/3f/e6/793fe687-5860-0087-c0c2-bded9ee9ed33/mzaf_8098130942379986333.plus.aac.p.m4a', 'https://music.apple.com/us/album/the-core/1440782705?i=1440783110&uo=4', '9.99', 'USD', 'USA', 'https://i.scdn.co/image/ab67616d0000b2736f093a6ae88a5ca8ed53b9f7'),
(326, 'Disintegration', 326, 42, 190, 'https://is5-ssl.mzstatic.com/image/thumb/Music/v4/5b/12/b6/5b12b668-3900-65c3-02f0-f7dee35603a4/source/100x100bb.jpg', 'https://audio-ssl.itunes.apple.com/itunes-assets/AudioPreview125/v4/b2/83/a5/b283a5d0-f650-602c-d852-bfe85e14ac26/mzaf_15746174422357183334.plus.aac.p.m4a', 'https://music.apple.com/us/album/disintegration/372100016?i=372100293&uo=4', '9.99', 'USD', 'USA', 'https://i.scdn.co/image/ab67616d0000b273ee8b603d6c666ba428daac30'),
(327, 'Exile in Guyville', 327, 51, 191, 'https://is3-ssl.mzstatic.com/image/thumb/Music125/v4/2f/81/3b/2f813b9e-5262-e513-e3cf-0bb978f5e2b5/source/100x100bb.jpg', 'https://audio-ssl.itunes.apple.com/itunes-assets/AudioPreview125/v4/96/cf/c6/96cfc63c-12b7-742b-315e-edd33dba1a6d/mzaf_12366590124922311681.plus.aac.p.m4a', 'https://music.apple.com/us/album/divorce-song-remastered/1589236833?i=1589237092&uo=4', '9.99', 'USD', 'USA', 'https://i.scdn.co/image/ab67616d0000b2738c2631f2df86dea5fd150572'),
(328, 'Daydream Nation', 328, 22, 192, 'https://is2-ssl.mzstatic.com/image/thumb/Music124/v4/4f/a5/cf/4fa5cf68-af32-4900-42cf-c59d1e926695/source/100x100bb.jpg', 'https://audio-ssl.itunes.apple.com/itunes-assets/AudioPreview125/v4/a1/da/c5/a1dac5c8-000d-e6f6-c7c4-d862134339fc/mzaf_12298103004449755300.plus.aac.p.m4a', 'https://music.apple.com/us/album/teen-age-riot/520335802?i=520335957&uo=4', '9.99', 'USD', 'USA', 'https://i.scdn.co/image/ab67616d0000b27320f51363b9e2cbd207f158ba'),
(329, 'In the Jungle Groove', 329, 27, 19, 'https://is4-ssl.mzstatic.com/image/thumb/Music115/v4/f5/6a/bc/f56abcb9-1e24-e11c-713c-fcf85259f66f/source/100x100bb.jpg', 'https://audio-ssl.itunes.apple.com/itunes-assets/AudioPreview125/v4/79/37/52/7937528e-e093-3573-cbe8-0823f039f5cb/mzaf_16904998099299191280.plus.aac.p.m4a', 'https://music.apple.com/us/album/funky-drummer-pt-1-2/1469577132?i=1469577135&uo=4', '9.99', 'USD', 'USA', 'https://i.scdn.co/image/ab67616d0000b273fdb85e117008b8f7d5add502'),
(330, 'Tonight\'s the Night', 330, 11, 53, 'https://is5-ssl.mzstatic.com/image/thumb/Music/v4/e1/58/ed/e158ed24-2fe4-43f9-a528-df5ec2562e35/source/100x100bb.jpg', 'https://audio-ssl.itunes.apple.com/itunes-assets/AudioPreview125/v4/de/59/e1/de59e117-b8db-e00e-a9b4-8027ff97b283/mzaf_1999096582888910524.plus.aac.p.m4a', 'https://music.apple.com/us/album/tonights-the-night-live/317109311?i=317109435&uo=4', '10.99', 'USD', 'USA', 'https://i.scdn.co/image/ab67616d0000b27313d1fed19ba543ea0d25f544'),
(331, 'Help!', 331, 3, 1, 'https://is1-ssl.mzstatic.com/image/thumb/Music116/v4/fb/f5/6f/fbf56f09-8ea6-6d00-873f-f325e112b8cc/source/100x100bb.jpg', 'https://audio-ssl.itunes.apple.com/itunes-assets/AudioPreview116/v4/6d/6b/06/6d6b06b6-87b4-3c7d-cb68-4d9b14f911a2/mzaf_3284429962239164128.plus.aac.p.m4a', 'https://music.apple.com/us/album/help-2015-stereo-mix/1440833098?i=1440833560&uo=4', '12.99', 'USD', 'USA', 'https://i.scdn.co/image/ab67616d0000b273e3e3b64cea45265469d4cafa'),
(332, 'Shoot Out the Lights', 332, 13, 193, 'https://is3-ssl.mzstatic.com/image/thumb/Music115/v4/ae/43/1c/ae431cfa-f253-a18a-e7c4-aa60af7b21c2/source/100x100bb.jpg', 'https://audio-ssl.itunes.apple.com/itunes-assets/AudioPreview125/v4/a4/d0/be/a4d0be37-09bf-9748-255e-fa007df6a59e/mzaf_5977409145960514287.plus.aac.p.m4a', 'https://music.apple.com/us/album/shoot-out-the-lights/162575497?i=162575959&uo=4', '9.99', 'USD', 'USA', 'https://i.scdn.co/image/ab67616d0000b273f5e33a8585493d2ddb92678d'),
(333, 'Wild Gift', 333, 48, 172, 'https://is5-ssl.mzstatic.com/image/thumb/Music118/v4/eb/2b/58/eb2b58f9-dc28-1ec6-6687-bc6550b4d966/source/100x100bb.jpg', 'https://audio-ssl.itunes.apple.com/itunes-assets/AudioPreview125/v4/50/e3/c6/50e3c66c-2913-bb8f-c84a-2131d3c42af9/mzaf_6931734692193074875.plus.aac.p.m4a', 'https://music.apple.com/us/album/white-girl/1416140229?i=1416140379&uo=4', '9.99', 'USD', 'USA', 'https://i.scdn.co/image/ab67616d0000b273c8b821a802a62f23ad3f3f34'),
(334, 'Squeezing Out Sparks', 334, 6, 194, 'https://is1-ssl.mzstatic.com/image/thumb/Music124/v4/ac/7b/d0/ac7bd081-106c-d1e6-9c52-f1d64212dbdd/source/100x100bb.jpg', 'https://audio-ssl.itunes.apple.com/itunes-assets/AudioPreview125/v4/61/b0/e3/61b0e34b-fc4c-9a3f-d5b7-1bf6bc16477d/mzaf_6705914178568792218.plus.aac.p.m4a', 'https://music.apple.com/us/album/you-cant-be-too-strong-acoustic/1450557965?i=1450558367&uo=4', '9.99', 'USD', 'USA', 'https://i.scdn.co/image/ab67616d0000b2734a8eac7e6b03f8b3db7ee1b0'),
(335, 'Superunknown', 335, 37, 195, 'https://is2-ssl.mzstatic.com/image/thumb/Music125/v4/ee/f2/9a/eef29a84-df66-c429-bbfb-ac6773b7fb1e/source/100x100bb.jpg', 'https://audio-ssl.itunes.apple.com/itunes-assets/AudioPreview115/v4/da/a0/df/daa0dfe3-8799-3299-dd6f-3b881d7d2f8d/mzaf_15214311704984923473.plus.aac.p.m4a', 'https://music.apple.com/us/album/superunknown/1440811129?i=1440811671&uo=4', '9.99', 'USD', 'USA', 'https://i.scdn.co/image/ab67616d0000b273ae6d8e36136353d550b2587d'),
(336, 'In Rainbows', 336, 53, 49, 'https://is5-ssl.mzstatic.com/image/thumb/Music125/v4/56/4c/eb/564cebd3-0f19-1ad1-e208-548e98ab1bc3/source/100x100bb.jpg', 'https://audio-ssl.itunes.apple.com/itunes-assets/AudioPreview125/v4/af/72/85/af728523-8048-4a8b-9e13-e8f4f64e9d69/mzaf_8205306206851675436.plus.aac.p.m4a', 'https://music.apple.com/us/album/15-step/1109714933?i=1109715066&uo=4', '9.99', 'USD', 'USA', 'https://i.scdn.co/image/ab67616d0000b273de3c04b5fc750b68899b20a9'),
(337, 'Aqualung', 337, 4, 196, 'https://is4-ssl.mzstatic.com/image/thumb/Music115/v4/ec/2b/c9/ec2bc99d-f7a6-7e0f-0062-43d34ecffc09/source/100x100bb.jpg', 'https://audio-ssl.itunes.apple.com/itunes-assets/AudioPreview125/v4/4e/12/8c/4e128c59-b209-2fc8-b9fd-937390a9e49b/mzaf_6666144293990544030.plus.aac.p.m4a', 'https://music.apple.com/us/album/aqualung/726371044?i=726371508&uo=4', '9.99', 'USD', 'USA', 'https://i.scdn.co/image/ab67616d0000b273be6e758fe8300a72eceddb8f');
INSERT INTO `album` (`album_id`, `album_name`, `album_ranking`, `year_id`, `artist_id`, `album_image_url`, `album_preview_url`, `album_collection_view_url`, `album_collection_price`, `album_price_currency`, `album_country`, `album_image_spotify_url_size_one`) VALUES
(338, 'Cheap Thrills', 338, 7, 197, 'https://is2-ssl.mzstatic.com/image/thumb/Music125/v4/38/45/ec/3845ec81-9b4f-fff4-f791-57aea84059d6/source/100x100bb.jpg', 'https://audio-ssl.itunes.apple.com/itunes-assets/AudioPreview115/v4/78/34/1e/78341e69-1ded-9181-98a6-84e1bcdf5b2d/mzaf_12750679051618936725.plus.aac.p.m4a', 'https://music.apple.com/us/album/piece-of-my-heart/203773381?i=203774057&uo=4', '9.99', 'USD', 'USA', 'https://i.scdn.co/image/ab67616d0000b2731ba5ee8bc24979ce3eee4797'),
(339, 'The Heart of Saturday Night', 339, 34, 198, 'https://is2-ssl.mzstatic.com/image/thumb/Music115/v4/74/c5/78/74c578e1-7a4f-e1e2-3791-1dd0d6463c3a/source/100x100bb.jpg', 'https://audio-ssl.itunes.apple.com/itunes-assets/AudioPreview125/v4/e4/03/01/e403012b-e678-408b-6bed-4146ac19f416/mzaf_1861623247600964228.plus.aac.p.m4a', 'https://music.apple.com/us/album/looking-for-the-heart-of-saturday-night/1485071401?i=1485071559&uo=4', '9.99', 'USD', 'USA', 'https://i.scdn.co/image/ab67616d0000b273d958b6ad9e9723eafba36f72'),
(340, 'Damaged', 340, 48, 199, 'https://is1-ssl.mzstatic.com/image/thumb/Music115/v4/95/4b/98/954b9825-4aaf-1953-9133-ac490bde33d9/source/100x100bb.jpg', 'https://audio-ssl.itunes.apple.com/itunes-assets/AudioPreview125/v4/1b/2f/b0/1b2fb0f5-e909-0b8e-75b9-394f801b9751/mzaf_4619436555525195282.plus.aac.p.m4a', 'https://music.apple.com/us/album/rise-above/117018235?i=117017498&uo=4', '9.99', 'USD', 'USA', 'https://i.scdn.co/image/ab67616d0000b273ba9fff4147e9e1656a5c33e1'),
(341, 'Play', 341, 50, 200, 'https://is2-ssl.mzstatic.com/image/thumb/Music125/v4/a1/9e/b1/a19eb183-b0a5-6765-ec6d-463d40c07e66/source/100x100bb.jpg', 'https://audio-ssl.itunes.apple.com/itunes-assets/AudioPreview115/v4/fe/7f/44/fe7f44a0-4792-9234-1bf2-193d4430b8c9/mzaf_11009474231869396648.plus.aac.p.m4a', 'https://music.apple.com/us/album/flower/281242279?i=281242696&uo=4', '9.99', 'USD', 'USA', 'https://i.scdn.co/image/ab67616d0000b27373b063d18cd9be91eb12284a'),
(342, 'Violator', 342, 14, 201, 'https://is3-ssl.mzstatic.com/image/thumb/Music/v4/c3/d2/69/c3d2693e-3fa5-a006-998c-4fe70daecf34/source/100x100bb.jpg', 'https://audio-ssl.itunes.apple.com/itunes-assets/Music/f8/94/f7/mzm.tpgvuvwm.aac.p.m4a', 'https://music.apple.com/us/album/personal-jesus/166904?i=166898&uo=4', '9.99', 'USD', 'USA', 'https://i.scdn.co/image/ab67616d0000b273234bbbad4dce31cd2950af3e'),
(343, 'Bat Out of Hell', 343, 18, 202, 'https://is5-ssl.mzstatic.com/image/thumb/Music115/v4/c5/e2/3a/c5e23a0d-c0c7-c49c-d676-754b8236976a/source/100x100bb.jpg', 'https://audio-ssl.itunes.apple.com/itunes-assets/AudioPreview115/v4/fd/8a/6e/fd8a6e2a-fdca-041f-1471-46fe691c076c/mzaf_63004596089314409.plus.aac.p.m4a', 'https://music.apple.com/us/album/bat-out-of-hell/991385383?i=991385384&uo=4', '6.99', 'USD', 'USA', 'https://i.scdn.co/image/ab67616d0000b273acbd2bd40539468ce318db2f'),
(344, 'Berlin', 344, 16, 125, 'https://is5-ssl.mzstatic.com/image/thumb/Music5/v4/c7/0c/8f/c70c8f20-4311-7662-ff57-2b4c369437ab/source/100x100bb.jpg', 'https://audio-ssl.itunes.apple.com/itunes-assets/AudioPreview125/v4/44/5c/dc/445cdc34-4707-616d-9b58-9a51bc52678c/mzaf_13701133830207008280.plus.aac.p.m4a', 'https://music.apple.com/us/album/berlin/257563947?i=257563948&uo=4', '8.99', 'USD', 'USA', 'https://i.scdn.co/image/ab67616d0000b27329ecf64a783a05d8d36bf1dc'),
(345, 'Stop Making Sense', 345, 21, 82, 'https://is4-ssl.mzstatic.com/image/thumb/Music124/v4/ae/5a/b3/ae5ab36d-2164-8d0c-687a-3ed7eaf609aa/source/100x100bb.jpg', 'https://audio-ssl.itunes.apple.com/itunes-assets/AudioPreview125/v4/e0/c8/7d/e0c87df6-55fd-a82b-3617-ce58c75e8c3c/mzaf_18107832697191089742.plus.aac.p.m4a', 'https://music.apple.com/us/album/swamp-live/290073030?i=290073040&uo=4', '11.99', 'USD', 'USA', 'https://i.scdn.co/image/ab67616d0000b2734436f2e7c93002ad0eb9716a'),
(346, '3 Feet High and Rising', 346, 42, 203, '', '', '', '', '', '', 'https://i.scdn.co/image/ab67616d0000b273acbd2bd40539468ce318db2f'),
(347, 'The Piper at the Gates of Dawn', 347, 1, 34, 'https://is4-ssl.mzstatic.com/image/thumb/Music7/v4/98/aa/cf/98aacf1a-1135-0449-bc3b-8520239c57fd/source/100x100bb.jpg', 'https://audio-ssl.itunes.apple.com/itunes-assets/AudioPreview125/v4/4f/91/c0/4f91c072-5a27-3737-8aae-491196ef4572/mzaf_13281052479360747595.plus.aac.p.m4a', 'https://music.apple.com/us/album/astronomy-domine/1065975041?i=1065975044&uo=4', '12.99', 'USD', 'USA', 'https://i.scdn.co/image/ab67616d0000b273ebf2ba3431fa5fdbffaff684'),
(348, 'Muddy Waters at Newport 1960', 348, 36, 30, 'https://is1-ssl.mzstatic.com/image/thumb/Music123/v4/e3/18/5d/e3185d6f-2bed-f8d9-7e5a-6a7ffe7e9139/source/100x100bb.jpg', 'https://audio-ssl.itunes.apple.com/itunes-assets/AudioPreview125/v4/8b/b7/72/8bb772c9-d42d-fff7-bf64-9f20df7f9373/mzaf_7042294978948527423.plus.aac.p.m4a', 'https://music.apple.com/us/album/goodbye-newport-blues-live-at-newport-jazz-festival-1960/1484105309?i=1484105535&uo=4', '9.99', 'USD', 'USA', 'https://i.scdn.co/image/ab67616d0000b2738cc943f21a76f8dcc034f320'),
(349, 'The Black Album', 349, 32, 154, '', '', '', '', '', '', 'https://i.scdn.co/image/ab67616d0000b273c528802c308a1e0e4d9945dd'),
(350, 'Roger the Engineer', 350, 2, 204, 'https://is4-ssl.mzstatic.com/image/thumb/Music124/v4/bc/36/0e/bc360ea4-0a4c-6b9e-48ef-4b986ac425e9/source/100x100bb.jpg', 'https://audio-ssl.itunes.apple.com/itunes-assets/AudioPreview114/v4/78/3d/d6/783dd68a-6633-f353-9126-b53cd6499b6f/mzaf_13037035517320473676.plus.aac.p.m4a', 'https://music.apple.com/us/album/over-under-sideways-down-a-side-single-mono-version/1533445021?i=1533445496&uo=4', '8.99', 'USD', 'USA', 'https://i.scdn.co/image/ab67616d0000b273af3dcf0dbaeb18878ab061fe'),
(351, 'Rust Never Sleeps', 351, 6, 133, 'https://is3-ssl.mzstatic.com/image/thumb/Music7/v4/9c/b1/a8/9cb1a89b-b502-e34f-5aff-7d30e55862b1/source/100x100bb.jpg', 'https://audio-ssl.itunes.apple.com/itunes-assets/AudioPreview125/v4/1e/5d/2f/1e5d2fa1-b78a-3bdf-2b69-315af3b734ea/mzaf_11356908872577824905.plus.aac.p.m4a', 'https://music.apple.com/us/album/powderfinger/1015767135?i=1015767230&uo=4', '9.99', 'USD', 'USA', 'https://i.scdn.co/image/ab67616d0000b273f0f6b8bc425633e6ed6369c4'),
(352, 'Brothers in Arms', 352, 39, 205, 'https://is5-ssl.mzstatic.com/image/thumb/Music124/v4/8b/f8/58/8bf8584c-a0c0-7a1a-ef81-91acf91919e8/source/100x100bb.jpg', 'https://audio-ssl.itunes.apple.com/itunes-assets/AudioPreview115/v4/85/3a/ae/853aae90-44ec-6384-af25-4aec78cf8422/mzaf_8690839496841715490.plus.aac.p.m4a', 'https://music.apple.com/us/album/brothers-in-arms-edited-version/308689542?i=308689555&uo=4', '12.99', 'USD', 'USA', 'https://i.scdn.co/image/ab67616d0000b273042dbf8721e37f11843bfeac'),
(353, 'My Beautiful Dark Twisted Fantasy', 353, 54, 73, 'https://is4-ssl.mzstatic.com/image/thumb/Music115/v4/d8/cc/c3/d8ccc3c1-d62a-8bd4-425d-650bc81b5cbc/source/100x100bb.jpg', 'https://audio-ssl.itunes.apple.com/itunes-assets/AudioPreview125/v4/46/6f/8e/466f8e1b-66e1-6a38-cc38-08f8fb283df1/mzaf_1341342235271942505.plus.aac.p.m4a', 'https://music.apple.com/us/album/monster-feat-jay-z-rick-ross-nicki-minaj-bon-iver/1440742903?i=1440742912&uo=4', '9.99', 'USD', 'USA', 'https://i.scdn.co/image/ab67616d0000b273d9194aa18fa4c9362b47464f'),
(354, '52nd Street', 354, 29, 50, 'https://is5-ssl.mzstatic.com/image/thumb/Music115/v4/71/96/28/719628ef-7aee-98e5-2998-04a59a3c0686/source/100x100bb.jpg', 'https://audio-ssl.itunes.apple.com/itunes-assets/AudioPreview125/v4/86/f9/53/86f95397-0431-b050-7805-f41a32138ad8/mzaf_8120930357775211286.plus.aac.p.m4a', 'https://music.apple.com/us/album/52nd-street/259573387?i=259573701&uo=4', '8.99', 'USD', 'USA', 'https://i.scdn.co/image/ab67616d0000b2731d4675d5a0345bb93686e4b6'),
(355, 'Having a Rave Up', 355, 3, 204, 'https://is3-ssl.mzstatic.com/image/thumb/Music113/v4/16/87/96/168796de-d3b1-4449-c815-f9de8dd5cd26/source/100x100bb.jpg', 'https://audio-ssl.itunes.apple.com/itunes-assets/AudioPreview125/v4/31/2e/0d/312e0d00-4671-bf3d-1701-dbf7cb65df2b/mzaf_9322655211661783867.plus.aac.p.m4a', 'https://music.apple.com/us/album/heart-full-of-soul-2015-remaster/1512238072?i=1512238080&uo=4', '9.99', 'USD', 'USA', 'https://i.scdn.co/image/ab67616d0000b273357a322c96a9c629de19ed1e'),
(356, '12 Songs', 356, 15, 187, 'https://is5-ssl.mzstatic.com/image/thumb/Music4/v4/28/58/4b/28584bb0-8285-0ad1-dae7-b4ff7e0f8cf3/source/100x100bb.jpg', 'https://audio-ssl.itunes.apple.com/itunes-assets/AudioPreview125/v4/9c/9d/62/9c9d6242-ad29-95ec-a1e7-cc17b6762dda/mzaf_1923410793497787154.plus.aac.p.m4a', 'https://music.apple.com/us/album/mama-told-me-not-to-come/730459075?i=730459079&uo=4', '9.99', 'USD', 'USA', 'https://i.scdn.co/image/ab67616d0000b2736a1bc9692e30e35af88c95f8'),
(357, 'Between the Buttons', 357, 1, 5, 'https://is5-ssl.mzstatic.com/image/thumb/Music118/v4/e5/bf/76/e5bf7664-877b-c5e7-0205-36930cedb3c8/source/100x100bb.jpg', 'https://audio-ssl.itunes.apple.com/itunes-assets/AudioPreview125/v4/0c/37/d1/0c37d1bd-d139-e36b-6b54-a32550fab8bc/mzaf_7361228953520686518.plus.aac.p.m4a', 'https://music.apple.com/us/album/ruby-tuesday/1440717458?i=1440717883&uo=4', '8.99', 'USD', 'USA', 'https://i.scdn.co/image/ab67616d0000b2738260863a56134f1516913d7f'),
(358, 'Sketches of Spain', 358, 36, 8, 'https://is4-ssl.mzstatic.com/image/thumb/Music/v4/84/c6/0f/84c60fb9-1fb4-1d02-2d7e-5e7b9e7bcb73/source/100x100bb.jpg', 'https://audio-ssl.itunes.apple.com/itunes-assets/AudioPreview115/v4/e0/c2/59/e0c259be-4396-02a6-4c02-2bc6785aa7bd/mzaf_4521710211171416515.plus.aac.p.m4a', 'https://music.apple.com/us/album/concierto-de-aranjuez-adagio/832060615?i=832060617&uo=4', '6.99', 'USD', 'USA', 'https://i.scdn.co/image/ab67616d0000b273ec427e409937a7a73c1741ba'),
(359, 'Honky Chateau', 359, 5, 61, 'https://is4-ssl.mzstatic.com/image/thumb/Music115/v4/2d/16/18/2d161850-dd7d-c5e2-4a44-d6dfedd82a9c/source/100x100bb.jpg', 'https://audio-ssl.itunes.apple.com/itunes-assets/AudioPreview126/v4/3b/23/cc/3b23cceb-3e34-66a1-28ba-4e788c8be16e/mzaf_8477510134964210682.plus.aac.p.m4a', 'https://music.apple.com/us/album/mona-lisas-and-mad-hatters/1440910513?i=1440910952&uo=4', '9.99', 'USD', 'USA', 'https://i.scdn.co/image/ab67616d0000b2733009007708ab5134936a58b3'),
(360, 'Singles Going Steady', 360, 6, 206, 'https://is5-ssl.mzstatic.com/image/thumb/Music124/v4/67/7f/16/677f16be-a863-7395-0514-70d68670b610/source/100x100bb.jpg', 'https://audio-ssl.itunes.apple.com/itunes-assets/AudioPreview115/v4/2d/15/6c/2d156c4b-7049-9e91-34e6-0424bb429c01/mzaf_16383787121437296760.plus.aac.p.m4a', 'https://music.apple.com/us/album/ever-fallen-in-love-with-someone-you-shouldntve/1458533505?i=1458533607&uo=4', '9.99', 'USD', 'USA', 'https://i.scdn.co/image/ab67616d0000b273ee89a285a9b6ec19328aa668'),
(361, 'Stankonia', 361, 26, 207, 'https://is5-ssl.mzstatic.com/image/thumb/Music113/v4/3f/d1/94/3fd19490-a4f0-419d-477d-210fb3c73d43/source/100x100bb.jpg', 'https://audio-ssl.itunes.apple.com/itunes-assets/AudioPreview126/v4/31/fc/5b/31fc5b59-5211-2dbe-5c83-11257e67ffe8/mzaf_6165648823966758467.plus.aac.p.m4a', 'https://music.apple.com/us/album/ms-jackson/255836651?i=255836745&uo=4', '9.99', 'USD', 'USA', 'https://i.scdn.co/image/ab67616d0000b2732350e31bc346a6c20e9de166'),
(362, 'Siamese Dream', 362, 51, 208, 'https://is3-ssl.mzstatic.com/image/thumb/Music124/v4/c6/12/00/c612003e-842d-597e-ed84-3d3b5b96acf1/source/100x100bb.jpg', 'https://audio-ssl.itunes.apple.com/itunes-assets/AudioPreview115/v4/47/33/83/4733831f-5dea-4ecc-4ad4-9159388db6f7/mzaf_16001257552455951623.plus.aac.p.m4a', 'https://music.apple.com/us/album/siamese-dream-broadway-rehearsals-demo/1472818495?i=1472818705&uo=4', '14.99', 'USD', 'USA', 'https://i.scdn.co/image/ab67616d0000b273fd1e7c26933d06af2fd0afe6'),
(363, 'Substance 1987', 363, 19, 209, '', '', '', '', '', '', 'https://i.scdn.co/image/ab67616d0000b273fd1e7c26933d06af2fd0afe6'),
(364, 'L.A. Woman', 364, 4, 33, 'https://is1-ssl.mzstatic.com/image/thumb/Music115/v4/16/70/3c/16703cf4-2cb1-b90f-d64d-ecbb428713a4/source/100x100bb.jpg', 'https://audio-ssl.itunes.apple.com/itunes-assets/AudioPreview125/v4/d5/46/92/d5469282-eaea-0bf1-0195-722cdb66d879/mzaf_5206854026289408862.plus.aac.p.m4a', 'https://music.apple.com/us/album/l-a-woman/640047463?i=640047760&uo=4', '19.99', 'USD', 'USA', 'https://i.scdn.co/image/ab67616d0000b27320783882533e669760741df2'),
(365, 'Rage Against the Machine', 365, 38, 210, 'https://is5-ssl.mzstatic.com/image/thumb/Music125/v4/19/f1/15/19f115a7-bc4d-bfdc-2c69-0787463e8419/source/100x100bb.jpg', 'https://audio-ssl.itunes.apple.com/itunes-assets/AudioPreview125/v4/1d/fc/16/1dfc161c-1cd0-8d8a-8711-edfa5457c35b/mzaf_6872091618080926287.plus.aac.p.m4a', 'https://music.apple.com/us/album/killing-in-the-name/191450810?i=191450927&uo=4', '9.99', 'USD', 'USA', 'https://i.scdn.co/image/ab67616d0000b2737676c7bf4e667590e496c2a3'),
(366, 'American Recordings', 366, 37, 59, 'https://is3-ssl.mzstatic.com/image/thumb/Music124/v4/d9/5b/10/d95b105e-17e3-435c-cb18-e9defb410a03/source/100x100bb.jpg', 'https://audio-ssl.itunes.apple.com/itunes-assets/AudioPreview115/v4/4d/f7/8d/4df78dc7-bcf7-bbed-a368-dcc00b0a6725/mzaf_11443285748809808823.plus.aac.p.m4a', 'https://music.apple.com/us/album/the-beast-in-me/1442245246?i=1442245630&uo=4', '9.99', 'USD', 'USA', 'https://i.scdn.co/image/ab67616d0000b2730cbed275ddbcb58346d22944'),
(367, 'Ray of Light', 367, 45, 118, 'https://is5-ssl.mzstatic.com/image/thumb/Music115/v4/27/23/82/27238285-4449-eaff-a3de-e528cd7f4f2a/source/100x100bb.jpg', 'https://audio-ssl.itunes.apple.com/itunes-assets/AudioPreview125/v4/f3/0c/f5/f30cf5e3-fdb0-b09c-a3a8-909b4c012fea/mzaf_13947341291620937099.plus.aac.p.m4a', 'https://music.apple.com/us/album/ray-of-light/952887?i=952576&uo=4', '9.99', 'USD', 'USA', 'https://i.scdn.co/image/ab67616d0000b273ae2ab7e940779984d3255c09'),
(368, 'Eagles', 368, 5, 29, 'https://is4-ssl.mzstatic.com/image/thumb/Music125/v4/b5/0a/7a/b50a7a10-3ac5-6951-5527-9dbb5e9dc7fd/source/100x100bb.jpg', 'https://audio-ssl.itunes.apple.com/itunes-assets/AudioPreview125/v4/84/f6/86/84f686a9-6b79-668a-c182-e8d816ff3687/mzaf_12814377987078818013.plus.aac.p.m4a', 'https://music.apple.com/us/album/take-it-easy/635791801?i=635791802&uo=4', '9.99', 'USD', 'USA', 'https://i.scdn.co/image/ab67616d0000b273c13acd642ba9f6f5f127aa1b'),
(369, 'Louder Than Bombs', 369, 19, 138, 'https://is3-ssl.mzstatic.com/image/thumb/Music115/v4/92/7a/bf/927abf79-7614-3c83-9238-93452853d07b/source/100x100bb.jpg', 'https://audio-ssl.itunes.apple.com/itunes-assets/AudioPreview125/v4/a5/39/34/a53934b7-1239-1de3-5b6d-3afcd6c1f099/mzaf_14008559789436107958.plus.aac.p.m4a', 'https://music.apple.com/us/album/please-please-please-let-me-get-what-i-want/802231063?i=802231085&uo=4', '11.99', 'USD', 'USA', 'https://i.scdn.co/image/ab67616d0000b273ed3953f8af1f764a146b7583'),
(370, 'Mott', 370, 16, 211, 'https://is5-ssl.mzstatic.com/image/thumb/Music/v4/0c/82/c4/0c82c433-a378-f4e6-3060-e18d0c5ebf65/source/100x100bb.jpg', 'https://audio-ssl.itunes.apple.com/itunes-assets/AudioPreview125/v4/30/e7/e9/30e7e977-e274-04b7-7328-fd2042375b33/mzaf_13210653195567174429.plus.aac.p.m4a', 'https://music.apple.com/us/album/all-the-way-from-memphis/155713664?i=155713685&uo=4', '9.99', 'USD', 'USA', 'https://i.scdn.co/image/ab67616d0000b27372999a33939f6a1e2dcf96bb'),
(371, 'Whatever People Say I Am, That\'s What I\'m Not', 371, 47, 212, 'https://is2-ssl.mzstatic.com/image/thumb/Music114/v4/cf/c2/57/cfc257d9-2af7-2626-4032-33652227f0f4/source/100x100bb.jpg', 'https://audio-ssl.itunes.apple.com/itunes-assets/AudioPreview115/v4/48/a2/fd/48a2fdc5-c26a-46ac-a80d-8b2041357e68/mzaf_271772249118814142.plus.aac.p.m4a', 'https://music.apple.com/us/album/perhaps-vampires-is-a-bit-strong-but/121522402?i=121522328&uo=4', '9.99', 'USD', 'USA', 'https://i.scdn.co/image/ab67616d0000b2736b3fa88bdd4af566fbbf2bbf'),
(372, 'Reggatta de Blanc', 372, 6, 188, 'https://is2-ssl.mzstatic.com/image/thumb/Music114/v4/d5/33/db/d533db25-ba93-042f-7feb-ae615dc2cb10/source/100x100bb.jpg', 'https://audio-ssl.itunes.apple.com/itunes-assets/AudioPreview115/v4/48/a6/02/48a60235-8e7b-9c1d-7284-bb8a22a4e1ef/mzaf_3958011930905231303.plus.aac.p.m4a', 'https://music.apple.com/us/album/reggatta-de-blanc/1452859259?i=1452859325&uo=4', '14.99', 'USD', 'USA', 'https://i.scdn.co/image/ab67616d0000b2738ec81cc654b45ade8bdf1486'),
(373, 'Volunteers', 373, 10, 95, 'https://is1-ssl.mzstatic.com/image/thumb/Music124/v4/c9/96/e6/c996e631-1a3f-d1c5-4a58-7d5b2aa336cb/source/100x100bb.jpg', 'https://audio-ssl.itunes.apple.com/itunes-assets/AudioPreview125/v4/d5/e3/98/d5e398cc-5b0a-053a-3264-0b000fcfba10/mzaf_10566154676961699802.plus.aac.p.m4a', 'https://music.apple.com/us/album/volunteers-remastered-2004/418556875?i=418556953&uo=4', '-1', 'USD', 'USA', 'https://i.scdn.co/image/ab67616d0000b2733039b37473adcbcbf0c5a5b5'),
(374, 'Siren', 374, 11, 213, 'https://is3-ssl.mzstatic.com/image/thumb/Music128/v4/f8/8a/12/f88a120d-750b-5861-8d43-c24e1957e332/source/100x100bb.jpg', 'https://audio-ssl.itunes.apple.com/itunes-assets/AudioPreview115/v4/25/0d/07/250d07bf-8013-e049-8e44-306e0b61ffa0/mzaf_9863193176979749584.plus.aac.p.m4a', 'https://music.apple.com/us/album/both-ends-burning-1999-remaster/723878140?i=723878743&uo=4', '7.99', 'USD', 'USA', 'https://i.scdn.co/image/ab67616d0000b27362568953d4c4141c140df9ba'),
(375, 'Late for the Sky', 375, 34, 214, 'https://is1-ssl.mzstatic.com/image/thumb/Music115/v4/b6/19/24/b61924ee-6e3b-9ed9-e5f9-a2bef71a0cfc/source/100x100bb.jpg', 'https://audio-ssl.itunes.apple.com/itunes-assets/AudioPreview116/v4/42/1d/3e/421d3ea2-ce21-56a9-16bb-d45a0ece8a5e/mzaf_2489381090117858127.plus.aac.p.m4a', 'https://music.apple.com/us/album/late-for-the-sky/842470967?i=842470993&uo=4', '15.99', 'USD', 'USA', 'https://i.scdn.co/image/ab67616d0000b2732a025a4e7885b7e74006c113'),
(376, 'Post', 376, 33, 215, '', '', '', '', '', '', 'https://i.scdn.co/image/ab67616d0000b2735092260f47e0d95717b834c3'),
(377, 'The Ultimate Collection: 1948-1990', 377, 12, 216, '', '', '', '', '', '', 'https://i.scdn.co/image/ab67616d0000b27393555d5ac5730442a88c36d6'),
(378, '(What\'s the Story) Morning Glory?', 378, 33, 217, 'https://is2-ssl.mzstatic.com/image/thumb/Music113/v4/f1/91/ef/f191effe-4cf2-932b-f2cf-a724454d2d49/source/100x100bb.jpg', '', '', '', 'USD', 'USA', 'https://i.scdn.co/image/ab67616d0000b2737a4c8c59851c88f6794c3cbf'),
(379, 'CrazySexyCool', 379, 37, 218, 'https://is4-ssl.mzstatic.com/image/thumb/Music125/v4/37/4e/87/374e8747-6059-add5-b3d7-8bdc9a56090b/source/100x100bb.jpg', 'https://audio-ssl.itunes.apple.com/itunes-assets/AudioPreview125/v4/a9/b0/d8/a9b0d89f-46c5-c4ce-0448-ee7c2a2da4b3/mzaf_536725177034094309.plus.aac.p.m4a', 'https://music.apple.com/us/album/waterfalls/270246704?i=270246724&uo=4', '9.99', 'USD', 'USA', 'https://i.scdn.co/image/ab67616d0000b273a6125b1964a555892c49ea53'),
(380, 'Funky Kingston', 380, 16, 219, 'https://is3-ssl.mzstatic.com/image/thumb/Music124/v4/2d/51/62/2d5162d3-fa2a-b7c2-1737-93d1ae83f4c3/source/100x100bb.jpg', 'https://audio-ssl.itunes.apple.com/itunes-assets/AudioPreview125/v4/76/8e/14/768e1455-ed32-b596-e2bd-257e86402fc3/mzaf_15983880187701546041.plus.aac.p.m4a', 'https://music.apple.com/us/album/funky-kingston/1434918836?i=1434919371&uo=4', '9.99', 'USD', 'USA', 'https://i.scdn.co/image/ab67616d0000b273c791c7423d7b3b9f02fb093a'),
(381, 'The Smile Sessions', 381, 55, 2, 'https://is4-ssl.mzstatic.com/image/thumb/Music4/v4/64/e5/bb/64e5bb1b-d7e3-9b4d-4a05-fa8b8e808837/source/100x100bb.jpg', 'https://audio-ssl.itunes.apple.com/itunes-assets/AudioPreview125/v4/05/91/9a/05919a22-78fa-4452-2bc9-b407551313d5/mzaf_302469629456753780.plus.aac.p.m4a', 'https://music.apple.com/us/album/good-vibrations/720113626?i=720113723&uo=4', '19.99', 'USD', 'USA', 'https://i.scdn.co/image/ab67616d0000b2737d1cf8f1248fe22f8d15a083'),
(382, 'The Modern Lovers', 382, 8, 220, 'https://is1-ssl.mzstatic.com/image/thumb/Music125/v4/10/00/59/1000596e-b645-0c28-f970-2b5cdfc6cba8/source/100x100bb.jpg', 'https://audio-ssl.itunes.apple.com/itunes-assets/AudioPreview125/v4/f5/e6/70/f5e67046-1c76-0d88-1944-f3bcc7276871/mzaf_16630795084671139454.plus.aac.p.m4a', 'https://music.apple.com/us/album/pablo-picasso/1143260720?i=1143261459&uo=4', '9.99', 'USD', 'USA', 'https://i.scdn.co/image/ab67616d0000b273e8338f6c5588003f1a94fb7a'),
(383, 'More Songs About Buildings and Food', 383, 29, 82, 'https://is4-ssl.mzstatic.com/image/thumb/Music/v4/ee/0d/1a/ee0d1a01-cb52-006f-69b6-b737660e8fcf/source/100x100bb.jpg', '', 'https://music.apple.com/us/album/take-me-to-the-river/302108628?i=302108639&uo=4', '9.99', 'USD', 'USA', 'https://i.scdn.co/image/ab67616d0000b273b7307213fae24e3fbcbe46aa'),
(384, 'A Quick One', 384, 2, 22, 'https://is3-ssl.mzstatic.com/image/thumb/Music128/v4/6c/63/83/6c63833d-4c43-46d1-ce9a-c77aba22228f/source/100x100bb.jpg', '', '', '9.99', 'USD', 'USA', 'https://i.scdn.co/image/ab67616d0000b27378ebcf1fc0aa3bfbe3490dee'),
(385, '\"Love and Theft\"', 385, 20, 3, 'https://is1-ssl.mzstatic.com/image/thumb/Music/v4/99/7c/1a/997c1a2b-669f-d510-bd52-a44cc071a2e0/source/100x100bb.jpg', 'https://audio-ssl.itunes.apple.com/itunes-assets/AudioPreview125/v4/88/3f/2b/883f2b74-23fd-3cff-e76c-4566f46c6769/mzaf_1590747284596656275.plus.aac.p.m4a', 'https://music.apple.com/us/album/mississippi/552413840?i=552414192&uo=4', '9.99', 'USD', 'USA', 'https://i.scdn.co/image/ab67616d0000b273bc66153fea3a00492f35a9f8'),
(386, 'Pretzel Logic', 386, 34, 94, 'https://is3-ssl.mzstatic.com/image/thumb/Music115/v4/cf/3f/c7/cf3fc739-3b30-2502-5963-200116007cd8/source/100x100bb.jpg', 'https://audio-ssl.itunes.apple.com/itunes-assets/AudioPreview125/v4/27/18/dc/2718dcd5-95d3-36de-fdfc-c6a8bda7f813/mzaf_17010268863564903659.plus.aac.p.m4a', 'https://music.apple.com/us/album/pretzel-logic/1440489152?i=1440489371&uo=4', '8.99', 'USD', 'USA', 'https://i.scdn.co/image/ab67616d0000b2731234cfa16adeb9ca984cb250'),
(387, 'Enter the Wu_Tang: 36 Chambers', 387, 51, 221, '', '', '', '', '', '', 'https://i.scdn.co/image/ab67616d0000b2735901aaa980d3e714bf01171c'),
(388, 'The Indestructible Beat of Soweto', 388, 39, 76, '', '', '', '', '', '', 'https://i.scdn.co/image/ab67616d0000b273ff6e678ce3e1cd423fe4d4fe'),
(389, 'The End of the Innocence', 389, 42, 222, 'https://is2-ssl.mzstatic.com/image/thumb/Music115/v4/02/ef/6a/02ef6a1d-7152-ce74-2f94-4e55c0ac5e7f/source/100x100bb.jpg', 'https://audio-ssl.itunes.apple.com/itunes-assets/AudioPreview125/v4/5f/16/81/5f1681ab-8c0e-f08a-2edf-80434d990aa5/mzaf_9647740585138857025.plus.aac.p.m4a', 'https://music.apple.com/us/album/the-end-of-the-innocence/1440851690?i=1440851966&uo=4', '7.99', 'USD', 'USA', 'https://i.scdn.co/image/ab67616d0000b2730462a9be5505af5d85444bd3'),
(390, 'Elephant', 390, 32, 223, 'https://is2-ssl.mzstatic.com/image/thumb/Music124/v4/d6/79/1a/d6791a08-ded6-3d0c-8532-5ad156980006/source/100x100bb.jpg', 'https://audio-ssl.itunes.apple.com/itunes-assets/AudioPreview115/v4/61/54/97/61549744-a83b-1c4d-58cf-e56b36beb4a7/mzaf_1246579179619940831.plus.aac.p.m4a', 'https://music.apple.com/us/album/seven-nation-army/1533513536?i=1533513537&uo=4', '9.99', 'USD', 'USA', 'https://i.scdn.co/image/ab67616d0000b273a69f71a8794e2d867a52f98f'),
(391, 'The Pretender', 391, 8, 214, 'https://is1-ssl.mzstatic.com/image/thumb/Music/v4/63/e8/ed/63e8ed6a-fc70-d09f-33b6-ff5284ce03e8/source/100x100bb.jpg', 'https://audio-ssl.itunes.apple.com/itunes-assets/AudioPreview125/v4/8a/34/f5/8a34f51d-e21b-7fa5-a59c-c694e0e14cef/mzaf_5090373835808933664.plus.aac.p.m4a', 'https://music.apple.com/us/album/the-pretender-live/81255451?i=81255417&uo=4', '9.99', 'USD', 'USA', 'https://i.scdn.co/image/ab67616d0000b2731007eba19c535d2085cf2038'),
(392, 'Let It Be', 392, 15, 1, 'https://is5-ssl.mzstatic.com/image/thumb/Music115/v4/69/79/c2/6979c26c-4fe5-3b45-0b9e-588cc9cd0687/source/100x100bb.jpg', 'https://audio-ssl.itunes.apple.com/itunes-assets/AudioPreview125/v4/87/9a/e6/879ae67e-5488-bae4-f4cf-dc2680e50002/mzaf_12599982785820130194.plus.aac.p.m4a', 'https://music.apple.com/us/album/let-it-be-2021-mix/1582219768?i=1582223667&uo=4', '9.99', 'USD', 'USA', 'https://i.scdn.co/image/ab67616d0000b273008cfa8fb96ef0befcbc615a'),
(393, 'Kala', 393, 53, 224, 'https://is4-ssl.mzstatic.com/image/thumb/Music115/v4/5e/9c/31/5e9c31b3-d510-c737-4419-6757d7b6457d/source/100x100bb.jpg', '', 'https://music.apple.com/us/album/paper-planes-afrikan-boy-rye-rye-remix/296393419?i=296393518&uo=4', '11.99', 'USD', 'USA', 'https://i.scdn.co/image/ab67616d0000b27320e0d874026f971dc2c4822b'),
(394, 'Good Old Boys', 394, 34, 187, 'https://is1-ssl.mzstatic.com/image/thumb/Music124/v4/81/aa/ef/81aaef35-cc99-b4a5-c927-86ef6faaa981/source/100x100bb.jpg', 'https://audio-ssl.itunes.apple.com/itunes-assets/AudioPreview115/v4/a3/b6/1a/a3b61a99-05f4-0812-d189-4ad7ce3bbdc2/mzaf_3034117840495199913.plus.aac.p.m4a', 'https://music.apple.com/us/album/louisiana-1927/51957158?i=51957181&uo=4', '9.99', 'USD', 'USA', 'https://i.scdn.co/image/ab67616d0000b273c6ced485841aa277654b70ab'),
(395, 'Sound of Silver', 395, 53, 225, 'https://is1-ssl.mzstatic.com/image/thumb/Music125/v4/82/99/00/829900af-5e26-4b70-9bf8-a0989286a03a/source/100x100bb.jpg', 'https://audio-ssl.itunes.apple.com/itunes-assets/AudioPreview125/v4/44/25/7c/44257c56-165b-5980-52a1-62504eb2927f/mzaf_17998037344074228348.plus.aac.p.m4a', 'https://music.apple.com/us/album/sound-of-silver/742432549?i=742434970&uo=4', '9.99', 'USD', 'USA', 'https://i.scdn.co/image/ab67616d0000b273e6272ad26e7a55bc342a6dd0'),
(396, 'For Your Pleasure', 396, 16, 213, 'https://is2-ssl.mzstatic.com/image/thumb/Music124/v4/64/9a/11/649a1182-a3ab-0c27-e030-32dd53abdba2/source/100x100bb.jpg', 'https://audio-ssl.itunes.apple.com/itunes-assets/AudioPreview115/v4/6f/31/13/6f31139c-5aec-6116-af34-fb4d5774eb41/mzaf_6704190966979844096.plus.aac.p.m4a', 'https://music.apple.com/us/album/for-your-pleasure/724399564?i=724400160&uo=4', '7.99', 'USD', 'USA', 'https://i.scdn.co/image/ab67616d0000b273707a76900ebe2c7f5fad3615'),
(397, 'Blue Lines', 397, 12, 226, 'https://is3-ssl.mzstatic.com/image/thumb/Music115/v4/59/a1/eb/59a1ebfe-8a87-683d-9e60-1f4cd12df7e4/source/100x100bb.jpg', '', 'https://music.apple.com/us/album/blue-lines/715864097?i=715864343&uo=4', '5.99', 'USD', 'USA', 'https://i.scdn.co/image/ab67616d0000b273af5beb00d940f5ede452d6b5'),
(398, 'Eliminator', 398, 46, 227, 'https://is1-ssl.mzstatic.com/image/thumb/Music115/v4/c9/34/f4/c934f41a-4211-a8c7-36c2-8b8812c3cb26/source/100x100bb.jpg', 'https://audio-ssl.itunes.apple.com/itunes-assets/AudioPreview125/v4/dd/ff/19/ddff19bf-91e1-bbe0-c709-92104e37d30b/mzaf_14143813980830765546.plus.aac.p.m4a', 'https://music.apple.com/us/album/gimme-all-your-lovin/655184882?i=655184888&uo=4', '9.99', 'USD', 'USA', 'https://i.scdn.co/image/ab67616d0000b27328a00032ff3b86af3d7e0e54'),
(399, 'Rain Dogs', 399, 39, 198, 'https://is4-ssl.mzstatic.com/image/thumb/Music114/v4/cf/db/90/cfdb9084-d29d-5ee7-c23d-2cf8802e59c2/source/100x100bb.jpg', 'https://audio-ssl.itunes.apple.com/itunes-assets/AudioPreview125/v4/a6/a0/b7/a6a0b737-51a0-9f96-f2f0-003eb7899f42/mzaf_5756546889751672142.plus.aac.p.m4a', 'https://music.apple.com/us/album/rain-dogs/1440657420?i=1440657530&uo=4', '7.99', 'USD', 'USA', 'https://i.scdn.co/image/ab67616d0000b2732549b23da8bec3c24653b619'),
(400, 'Anthology: The Best of The Temptations', 400, 33, 228, '', '', '', '', '', '', 'https://i.scdn.co/image/ab67616d0000b2730fe2ec86a0ec561ef2e2aae1'),
(401, 'Californication', 401, 50, 181, 'https://is3-ssl.mzstatic.com/image/thumb/Music125/v4/4f/fe/e6/4ffee641-1876-29c6-2307-0dcdc660cd9a/source/100x100bb.jpg', '', '', '12.99', 'USD', 'USA', 'https://i.scdn.co/image/ab67616d0000b27394d08ab63e57b0cae74e8595'),
(402, 'Illmatic', 402, 37, 229, 'https://is1-ssl.mzstatic.com/image/thumb/Music115/v4/e8/98/bb/e898bb07-354d-a91e-cc25-2e46815397a8/source/100x100bb.jpg', 'https://audio-ssl.itunes.apple.com/itunes-assets/AudioPreview115/v4/bb/8e/59/bb8e593b-3a36-0bf2-3633-92311404b194/mzaf_14436833272477604333.plus.aac.p.m4a', 'https://music.apple.com/us/album/n-y-state-of-mind/662324135?i=662324539&uo=4', '8.99', 'USD', 'USA', 'https://i.scdn.co/image/ab67616d0000b273045fc920ecf4f8094888ec26'),
(403, '(pronounced \'leh-\'nerd \'skin-\'nerd)', 403, 16, 230, 'https://is5-ssl.mzstatic.com/image/thumb/Music125/v4/47/5f/5c/475f5c1b-3d43-89be-8a31-bf297dcdcf84/source/100x100bb.jpg', 'https://audio-ssl.itunes.apple.com/itunes-assets/AudioPreview125/v4/5f/b4/be/5fb4be99-d195-a145-94d5-4a4240347d95/mzaf_7980834589491122879.plus.aac.p.m4a', 'https://music.apple.com/us/album/simple-man/1440838012?i=1440838314&uo=4', '9.99', 'USD', 'USA', 'https://i.scdn.co/image/ab67616d0000b273128450651c9f0442780d8eb8'),
(404, 'Dr. John\'s Gumbo', 404, 5, 231, 'https://is5-ssl.mzstatic.com/image/thumb/Music/v4/90/c9/49/90c9497c-6467-8379-07d9-cb387109f9d0/source/100x100bb.jpg', 'https://audio-ssl.itunes.apple.com/itunes-assets/AudioPreview115/v4/2a/b1/4b/2ab14b94-d587-bb51-6543-5ebb47a605ff/mzaf_10581224331929542075.plus.aac.p.m4a', 'https://music.apple.com/us/album/iko-iko/291269768?i=291269769&uo=4', '9.99', 'USD', 'USA', 'https://i.scdn.co/image/ab67616d0000b2732675616f69de1bbb12dbd10f'),
(405, 'Radio City', 405, 34, 232, 'https://is4-ssl.mzstatic.com/image/thumb/Music115/v4/ac/2b/66/ac2b6638-abea-b6ff-05d7-54150bd4a9f2/source/100x100bb.jpg', 'https://audio-ssl.itunes.apple.com/itunes-assets/AudioPreview115/v4/eb/ce/2c/ebce2c39-f76c-098b-8a16-d1607bd2d8b1/mzaf_15169062547395254283.plus.aac.p.m4a', 'https://music.apple.com/us/album/september-gurls/1442997142?i=1442997158&uo=4', '9.99', 'USD', 'USA', 'https://i.scdn.co/image/ab67616d0000b273a4712caa12c3ef2b3ab16025'),
(406, 'Rid of Me', 406, 51, 233, 'https://is4-ssl.mzstatic.com/image/thumb/Music124/v4/d2/c0/8a/d2c08a14-39ab-9f29-e67e-60dd50748607/source/100x100bb.jpg', '', '', '', '', '', 'https://i.scdn.co/image/ab67616d0000b2735950e19534bed4e25b6048f1'),
(407, 'Sandinista!', 407, 28, 6, 'https://is1-ssl.mzstatic.com/image/thumb/Music124/v4/f1/db/4b/f1db4b09-091c-d38e-018a-91c9c43cab68/source/100x100bb.jpg', '', '', '', '', '', 'https://i.scdn.co/image/ab67616d0000b2732791862e3d0be4fab0781230'),
(408, 'I Do Not Want What I Haven\'t Got', 408, 42, 234, '', '', '', '', '', '', 'https://i.scdn.co/image/ab67616d0000b2736f6536c2e326fb2b42db90f8'),
(409, 'Strange Days', 409, 1, 33, 'https://is1-ssl.mzstatic.com/image/thumb/Music115/v4/16/70/3c/16703cf4-2cb1-b90f-d64d-ecbb428713a4/source/100x100bb.jpg', 'https://audio-ssl.itunes.apple.com/itunes-assets/AudioPreview115/v4/e0/99/bd/e099bd80-8827-a755-7d62-86bfee94157d/mzaf_10043527557520915974.plus.aac.p.m4a', 'https://music.apple.com/us/album/strange-days/640047463?i=640047578&uo=4', '19.99', 'USD', 'USA', 'https://i.scdn.co/image/ab67616d0000b27386339e6cd71cc2a167451ee5'),
(410, 'Time Out of Mind', 410, 43, 3, 'https://is1-ssl.mzstatic.com/image/thumb/Music/v4/28/c9/72/28c97299-2ce3-f149-df5a-d1eda41b0972/source/100x100bb.jpg', 'https://audio-ssl.itunes.apple.com/itunes-assets/AudioPreview115/v4/4f/f2/1a/4ff21a8b-208e-0f55-eabd-1617cad56a03/mzaf_2654500305490470139.plus.aac.p.m4a', 'https://music.apple.com/us/album/make-you-feel-my-love/190392344?i=190393869&uo=4', '9.99', 'USD', 'USA', 'https://i.scdn.co/image/ab67616d0000b273fa4240ed863bbd8bec6e9c34'),
(411, '461 Ocean Boulevard', 411, 34, 189, 'https://is3-ssl.mzstatic.com/image/thumb/Music115/v4/6a/b7/7e/6ab77e90-ea78-ee9b-4b17-42c9ec94f68a/source/100x100bb.jpg', 'https://audio-ssl.itunes.apple.com/itunes-assets/AudioPreview125/v4/f6/d0/9c/f6d09cf5-53fd-706a-8358-9ab1c33a916e/mzaf_1048161806333769100.plus.aac.p.m4a', 'https://music.apple.com/us/album/mainline-florida/1440851328?i=1440851675&uo=4', '9.99', 'USD', 'USA', 'https://i.scdn.co/image/ab67616d0000b273b367abd1c70d41d6ee4b2a6e'),
(412, 'Pink Flag', 412, 18, 235, 'https://is2-ssl.mzstatic.com/image/thumb/Music115/v4/91/fe/8d/91fe8d2e-534f-ec5e-bf7c-6601e467063a/source/100x100bb.jpg', 'https://audio-ssl.itunes.apple.com/itunes-assets/AudioPreview115/v4/70/de/0c/70de0c57-a75c-6081-7038-028e91841c4a/mzaf_10325893036944984636.plus.aac.p.m4a', 'https://music.apple.com/us/album/pink-flag-2006-remastered-version/1328682500?i=1328682936&uo=4', '9.99', 'USD', 'USA', 'https://i.scdn.co/image/ab67616d0000b2734c6c5ba83f726dbecf710361'),
(413, 'Double Nickels on the Dime', 413, 21, 236, 'https://is5-ssl.mzstatic.com/image/thumb/Music115/v4/16/32/a4/1632a4c9-5703-9274-0f82-a0a87523003e/source/100x100bb.jpg', 'https://audio-ssl.itunes.apple.com/itunes-assets/AudioPreview115/v4/5a/a2/22/5aa222da-03ad-24a9-d2a5-c48ca4064018/mzaf_15929078613608702071.plus.aac.p.m4a', 'https://music.apple.com/us/album/corona/117012391?i=117011026&uo=4', '10.99', 'USD', 'USA', 'https://i.scdn.co/image/ab67616d0000b2732355a03528a6707c35365b1e'),
(414, 'Beauty and the Beat', 414, 48, 237, NULL, '', '', '', '', '', 'https://i.scdn.co/image/ab67616d0000b2738a25755534e84d8a604e6b38'),
(415, 'Van Halen', 415, 29, 238, 'https://is3-ssl.mzstatic.com/image/thumb/Music125/v4/a4/54/f5/a454f539-b695-de25-9b04-48c0e7b470eb/source/100x100bb.jpg', 'https://audio-ssl.itunes.apple.com/itunes-assets/AudioPreview125/v4/15/b2/27/15b2275a-ff01-1138-a63e-81ff8941311d/mzaf_15079359282759953050.plus.aac.p.m4a', 'https://music.apple.com/us/album/runnin-with-the-devil/976820530?i=976820535&uo=4', '9.99', 'USD', 'USA', 'https://i.scdn.co/image/ab67616d0000b27317dd812df38fed44d6d2036e'),
(416, 'Mule Variations', 416, 50, 198, 'https://is1-ssl.mzstatic.com/image/thumb/Music124/v4/87/35/a6/8735a6b0-7132-c6f2-0869-31af6e002cd0/source/100x100bb.jpg', 'https://audio-ssl.itunes.apple.com/itunes-assets/AudioPreview125/v4/a8/c3/1c/a8c31c8d-175b-8d29-a035-eb0951bd372c/mzaf_13389467691869842945.plus.aac.p.m4a', 'https://music.apple.com/us/album/picture-in-a-frame/1485070836?i=1485070849&uo=4', '9.99', 'USD', 'USA', 'https://i.scdn.co/image/ab67616d0000b273ddbc5baae5ad5f0b4de990b6'),
(417, 'Boy', 417, 28, 21, 'https://is1-ssl.mzstatic.com/image/thumb/Music115/v4/33/d4/7e/33d47e48-7016-8a21-d8a0-e4e06a41ab38/source/100x100bb.jpg', '', '', '', '', '', 'https://i.scdn.co/image/ab67616d0000b2736744b017c4dc9b732913708e'),
(418, 'Band on the Run', 418, 16, 239, 'https://is4-ssl.mzstatic.com/image/thumb/Music114/v4/f1/58/be/f158be79-35af-7bf8-6933-7fbc2098ace0/source/100x100bb.jpg', 'https://audio-ssl.itunes.apple.com/itunes-assets/AudioPreview125/v4/93/a5/45/93a54579-5f61-fa7b-f299-edd70e91fb52/mzaf_17272915192566324457.plus.aac.p.m4a', 'https://music.apple.com/us/album/band-on-the-run/1440940231?i=1440940432&uo=4', '16.99', 'USD', 'USA', 'https://i.scdn.co/image/ab67616d0000b273fc51548f48a9676f010a48c1'),
(419, 'Dummy', 419, 37, 240, 'https://is5-ssl.mzstatic.com/image/thumb/Music125/v4/a4/e1/0d/a4e10de6-e7df-3fd0-1801-c34ba837bf81/source/100x100bb.jpg', 'https://audio-ssl.itunes.apple.com/itunes-assets/AudioPreview115/v4/e9/12/99/e91299a5-115b-85d5-c6a5-7d7ffca699cf/mzaf_16022543165233599469.plus.aac.p.m4a', 'https://music.apple.com/us/album/glory-box/1440653096?i=1440653206&uo=4', '9.99', 'USD', 'USA', 'https://i.scdn.co/image/ab67616d0000b273dc20397b139223620af148f6'),
(420, 'The \"Chirping\" Crickets', 420, 23, 241, 'https://is4-ssl.mzstatic.com/image/thumb/Music115/v4/77/28/ca/7728ca24-5e62-25d1-4882-b5488614ca54/source/100x100bb.jpg', 'https://audio-ssl.itunes.apple.com/itunes-assets/AudioPreview125/v4/f2/17/7f/f2177f59-0096-bb2c-6418-a5fdd2d2ba20/mzaf_6595248848207513853.plus.aac.p.m4a', 'https://music.apple.com/us/album/thatll-be-the-day/1469585360?i=1469585905&uo=4', '7.99', 'USD', 'USA', 'https://i.scdn.co/image/ab67616d0000b273c6c513f39a29c6958f83f8aa'),
(421, 'The Best of the Girl Groups, Volume 1', 421, 14, 76, NULL, '', '', '', '', '', 'https://i.scdn.co/image/ab67616d0000b273a3b6f7c870f1228628a2c014'),
(422, 'Presenting the Fabulous Ronettes Featuring Veronica', 422, 17, 242, 'https://is4-ssl.mzstatic.com/image/thumb/Music115/v4/1d/95/17/1d95177e-0007-8e77-8fb4-a280b9821690/source/100x100bb.jpg', 'https://audio-ssl.itunes.apple.com/itunes-assets/AudioPreview115/v4/ce/1f/78/ce1f7808-2290-1a9a-ed43-e85253994bc6/mzaf_1464025489940260044.plus.aac.p.m4a', 'https://music.apple.com/us/album/be-my-baby/518081279?i=518081286&uo=4', '9.99', 'USD', 'USA', 'https://i.scdn.co/image/ab67616d0000b273b298efc29df3b69ec3f0d675'),
(423, 'Anthology', 423, 20, 243, 'https://is5-ssl.mzstatic.com/image/thumb/Music124/v4/c4/e6/f0/c4e6f098-1125-2232-3012-b5792485c460/source/100x100bb.jpg', 'https://audio-ssl.itunes.apple.com/itunes-assets/AudioPreview126/v4/51/4d/0c/514d0cac-aa74-42ea-b6f6-14a1720bb327/mzaf_1751082225452342846.plus.aac.p.m4a', 'https://music.apple.com/us/album/you-cant-hurry-love/1434895644?i=1434895852&uo=4', '19.99', 'USD', 'USA', 'https://i.scdn.co/image/ab67616d0000b27315ce28386972806e354b483f'),
(424, 'The Rising', 424, 44, 12, 'https://is4-ssl.mzstatic.com/image/thumb/Music124/v4/ca/58/0b/ca580b39-828b-9af1-ec92-f0191e421338/source/100x100bb.jpg', 'https://audio-ssl.itunes.apple.com/itunes-assets/AudioPreview115/v4/74/fd/a9/74fda9f1-71a1-734a-ca87-4f35ce24ead2/mzaf_2441164836495909778.plus.aac.p.m4a', 'https://music.apple.com/us/album/the-rising/192901525?i=192903160&uo=4', '9.99', 'USD', 'USA', 'https://i.scdn.co/image/ab67616d0000b27345250f89c252406b27163810'),
(425, 'Grievous Angel', 425, 34, 244, 'https://is5-ssl.mzstatic.com/image/thumb/Music125/v4/77/a0/a4/77a0a4f0-41d6-1ad8-52c8-5d8dc8ad4212/source/100x100bb.jpg', 'https://audio-ssl.itunes.apple.com/itunes-assets/AudioPreview115/v4/e5/ba/e3/e5bae390-292a-ba15-8284-f8b6c28f0016/mzaf_10294315858622412281.plus.aac.p.m4a', 'https://music.apple.com/us/album/return-of-the-grievous-angel/304907551?i=304907692&uo=4', '9.99', 'USD', 'USA', 'https://i.scdn.co/image/ab67616d0000b2734c5fedbe6cf1a65f70d5c30e'),
(426, 'Cheap Trick at Budokan', 426, 29, 245, 'https://is3-ssl.mzstatic.com/image/thumb/Music125/v4/e8/8c/65/e88c6542-a27d-e5e3-afe2-44412176c33b/source/100x100bb.jpg', 'https://audio-ssl.itunes.apple.com/itunes-assets/AudioPreview115/v4/4b/99/76/4b997623-586e-ac3d-e10d-546bd099453d/mzaf_1865194750192817042.plus.aac.p.m4a', 'https://music.apple.com/us/album/i-want-you-to-want-me-live-at-nippon-budokan-tokyo/198011323?i=198014468&uo=4', '14.99', 'USD', 'USA', 'https://i.scdn.co/image/ab67616d0000b273e8d8639f8f99d2302f7bc46f'),
(427, 'Sleepless', 427, 44, 246, 'https://is4-ssl.mzstatic.com/image/thumb/Music/v4/3f/b2/97/3fb297af-2377-1490-348f-cf04e24ec3ac/source/100x100bb.jpg', 'https://audio-ssl.itunes.apple.com/itunes-assets/AudioPreview115/v4/a6/b7/1d/a6b71d31-b140-63ce-aec6-ebe85328b3ac/mzaf_7132433801155563149.plus.aac.p.m4a', 'https://music.apple.com/us/album/nothing-but-the-wheel/6184648?i=6184626&uo=4', '9.99', 'USD', 'USA', 'https://i.scdn.co/image/ab67616d0000b2739ec083f1481c64f4e364311c'),
(428, 'Outlandos d\'Amour', 428, 29, 188, 'https://is1-ssl.mzstatic.com/image/thumb/Music126/v4/54/6f/85/546f85aa-740b-8724-5839-2a9e180a9578/source/100x100bb.jpg', 'https://audio-ssl.itunes.apple.com/itunes-assets/AudioPreview116/v4/e1/d7/c2/e1d7c2b3-8f62-b0a0-dad8-e2b53c1619c5/mzaf_4298174769759597967.plus.aac.p.m4a', 'https://music.apple.com/us/album/roxanne/1440797181?i=1440797616&uo=4', '9.99', 'USD', 'USA', 'https://i.scdn.co/image/ab67616d0000b2732043dd3544a339547d04b436'),
(429, 'Another Green World', 429, 11, 247, 'https://is4-ssl.mzstatic.com/image/thumb/Music115/v4/96/8e/d6/968ed635-0550-2ce9-e7b9-39a921d64cc5/source/100x100bb.jpg', 'https://audio-ssl.itunes.apple.com/itunes-assets/AudioPreview115/v4/ac/de/a0/acdea016-4415-1389-5ed2-65ee425bbb38/mzaf_14804610279103468874.plus.aac.p.m4a', 'https://music.apple.com/us/album/another-green-world/724357753?i=724357859&uo=4', '7.99', 'USD', 'USA', 'https://i.scdn.co/image/ab67616d0000b27384d9788915697efd5cbf56f4'),
(430, 'Vampire Weekend', 430, 53, 248, 'https://is5-ssl.mzstatic.com/image/thumb/Music115/v4/e4/df/95/e4df9571-a8f9-fd06-0c5c-d35dc8788dd7/source/100x100bb.jpg', 'https://audio-ssl.itunes.apple.com/itunes-assets/AudioPreview115/v4/3d/cd/9e/3dcd9e9a-39cd-a48d-147f-804de46cdb0c/mzaf_6964561585936715341.plus.aac.p.m4a', 'https://music.apple.com/us/album/a-punk/270425072?i=270425151&uo=4', '9.99', 'USD', 'USA', 'https://i.scdn.co/image/ab67616d0000b273e3d03204c08ae8252cf6eb3f'),
(431, 'Stories From the City, Stories From the Sea', 431, 26, 233, 'https://is5-ssl.mzstatic.com/image/thumb/Music128/v4/3f/4d/31/3f4d31a3-bdce-4b9e-4ab2-c1064f35ff49/source/100x100bb.jpg', 'https://audio-ssl.itunes.apple.com/itunes-assets/AudioPreview125/v4/4b/06/46/4b0646d0-6ea7-025b-f80a-44e55a0c0948/mzaf_16638122806189656756.plus.aac.p.m4a', 'https://music.apple.com/us/album/the-mess-were-in/1440922247?i=1440922726&uo=4', '11.99', 'USD', 'USA', 'https://i.scdn.co/image/ab67616d0000b2735c14d68cf8807efa84bcf627'),
(432, 'Here Come the Warm Jets', 432, 16, 247, 'https://is4-ssl.mzstatic.com/image/thumb/Music125/v4/e9/e2/85/e9e28511-e5c5-5c2e-277e-bbef3d2b2279/source/100x100bb.jpg', 'https://audio-ssl.itunes.apple.com/itunes-assets/AudioPreview115/v4/b7/10/8a/b7108ab6-a1a4-b8c3-b7a3-3dde2f6fb36c/mzaf_873690087248196577.plus.aac.p.m4a', 'https://music.apple.com/us/album/needles-in-the-camels-eye-2004-remaster/723783174?i=723783299&uo=4', '9.99', 'USD', 'USA', 'https://i.scdn.co/image/ab67616d0000b273da85b0f131c23ccf6b631aad'),
(433, 'All Things Must Pass', 433, 15, 249, 'https://is4-ssl.mzstatic.com/image/thumb/Music124/v4/d9/21/e1/d921e17b-5e60-0bf1-e3e6-ab9b71327fde/source/100x100bb.jpg', 'https://audio-ssl.itunes.apple.com/itunes-assets/AudioPreview125/v4/a5/83/0b/a5830b87-63f6-6409-dcf5-df1bbfa9fce0/mzaf_2921503689486145019.plus.aac.p.m4a', 'https://music.apple.com/us/album/all-things-must-pass-2009-mix/1526274532?i=1526274682&uo=4', '9.99', 'USD', 'USA', 'https://i.scdn.co/image/ab67616d0000b273acc11d868a59008935e72299'),
(434, '#1 Record', 434, 5, 232, 'https://is1-ssl.mzstatic.com/image/thumb/Music128/v4/02/7b/49/027b4970-fc6e-540c-c89f-cbf79081597c/source/100x100bb.jpg', 'https://audio-ssl.itunes.apple.com/itunes-assets/AudioPreview125/v4/bc/fc/69/bcfc69a4-cd62-3fc0-916a-f455ee54a7e9/mzaf_12418586343256806409.plus.aac.p.m4a', 'https://music.apple.com/us/album/thirteen/1422691834?i=1422691933&uo=4', '9.99', 'USD', 'USA', 'https://i.scdn.co/image/ab67616d0000b273df6db6e75b87f002ab397d33'),
(435, 'In Utero', 435, 51, 11, 'https://is3-ssl.mzstatic.com/image/thumb/Music125/v4/d7/09/b7/d709b782-a5ae-55c0-9e58-cf2e69498197/source/100x100bb.jpg', 'https://audio-ssl.itunes.apple.com/itunes-assets/AudioPreview115/v4/a4/40/3a/a4403a55-f448-99b0-b113-c202d245b429/mzaf_12282190075798883236.plus.aac.p.m4a', 'https://music.apple.com/us/album/all-apologies/1440858699?i=1440859612&uo=4', '9.99', 'USD', 'USA', 'https://i.scdn.co/image/ab67616d0000b273aca059cebc1841277db22d1c'),
(436, 'Sea Change', 436, 44, 180, 'https://is3-ssl.mzstatic.com/image/thumb/Music115/v4/6e/79/c0/6e79c033-67e7-946e-e7cc-b80dcc9f1a16/source/100x100bb.jpg', 'https://audio-ssl.itunes.apple.com/itunes-assets/AudioPreview125/v4/bf/c4/1d/bfc41d5a-5ea7-05bd-e3e3-cc0ceda0986f/mzaf_6710208481892173061.plus.aac.p.m4a', 'https://music.apple.com/us/album/lost-cause/1440733298?i=1440733627&uo=4', '9.99', 'USD', 'USA', 'https://i.scdn.co/image/ab67616d0000b273e7fc5b50ff71f92809db9d79'),
(437, 'Tha Carter III', 437, 56, 250, 'https://is5-ssl.mzstatic.com/image/thumb/Music114/v4/79/87/5d/79875de2-f9d9-835a-546f-3470401120dc/source/100x100bb.jpg', 'https://audio-ssl.itunes.apple.com/itunes-assets/AudioPreview115/v4/7b/63/99/7b639913-1309-4e74-1112-40a2086f25fc/mzaf_8818226828831085169.plus.aac.p.m4a', 'https://music.apple.com/us/album/fireman/1440653393?i=1440653401&uo=4', '9.99', 'USD', 'USA', 'https://i.scdn.co/image/ab67616d0000b273aa739a5e844220bb44a64adc'),
(438, 'Boys Don\'t Cry', 438, 6, 190, 'https://is2-ssl.mzstatic.com/image/thumb/Music124/v4/56/43/63/5643634d-1b48-56db-b363-1a01a5bdda14/source/100x100bb.jpg', 'https://audio-ssl.itunes.apple.com/itunes-assets/AudioPreview125/v4/60/d0/3a/60d03a33-52d6-b440-3fd6-8cf6652b605b/mzaf_8830465327461648042.plus.aac.p.m4a', 'https://music.apple.com/us/album/boys-dont-cry/1288102355?i=1288102522&uo=4', '12.99', 'USD', 'USA', 'https://i.scdn.co/image/ab67616d0000b27381ba7ba31f0a93041730cfb4'),
(439, 'Live at the Harlem Square Club, 1963', 439, 39, 70, 'https://is2-ssl.mzstatic.com/image/thumb/Music124/v4/12/8d/dc/128ddc42-b730-8b03-d8c8-393bc1ff1948/source/100x100bb.jpg', 'https://audio-ssl.itunes.apple.com/itunes-assets/AudioPreview125/v4/b9/30/f6/b930f685-ad47-8599-5528-fd95f202a383/mzaf_12945648439998517679.plus.aac.p.m4a', 'https://music.apple.com/us/album/bring-it-on-home-to-me-live-at-the-harlem-square-club/304822401?i=304822413&uo=4', '9.99', 'USD', 'USA', 'https://i.scdn.co/image/ab67616d0000b273cada54c15af0a1da882f08f9'),
(440, 'Rum Sodomy & the Lash', 440, 39, 251, 'https://is4-ssl.mzstatic.com/image/thumb/Music/v4/d8/1c/59/d81c591e-8068-a022-5426-9c6aa9c3ce56/source/100x100bb.jpg', 'https://audio-ssl.itunes.apple.com/itunes-assets/AudioPreview115/v4/bd/95/a3/bd95a343-7ddf-4543-8f94-0c6240889552/mzaf_11263734456610687694.plus.aac.p.m4a', 'https://music.apple.com/us/album/the-band-played-waltzing-matilda/189236068?i=189236477&uo=4', '11.99', 'USD', 'USA', 'https://i.scdn.co/image/ab67616d0000b2738dcbee93733dd5393e629653'),
(441, 'Suicide', 441, 18, 252, NULL, '', '', '', '', '', 'https://i.scdn.co/image/ab67616d0000b2736f3c21dcc76950daea2661b0'),
(442, 'Q: Are We Not Men? A: We Are Devo!', 442, 29, 253, 'https://is4-ssl.mzstatic.com/image/thumb/Music124/v4/56/df/fe/56dffea5-78d8-d297-e8b8-1dfed4279824/source/100x100bb.jpg', 'https://audio-ssl.itunes.apple.com/itunes-assets/AudioPreview125/v4/85/e8/41/85e84114-a841-b18b-d423-7bf8bb49afb8/mzaf_15363092414600708150.plus.aac.p.m4a', 'https://music.apple.com/us/album/uncontrollable-urge/335252211?i=335252243&uo=4', '9.99', 'USD', 'USA', 'https://i.scdn.co/image/ab67616d0000b273c545ed7413740620e3dfbd28'),
(443, 'In Color', 443, 18, 245, 'https://is2-ssl.mzstatic.com/image/thumb/Music115/v4/d3/5d/f2/d35df2e0-0cfc-2ec2-1a2a-5845f24a0322/source/100x100bb.jpg', 'https://audio-ssl.itunes.apple.com/itunes-assets/AudioPreview125/v4/a9/89/cd/a989cd75-afdf-4aa6-37b3-8d281f4ae741/mzaf_11479867430710624900.plus.aac.p.m4a', 'https://music.apple.com/us/album/i-want-you-to-want-me/1022580487?i=1022581147&uo=4', '8.99', 'USD', 'USA', 'https://i.scdn.co/image/ab67616d0000b27357a0bca6d7da93cd0c551f6a'),
(444, 'The World Is a Ghetto', 444, 5, 254, 'https://is2-ssl.mzstatic.com/image/thumb/Music124/v4/10/97/1b/10971be0-6cf7-b2ea-1ca4-a89244d8ebc0/source/100x100bb.jpg', 'https://audio-ssl.itunes.apple.com/itunes-assets/AudioPreview125/v4/9f/70/2b/9f702be8-b75e-0252-75a0-0c2b4dea81b3/mzaf_3935974436677912454.plus.aac.p.m4a', 'https://music.apple.com/us/album/the-world-is-a-ghetto/1202379150?i=1202379297&uo=4', '11.99', 'USD', 'USA', 'https://i.scdn.co/image/ab67616d0000b27362f7c579da4d8219a0f81bf1'),
(445, 'Fly Like an Eagle', 445, 8, 255, 'https://is2-ssl.mzstatic.com/image/thumb/Music125/v4/46/57/7c/46577cef-1800-e914-f4ed-5def6e81e89d/source/100x100bb.jpg', 'https://audio-ssl.itunes.apple.com/itunes-assets/AudioPreview115/v4/d4/4f/31/d44f312e-2c6b-174c-9384-d0113c9b6f4a/mzaf_5879901459984316763.plus.aac.p.m4a', 'https://music.apple.com/us/album/space-intro/1440832463?i=1440832754&uo=4', '9.99', 'USD', 'USA', 'https://i.scdn.co/image/ab67616d0000b2732fc23e78e87d793054bba090'),
(446, 'Back in the USA', 446, 15, 174, 'https://is5-ssl.mzstatic.com/image/thumb/Music/v4/4e/07/f9/4e07f96e-7d7a-1491-a3ce-9df3b06064c5/source/100x100bb.jpg', 'https://audio-ssl.itunes.apple.com/itunes-assets/AudioPreview125/v4/0e/12/c0/0e12c05d-ffef-5792-cb7a-29ef94980936/mzaf_15519577548410678218.plus.aac.p.m4a', 'https://music.apple.com/us/album/back-in-the-usa/73245761?i=73245758&uo=4', '9.99', 'USD', 'USA', 'https://i.scdn.co/image/ab67616d0000b27369860edfcb706f081d5695df'),
(447, 'Getz / Gilberto', 447, 24, 256, 'https://is1-ssl.mzstatic.com/image/thumb/Music124/v4/53/60/f3/5360f370-018c-82eb-7288-f58ff5c672a3/source/100x100bb.jpg', 'https://audio-ssl.itunes.apple.com/itunes-assets/AudioPreview115/v4/9d/95/38/9d953835-a125-c295-81c3-64f54ca8241a/mzaf_12617698144005329779.plus.aac.p.m4a', 'https://music.apple.com/us/album/aguas-de-marco-feat-jo%C3%A3o-gilberto/186066669?i=186066725&uo=4', '9.99', 'USD', 'USA', 'https://i.scdn.co/image/ab67616d0000b2732fc23e78e87d793054bba090'),
(448, 'Synchronicity', 448, 46, 188, 'https://is5-ssl.mzstatic.com/image/thumb/Music125/v4/06/5f/d4/065fd4a9-816d-2bb8-7ecc-e523c64c7943/source/100x100bb.jpg', 'https://audio-ssl.itunes.apple.com/itunes-assets/AudioPreview125/v4/49/0a/7f/490a7fc7-2c45-1187-32b0-89a83f8d345d/mzaf_18433470110446883581.plus.aac.p.m4a', 'https://music.apple.com/us/album/synchronicity-ii/1440673959?i=1440674159&uo=4', '7.99', 'USD', 'USA', 'https://i.scdn.co/image/ab67616d0000b273c8e97cafeb2acb85b21a777e'),
(449, 'Third/Sister Lovers', 449, 29, 232, NULL, '', '', '', '', '', 'https://i.scdn.co/image/ab67616d0000b273df6db6e75b87f002ab397d33'),
(450, 'For Everyman', 450, 16, 214, 'https://is1-ssl.mzstatic.com/image/thumb/Music/v4/63/e8/ed/63e8ed6a-fc70-d09f-33b6-ff5284ce03e8/source/100x100bb.jpg', 'https://audio-ssl.itunes.apple.com/itunes-assets/AudioPreview115/v4/7f/c6/6d/7fc66d76-4361-991a-9038-30bf0d417ca3/mzaf_17634012083584572312.plus.aac.p.m4a', 'https://music.apple.com/us/album/for-everyman-live/81255451?i=81255385&uo=4', '9.99', 'USD', 'USA', 'https://i.scdn.co/image/ab67616d0000b2736757991972533d941e08b104'),
(451, 'Back to Black', 451, 47, 257, 'https://is3-ssl.mzstatic.com/image/thumb/Music125/v4/fc/cc/14/fccc1413-d196-51ad-4c83-25a59ee8fad7/source/100x100bb.jpg', 'https://audio-ssl.itunes.apple.com/itunes-assets/AudioPreview116/v4/1d/4b/65/1d4b655f-cf00-75cb-8c30-498db0d4dd88/mzaf_818877612233883267.plus.aac.p.m4a', 'https://music.apple.com/us/album/back-to-black/1422677780?i=1422677785&uo=4', '9.99', 'USD', 'USA', 'https://i.scdn.co/image/ab67616d0000b27376ffb5b5ab045d22c81235c1');
INSERT INTO `album` (`album_id`, `album_name`, `album_ranking`, `year_id`, `artist_id`, `album_image_url`, `album_preview_url`, `album_collection_view_url`, `album_collection_price`, `album_price_currency`, `album_country`, `album_image_spotify_url_size_one`) VALUES
(452, 'John Prine', 452, 4, 258, 'https://is2-ssl.mzstatic.com/image/thumb/Music5/v4/c3/63/6e/c3636eee-cc09-6203-5de0-81840bffffe4/source/100x100bb.jpg', 'https://audio-ssl.itunes.apple.com/itunes-assets/AudioPreview125/v4/23/29/c2/2329c2d8-c3b2-37c6-faf7-328f9d8d1562/mzaf_6535545099195832062.plus.aac.p.m4a', 'https://music.apple.com/us/album/angel-from-montgomery/1018524551?i=1018524564&uo=4', '9.99', 'USD', 'USA', 'https://i.scdn.co/image/ab67616d0000b27303c6a79f0920e63681421cd8'),
(453, 'Strictly Business', 453, 19, 259, 'https://is2-ssl.mzstatic.com/image/thumb/Music118/v4/00/d9/fe/00d9fe46-2dc7-1839-2ad4-459baf4f7d32/source/100x100bb.jpg', 'https://audio-ssl.itunes.apple.com/itunes-assets/AudioPreview125/v4/5a/0a/bc/5a0abc2b-c722-a223-d8a9-6c3864a24fc7/mzaf_13085802746408593477.plus.aac.p.m4a', 'https://music.apple.com/us/album/strictly-business/1444081215?i=1444081493&uo=4', '16.99', 'USD', 'USA', 'https://i.scdn.co/image/ab67616d0000b27393d12611d0665f9bb15cc79f'),
(454, 'Love It to Death', 454, 4, 260, 'https://is5-ssl.mzstatic.com/image/thumb/Music124/v4/ab/2f/40/ab2f4029-b07b-8178-ec39-dc42cfe94ca9/source/100x100bb.jpg', 'https://audio-ssl.itunes.apple.com/itunes-assets/AudioPreview125/v4/89/8b/64/898b64bb-1e31-1196-286e-f7678253c419/mzaf_9854640788030263353.plus.aac.p.m4a', 'https://music.apple.com/us/album/ballad-of-dwight-fry/40458532?i=40458553&uo=4', '9.99', 'USD', 'USA', 'https://i.scdn.co/image/ab67616d0000b273a686891e44bcadacb68ee3de'),
(455, 'How Will the Wolf Survive?', 455, 21, 261, 'https://is1-ssl.mzstatic.com/image/thumb/Music115/v4/db/c4/77/dbc47743-ad19-d539-1fe5-218eeda309b4/source/100x100bb.jpg', 'https://audio-ssl.itunes.apple.com/itunes-assets/AudioPreview125/v4/49/22/09/492209a9-d96a-5150-40c9-e617427719a1/mzaf_7190393304013648018.plus.aac.p.m4a', 'https://music.apple.com/us/album/dont-worry-baby/309581839?i=309581873&uo=4', '9.99', 'USD', 'USA', 'https://i.scdn.co/image/ab67616d0000b27356e31f8c1acf3546f3dde264'),
(456, 'Here, My Dear', 456, 29, 4, 'https://is3-ssl.mzstatic.com/image/thumb/Music124/v4/c5/a4/ef/c5a4ef3a-92ab-612d-4c05-3f17a459502f/source/100x100bb.jpg', 'https://audio-ssl.itunes.apple.com/itunes-assets/AudioPreview125/v4/63/12/5a/63125a66-c24e-d252-fec5-1fa9929fb720/mzaf_11457779125798475847.plus.aac.p.m4a', 'https://music.apple.com/us/album/here-my-dear/1440850217?i=1440850228&uo=4', '8.99', 'USD', 'USA', 'https://i.scdn.co/image/ab67616d0000b273bbf87ce7c06f31b725ee8f22'),
(457, 'Z', 457, 35, 262, 'https://is3-ssl.mzstatic.com/image/thumb/Music125/v4/07/18/67/0718674c-c92b-95fc-bd8c-5a0af5941e06/source/100x100bb.jpg', 'https://audio-ssl.itunes.apple.com/itunes-assets/AudioPreview115/v4/b7/c6/7c/b7c67c36-0588-c049-7123-cd745c193af1/mzaf_18036706111531141364.plus.aac.p.m4a', 'https://music.apple.com/us/album/wordless-chorus/278854537?i=278854574&uo=4', '9.99', 'USD', 'USA', 'https://i.scdn.co/image/ab67616d0000b273493b3229929d2eeb2659938f'),
(458, 'Tumbleweed Connection', 458, 15, 61, 'https://is2-ssl.mzstatic.com/image/thumb/Music128/v4/5a/7b/b3/5a7bb370-e1a2-8fad-c2a9-66dc367b0601/source/100x100bb.jpg', 'https://audio-ssl.itunes.apple.com/itunes-assets/AudioPreview125/v4/62/09/82/620982e6-4e0d-d456-3ac0-20326785a568/mzaf_9807800071786030353.plus.aac.p.m4a', 'https://music.apple.com/us/album/madman-across-the-water-feat-mick-ronson/1440786926?i=1440787231&uo=4', '14.99', 'USD', 'USA', 'https://i.scdn.co/image/ab67616d0000b273f2cbe99e38a6006377757fa0'),
(459, 'The Drifters\' Golden Hits', 459, 7, 263, 'https://is4-ssl.mzstatic.com/image/thumb/Music125/v4/fd/7d/03/fd7d032d-5e89-8e74-49e8-c9a33c358434/source/100x100bb.jpg', 'https://audio-ssl.itunes.apple.com/itunes-assets/AudioPreview115/v4/74/47/9e/74479e04-8a37-4fb2-6b5b-6f60c1384edb/mzaf_6839423990821552372.plus.aac.p.m4a', 'https://music.apple.com/us/album/under-the-boardwalk-mono/1566599254?i=1566599896&uo=4', '9.99', 'USD', 'USA', 'https://i.scdn.co/image/ab67616d0000b273f3ed3f899039d208eaf557dc'),
(460, 'Live Through This', 460, 37, 264, 'https://is3-ssl.mzstatic.com/image/thumb/Music114/v4/15/91/1b/15911bb5-a1c4-98cb-36d5-d6a166ea36e6/source/100x100bb.jpg', 'https://audio-ssl.itunes.apple.com/itunes-assets/AudioPreview125/v4/08/e3/f6/08e3f6f1-9306-7e8f-2d22-f0e06e11afea/mzaf_17276792827663080008.plus.aac.p.m4a', 'https://music.apple.com/us/album/asking-for-it/1445732603?i=1445732612&uo=4', '7.99', 'USD', 'USA', 'https://i.scdn.co/image/ab67616d0000b273be245e5b673371e6f95b19e2'),
(461, 'Metal Box', 461, 6, 265, NULL, '', '', '', '', '', 'https://i.scdn.co/image/ab67616d0000b273c7b4593ada796a713010466b'),
(462, 'Document', 462, 19, 127, 'https://is3-ssl.mzstatic.com/image/thumb/Music125/v4/39/a9/85/39a9851a-9e07-f392-d178-b76c00e85944/source/100x100bb.jpg', 'https://audio-ssl.itunes.apple.com/itunes-assets/AudioPreview125/v4/eb/c3/b0/ebc3b094-e446-3cfc-d205-78cdc1482f5b/mzaf_4096271226057163295.plus.aac.p.m4a', 'https://music.apple.com/us/album/its-the-end-of-the-world-as-we-know-it-and-i-feel-fine/1440850529?i=1440850619&uo=4', '5.99', 'USD', 'USA', 'https://i.scdn.co/image/ab67616d0000b273a7c7f94cfccd5ab6de233916'),
(463, 'Heaven Up Here', 463, 48, 266, NULL, '', '', '', '', '', 'https://i.scdn.co/image/ab67616d0000b27355bb7b7b05f11217b9a9b476'),
(464, 'Hysteria', 464, 19, 267, 'https://is4-ssl.mzstatic.com/image/thumb/Music/v4/7b/e4/8c/7be48cfe-7cb3-5e72-211f-bf8230504d73/source/100x100bb.jpg', 'https://audio-ssl.itunes.apple.com/itunes-assets/AudioPreview115/v4/3f/7d/c5/3f7dc528-5b55-739a-ccc4-6857b68d490e/mzaf_15578852535949114994.plus.aac.p.m4a', 'https://music.apple.com/us/album/hysteria-live/438312962?i=438313099&uo=4', '11.99', 'USD', 'USA', 'https://i.scdn.co/image/ab67616d0000b273222cb38afc3b3b47d9df26aa'),
(465, '69 Love Songs', 465, 50, 268, 'https://is2-ssl.mzstatic.com/image/thumb/Music124/v4/f0/e8/ba/f0e8bae9-b952-e9d9-3f56-78a497bafc2b/source/100x100bb.jpg', 'https://audio-ssl.itunes.apple.com/itunes-assets/AudioPreview115/v4/62/1c/b4/621cb400-ee07-f72d-2efc-99f25bbe2720/mzaf_14849926769309363093.plus.aac.p.m4a', 'https://music.apple.com/us/album/the-book-of-love/15224879?i=15224758&uo=4', '23.99', 'USD', 'USA', 'https://i.scdn.co/image/ab67616d0000b2735e7d92681d4891c4b637c630'),
(466, 'A Rush of Blood to the Head', 466, 44, 269, 'https://is4-ssl.mzstatic.com/image/thumb/Music115/v4/85/3e/f0/853ef08a-f96a-61f8-f7a8-1e59af0af0cd/source/100x100bb.jpg', 'https://audio-ssl.itunes.apple.com/itunes-assets/AudioPreview125/v4/08/3c/5f/083c5f76-e8af-f1b1-8205-49827e2b4682/mzaf_11289933374712607685.plus.aac.p.m4a', 'https://music.apple.com/us/album/clocks/1122775993?i=1122776156&uo=4', '9.99', 'USD', 'USA', 'https://i.scdn.co/image/ab67616d0000b27390afd8e4ec6d787114ed6c40'),
(467, 'Tunnel of Love', 467, 19, 12, 'https://is2-ssl.mzstatic.com/image/thumb/Music124/v4/2f/4b/c3/2f4bc3e2-77d8-ab4c-ac53-e7989f142e14/source/100x100bb.jpg', 'https://audio-ssl.itunes.apple.com/itunes-assets/AudioPreview115/v4/b1/5b/83/b15b839a-6ee5-2103-04bb-44b9c4ab18dd/mzaf_3416870567164623651.plus.aac.p.m4a', 'https://music.apple.com/us/album/tunnel-of-love/192745941?i=192746469&uo=4', '9.99', 'USD', 'USA', 'https://i.scdn.co/image/ab67616d0000b2731d89f6343451934d15fa266c'),
(468, 'The Paul Butterfield Blues Band', 468, 3, 270, 'https://is2-ssl.mzstatic.com/image/thumb/Music115/v4/e5/06/86/e5068624-1804-55bf-4aeb-fe741c836a1d/source/100x100bb.jpg', 'https://audio-ssl.itunes.apple.com/itunes-assets/AudioPreview125/v4/1e/26/6e/1e266ec2-4873-a593-6d38-ee80b23f0ff9/mzaf_6951458614433874962.plus.aac.p.m4a', 'https://music.apple.com/us/album/born-in-chicago/298089616?i=298089634&uo=4', '9.99', 'USD', 'USA', 'https://i.scdn.co/image/ab67616d0000b273d0a5c17238ebf766c2d0a79a'),
(469, 'The Score', 469, 52, 271, 'https://is4-ssl.mzstatic.com/image/thumb/Music115/v4/0c/ba/e4/0cbae4f4-384b-a7a6-9de9-11e9a8418630/source/100x100bb.jpg', 'https://audio-ssl.itunes.apple.com/itunes-assets/AudioPreview115/v4/6f/ef/a4/6fefa490-b4f2-be2c-d07c-c0b27a3e8aad/mzaf_13083148067975202188.plus.aac.p.m4a', 'https://music.apple.com/us/album/the-score/281701670?i=281701743&uo=4', '9.99', 'USD', 'USA', 'https://i.scdn.co/image/ab67616d0000b2735b7865be7f7fcc05faec6137'),
(470, 'Radio', 470, 39, 272, NULL, '', '', '', '', '', 'https://i.scdn.co/image/ab67616d0000b2731cb9b88a3e8d5344a10184bc'),
(471, 'I Want to See the Bright Lights Tonight', 471, 34, 193, 'https://is3-ssl.mzstatic.com/image/thumb/Music125/v4/f9/43/b4/f943b4e0-ead3-a6d2-8439-d35830a32ea4/source/100x100bb.jpg', 'https://audio-ssl.itunes.apple.com/itunes-assets/AudioPreview125/v4/a8/52/50/a8525042-b784-05b0-0fea-238af5ca3207/mzaf_9169541256594112783.plus.aac.p.m4a', 'https://music.apple.com/us/album/i-want-to-see-the-bright-lights-tonight-live/1443731078?i=1443731425&uo=4', '9.99', 'USD', 'USA', 'https://i.scdn.co/image/ab67616d0000b2734a8eac7e6b03f8b3db7ee1b0'),
(472, 'Faith', 472, 19, 273, 'https://is3-ssl.mzstatic.com/image/thumb/Music125/v4/bc/f3/6a/bcf36a9d-ac79-0b77-9033-ef733a64d355/source/100x100bb.jpg', 'https://audio-ssl.itunes.apple.com/itunes-assets/AudioPreview115/v4/02/2f/e3/022fe34a-cf18-a9da-5bfa-144308733267/mzaf_3139102943877909372.plus.aac.p.m4a', 'https://music.apple.com/us/album/faith/395918916?i=395918958&uo=4', '9.99', 'USD', 'USA', 'https://i.scdn.co/image/ab67616d0000b273b7a9a6a2bf311630d3fc6956'),
(473, 'The Smiths', 473, 21, 138, 'https://is4-ssl.mzstatic.com/image/thumb/Music114/v4/c2/a5/56/c2a5567e-bd8d-f346-d442-51f42921e0af/source/100x100bb.jpg', 'https://audio-ssl.itunes.apple.com/itunes-assets/AudioPreview115/v4/90/ed/27/90ed27ec-d4f4-7c89-ac6d-60561c2c519e/mzaf_6126626388043793564.plus.aac.p.m4a', 'https://music.apple.com/us/album/this-charming-man/799995884?i=799995891&uo=4', '9.99', 'USD', 'USA', 'https://i.scdn.co/image/ab67616d0000b273a09b231129ab1cb1a6efc57f'),
(474, 'Proxima estacion: Esperanza', 474, 20, 274, 'https://is1-ssl.mzstatic.com/image/thumb/Music124/v4/90/f0/73/90f073f1-4fb0-20f3-f380-e3e76b006c5a/source/100x100bb.jpg', 'https://audio-ssl.itunes.apple.com/itunes-assets/AudioPreview115/v4/12/76/27/1276278b-cb6f-aa00-2fbc-a31e4e7e3cf7/mzaf_2460123370821952261.plus.aac.p.m4a', 'https://music.apple.com/us/album/me-gustas-t%C3%BA/726124221?i=726124491&uo=4', '7.99', 'USD', 'USA', 'https://i.scdn.co/image/ab67616d0000b2731dcba4a728ca0b17cbd204a5'),
(475, 'Armed Forces', 475, 6, 108, 'https://is1-ssl.mzstatic.com/image/thumb/Music124/v4/74/e4/58/74e458dc-dc55-3d82-9c58-077c54a5fb65/source/100x100bb.jpg', 'https://audio-ssl.itunes.apple.com/itunes-assets/AudioPreview125/v4/06/cb/f6/06cbf687-8ed4-0960-6a13-a4236bdbfc31/mzaf_16142938017426734423.plus.aac.p.m4a', 'https://music.apple.com/us/album/whats-so-funny-bout-peace-love-and-understanding/1543779342?i=1543779936&uo=4', '9.99', 'USD', 'USA', 'https://i.scdn.co/image/ab67616d0000b273d94c45e0a0549a4673282851'),
(476, 'Life After Death.', 476, 43, 85, 'https://is1-ssl.mzstatic.com/image/thumb/Music115/v4/e9/16/bf/e916bf27-2bac-d450-cc75-b1c1ebacfeb5/source/100x100bb.jpg', 'https://audio-ssl.itunes.apple.com/itunes-assets/AudioPreview125/v4/29/3d/db/293ddb4a-5b65-7008-0e16-92990401dc8a/mzaf_17916553211390904743.plus.aac.p.m4a', 'https://music.apple.com/us/album/hypnotize/906888433?i=906888487&uo=4', '14.99', 'USD', 'USA', 'https://i.scdn.co/image/ab67616d0000b273fde79b88e2a659c394c5ae30'),
(477, 'Down Every Road', 477, 52, 275, 'https://is3-ssl.mzstatic.com/image/thumb/Music124/v4/af/a3/d8/afa3d813-f14a-7378-091f-6d9bc4b14fec/source/100x100bb.jpg', 'https://audio-ssl.itunes.apple.com/itunes-assets/AudioPreview125/v4/2e/40/a6/2e40a6fb-403d-c9a3-10b0-ff67871837ca/mzaf_12414536448912544637.plus.aac.p.m4a', 'https://music.apple.com/us/album/mama-tried/716720126?i=716720751&uo=4', '', 'USD', 'USA', 'https://i.scdn.co/image/ab67616d0000b2735b0e7f4396a021ace28ee393'),
(478, 'All Time Greatest Hits', 478, 44, 276, NULL, '', '', '', '', '', 'https://i.scdn.co/image/ab67616d0000b273177a4e76ce50151a1c508c7e'),
(479, 'Maggot Brain', 479, 4, 114, 'https://is4-ssl.mzstatic.com/image/thumb/Music116/v4/f0/a6/d1/f0a6d1be-7577-7552-80ff-525fdcb95cc3/source/100x100bb.jpg', '', '', '', '', '', 'https://i.scdn.co/image/ab67616d0000b2739a821e0e5e798068ee8bf684'),
(480, 'Only Built 4 Cuban Linx', 480, 33, 277, 'https://is1-ssl.mzstatic.com/image/thumb/Music6/v4/a5/60/f0/a560f0b3-c46a-b0fe-aebe-114c400a24e3/source/100x100bb.jpg', '', '', '', '', '', 'https://i.scdn.co/image/ab67616d0000b27310f55f2af876cc662fc4ec12'),
(481, 'Voodoo', 481, 26, 278, 'https://is5-ssl.mzstatic.com/image/thumb/Music115/v4/16/8a/7e/168a7e87-aec5-744d-4225-466edeae6d53/source/100x100bb.jpg', 'https://audio-ssl.itunes.apple.com/itunes-assets/AudioPreview125/v4/bb/ec/58/bbec582d-6099-3b75-8cfb-d5aa1c9ebddc/mzaf_3117196934002805127.plus.aac.p.m4a', 'https://music.apple.com/us/album/untitled-how-does-it-feel/1440841365?i=1440841917&uo=4', '11.99', 'USD', 'USA', 'https://i.scdn.co/image/ab67616d0000b273b59732473cc0c449ce2869e4'),
(482, 'Guitar Town', 482, 27, 279, 'https://is2-ssl.mzstatic.com/image/thumb/Music128/v4/0b/19/de/0b19de44-5ad3-58dc-89e6-4ac2d6251dfd/source/100x100bb.jpg', 'https://audio-ssl.itunes.apple.com/itunes-assets/AudioPreview125/v4/4c/66/dd/4c66dd94-6e60-31fe-f74b-dab0e0b56b23/mzaf_17762037128212023446.plus.aac.p.m4a', 'https://music.apple.com/us/album/guitar-town/1440839053?i=1440839058&uo=4', '7.99', 'USD', 'USA', 'https://i.scdn.co/image/ab67616d0000b273a96fcfe9345c77eb15891ee0'),
(483, 'Entertainment!', 483, 6, 280, NULL, '', '', '', '', '', 'https://i.scdn.co/image/ab67616d0000b27378c9db7024128f66f303d1ec'),
(484, 'All the Young Dudes', 484, 5, 211, 'https://is3-ssl.mzstatic.com/image/thumb/Music124/v4/06/c2/1d/06c21d1d-a55c-638c-cbeb-8208f41b7ae8/source/100x100bb.jpg', 'https://audio-ssl.itunes.apple.com/itunes-assets/AudioPreview125/v4/4f/b7/bf/4fb7bf3d-a44a-2ce8-dcca-9607dece6075/mzaf_12784658359382196817.plus.aac.p.m4a', 'https://music.apple.com/us/album/all-the-young-dudes-david-bowie-ian-hunter-vocal/155712973?i=155713479&uo=4', '13.99', 'USD', 'USA', 'https://i.scdn.co/image/ab67616d0000b273d46e5889ace3c1457be450de'),
(485, 'Vitalogy', 485, 37, 132, 'https://is2-ssl.mzstatic.com/image/thumb/Music125/v4/c5/84/6f/c5846fb0-7be6-0084-2a7e-c085b2bbb7bb/source/100x100bb.jpg', 'https://audio-ssl.itunes.apple.com/itunes-assets/AudioPreview125/v4/ec/86/02/ec8602db-34d9-7cf9-51f2-bb805369a3f8/mzaf_7498089096716917266.plus.aac.p.m4a', 'https://music.apple.com/us/album/corduroy/426356461?i=426356562&uo=4', '9.99', 'USD', 'USA', 'https://i.scdn.co/image/ab67616d0000b273f0f6b8bc425633e6ed6369c4'),
(486, 'That\'s the Way of the World', 486, 11, 281, 'https://is3-ssl.mzstatic.com/image/thumb/Music123/v4/71/11/48/711148e1-a934-f2d9-0913-0901f7411f51/source/100x100bb.jpg', 'https://audio-ssl.itunes.apple.com/itunes-assets/AudioPreview115/v4/43/8c/25/438c25e9-e79f-254e-a5f5-abd5758e63b8/mzaf_9139333229980731152.plus.aac.p.m4a', 'https://music.apple.com/us/album/thats-the-way-of-the-world-live/1478352882?i=1478353487&uo=4', '9.99', 'USD', 'USA', 'https://i.scdn.co/image/ab67616d0000b27330bb42e5271f2e046fd36972'),
(487, 'She\'s So Unusual', 487, 46, 282, 'https://is4-ssl.mzstatic.com/image/thumb/Music125/v4/20/39/80/20398098-856e-07c7-2c7b-d55e8f4f365c/source/100x100bb.jpg', 'https://audio-ssl.itunes.apple.com/itunes-assets/AudioPreview125/v4/78/67/96/786796a2-1fa5-34f4-a972-c8b2cab573d1/mzaf_9429982045529741663.plus.aac.p.m4a', 'https://music.apple.com/us/album/time-after-time/400603643?i=400603695&uo=4', '8.99', 'USD', 'USA', 'https://i.scdn.co/image/ab67616d0000b27352f532df7ba3269b0242fed9'),
(488, 'New Day Rising', 488, 39, 283, NULL, '', '', '', '', '', 'https://i.scdn.co/image/7c944de91fbd3bb5fbf045fef44f6ad267ba517f'),
(489, 'Destroyer', 489, 8, 105, 'https://is1-ssl.mzstatic.com/image/thumb/Music116/v4/02/df/b0/02dfb01e-104e-d30b-0b34-eae8bec74a32/source/100x100bb.jpg', 'https://audio-ssl.itunes.apple.com/itunes-assets/AudioPreview116/v4/dd/0c/20/dd0c2045-c289-9302-6fa5-7618ee1f95c9/mzaf_14355053496381949517.plus.aac.p.m4a', 'https://music.apple.com/us/album/detroit-rock-city/1440854205?i=1440854212&uo=4', '9.99', 'USD', 'USA', 'https://i.scdn.co/image/ab67616d0000b2739309dd399ed75be936b8c1b6'),
(490, 'Tres hombres', 490, 16, 227, 'https://is5-ssl.mzstatic.com/image/thumb/Music115/v4/f9/09/72/f9097239-885b-b98d-37e5-8c3b9010f1da/source/100x100bb.jpg', 'https://audio-ssl.itunes.apple.com/itunes-assets/AudioPreview115/v4/84/0a/f0/840af0a5-54ab-35ee-1066-8a5e77d28415/mzaf_5458866504720773232.plus.aac.p.m4a', 'https://music.apple.com/us/album/la-grange/655199225?i=655199761&uo=4', '9.99', 'USD', 'USA', 'https://i.scdn.co/image/ab67616d0000b2730fe2ec86a0ec561ef2e2aae1'),
(491, 'Born Under a Bad Sign', 491, 1, 284, 'https://is5-ssl.mzstatic.com/image/thumb/Music124/v4/91/ad/3b/91ad3b36-1dfc-8f9f-1c90-43f691af9e35/source/100x100bb.jpg', 'https://audio-ssl.itunes.apple.com/itunes-assets/AudioPreview125/v4/ca/b7/d5/cab7d5b1-34c0-acf5-704e-1bdfc323c4d9/mzaf_3657284432913969542.plus.aac.p.m4a', 'https://music.apple.com/us/album/born-under-a-bad-sign-feat-stevie-ray-vaughan/1443061347?i=1443061348&uo=4', '4.99', 'USD', 'USA', 'https://i.scdn.co/image/ab67616d0000b27353d060bca8e1bfe646f09ef7'),
(492, 'Touch', 492, 46, 285, NULL, '', '', '', '', '', 'https://i.scdn.co/image/ab67616d0000b273a29ca418b2a64e80002a86e3'),
(493, 'Yankee Hotel Foxtrot', 493, 44, 286, 'https://is4-ssl.mzstatic.com/image/thumb/Music115/v4/53/c2/da/53c2da4b-c68a-7018-57fd-fbb66bf81014/source/100x100bb.jpg', 'https://audio-ssl.itunes.apple.com/itunes-assets/AudioPreview115/v4/d5/b1/93/d5b1931e-322d-346e-d3e8-7510fd735e7d/mzaf_17243884063329464777.plus.aac.p.m4a', 'https://music.apple.com/us/album/heavy-metal-drummer/912314323?i=912314333&uo=4', '9.99', 'USD', 'USA', 'https://i.scdn.co/image/ab67616d0000b273f53fbb4abe27c792221e5c27'),
(494, 'Oracular Spectacular', 494, 53, 287, 'https://is5-ssl.mzstatic.com/image/thumb/Music115/v4/ec/14/9b/ec149b32-fa72-888b-5bdd-f88caac452ef/source/100x100bb.jpg', 'https://audio-ssl.itunes.apple.com/itunes-assets/AudioPreview115/v4/d5/37/bf/d537bf00-ea3a-2dc5-db7b-ad86f37a778a/mzaf_13454026404286742483.plus.aac.p.m4a', 'https://music.apple.com/us/album/kids/264720008?i=264720124&uo=4', '9.99', 'USD', 'USA', 'https://i.scdn.co/image/ab67616d0000b2738b32b139981e79f2ebe005eb'),
(495, 'Give It Up', 495, 5, 144, NULL, '', '', '', '', '', 'https://i.scdn.co/image/ab67616d0000b273e0ac4c3ecdadb568d49d85eb'),
(496, 'Boz Scaggs', 496, 10, 288, 'https://is2-ssl.mzstatic.com/image/thumb/Music124/v4/1a/0b/1d/1a0b1d67-7fdc-79e7-01c1-0c1b6da2802d/source/100x100bb.jpg', '', '', '', '', '', 'https://i.scdn.co/image/ab67616d0000b27337dedf45abb08250f184faf9'),
(497, 'White Blood Cells', 497, 20, 223, 'https://is5-ssl.mzstatic.com/image/thumb/Music115/v4/1f/d4/94/1fd49421-f567-c930-87c2-4f736dc57a6c/source/100x100bb.jpg', '', '', '', '', '', 'https://i.scdn.co/image/ab67616d0000b273c6084929566743530de8c721'),
(498, 'The Stone Roses', 498, 42, 289, 'https://is4-ssl.mzstatic.com/image/thumb/Music/v4/70/2f/74/702f74a1-35cb-e4da-490f-742e05ed37e4/source/100x100bb.jpg', '', '', '', '', '', 'https://i.scdn.co/image/ab67616d0000b273cf1f6466a493eb73d6d9d280'),
(499, 'Live in Cook County Jail', 499, 4, 91, 'https://is4-ssl.mzstatic.com/image/thumb/Music118/v4/1d/09/b6/1d09b6b7-cdac-3fe8-b9a3-9641bc97ef86/source/100x100bb.jpg', '', '', '', '', '', 'https://i.scdn.co/image/ab67616d0000b2730f652cda5b73d2a27b0844c4'),
(500, 'Aquemini', 500, 45, 207, 'https://is5-ssl.mzstatic.com/image/thumb/Music125/v4/c2/ba/11/c2ba11d9-7811-0e6c-532e-6ee56eb3e682/source/100x100bb.jpg', '', '', '', '', '', 'https://i.scdn.co/image/ab67616d0000b273377a6d2051b23afea65ee41a');

-- --------------------------------------------------------

--
-- Table structure for table `album_genre`
--

CREATE TABLE `album_genre` (
  `album_genre_id` int(11) NOT NULL,
  `album_id` int(11) NOT NULL,
  `genre_id` int(11) NOT NULL
) ENGINE=InnoDB DEFAULT CHARSET=utf8;

--
-- Dumping data for table `album_genre`
--

INSERT INTO `album_genre` (`album_genre_id`, `album_id`, `genre_id`) VALUES
(1, 1, 1),
(2, 2, 1),
(3, 3, 1),
(4, 4, 1),
(5, 5, 1),
(6, 5, 2),
(7, 6, 3),
(8, 7, 1),
(9, 8, 1),
(10, 9, 1),
(11, 9, 4),
(12, 10, 1),
(13, 11, 1),
(14, 12, 5),
(15, 13, 1),
(16, 14, 1),
(17, 15, 1),
(18, 15, 4),
(19, 16, 1),
(20, 17, 1),
(21, 18, 1),
(22, 19, 5),
(23, 19, 1),
(24, 19, 4),
(25, 19, 6),
(26, 19, 7),
(27, 19, 8),
(28, 20, 3),
(29, 20, 2),
(30, 21, 1),
(31, 22, 4),
(32, 23, 1),
(33, 24, 3),
(34, 25, 3),
(35, 26, 1),
(36, 27, 1),
(37, 28, 1),
(38, 29, 1),
(39, 30, 2),
(40, 31, 1),
(41, 31, 6),
(42, 31, 7),
(43, 31, 8),
(44, 32, 1),
(45, 33, 1),
(46, 34, 1),
(47, 35, 1),
(48, 36, 1),
(49, 36, 2),
(50, 37, 1),
(51, 38, 6),
(52, 38, 7),
(53, 38, 8),
(54, 39, 1),
(55, 40, 1),
(56, 41, 1),
(57, 42, 1),
(58, 43, 1),
(59, 44, 1),
(60, 45, 9),
(61, 45, 10),
(62, 46, 11),
(63, 47, 5),
(64, 48, 12),
(65, 49, 1),
(66, 49, 4),
(67, 50, 1),
(68, 50, 4),
(69, 51, 1),
(70, 52, 3),
(71, 53, 1),
(72, 54, 5),
(73, 54, 3),
(74, 55, 1),
(75, 55, 4),
(76, 56, 1),
(77, 57, 3),
(78, 58, 1),
(79, 58, 3),
(80, 58, 2),
(81, 59, 1),
(82, 60, 1),
(83, 60, 4),
(84, 61, 3),
(85, 62, 1),
(86, 63, 13),
(87, 63, 1),
(88, 64, 1),
(89, 65, 1),
(90, 65, 3),
(91, 65, 2),
(92, 66, 5),
(93, 66, 1),
(94, 66, 3),
(95, 66, 6),
(96, 66, 7),
(97, 66, 8),
(98, 67, 13),
(99, 67, 1),
(100, 68, 3),
(101, 68, 2),
(102, 69, 1),
(103, 70, 1),
(104, 71, 5),
(105, 71, 1),
(106, 71, 3),
(107, 71, 2),
(108, 71, 6),
(109, 71, 7),
(110, 71, 8),
(111, 72, 3),
(112, 72, 10),
(113, 73, 1),
(114, 74, 1),
(115, 75, 3),
(116, 76, 13),
(117, 76, 1),
(118, 76, 3),
(119, 76, 10),
(120, 77, 1),
(121, 78, 3),
(122, 79, 1),
(123, 80, 1),
(124, 81, 1),
(125, 82, 1),
(126, 83, 1),
(127, 84, 3),
(128, 85, 3),
(129, 86, 1),
(130, 87, 1),
(131, 88, 6),
(132, 88, 7),
(133, 88, 8),
(134, 89, 1),
(135, 89, 3),
(136, 90, 3),
(137, 91, 1),
(138, 92, 1),
(139, 93, 1),
(140, 93, 11),
(141, 94, 6),
(142, 94, 7),
(143, 94, 8),
(144, 95, 5),
(145, 96, 1),
(146, 97, 6),
(147, 97, 7),
(148, 97, 8),
(149, 98, 1),
(150, 99, 3),
(151, 100, 1),
(152, 101, 5),
(153, 101, 2),
(154, 102, 1),
(155, 102, 4),
(156, 103, 5),
(157, 104, 1),
(158, 105, 3),
(159, 105, 6),
(160, 105, 7),
(161, 105, 8),
(162, 106, 1),
(163, 107, 14),
(164, 107, 3),
(165, 108, 1),
(166, 109, 1),
(167, 110, 1),
(168, 111, 1),
(169, 112, 1),
(170, 113, 1),
(171, 114, 1),
(172, 115, 1),
(173, 116, 1),
(174, 117, 1),
(175, 118, 12),
(176, 119, 3),
(177, 119, 4),
(178, 120, 1),
(179, 121, 3),
(180, 122, 11),
(181, 122, 2),
(182, 122, 6),
(183, 122, 7),
(184, 122, 8),
(185, 122, 10),
(186, 123, 12),
(187, 124, 1),
(188, 125, 1),
(189, 125, 4),
(190, 126, 11),
(191, 127, 1),
(192, 128, 1),
(193, 129, 13),
(194, 129, 1),
(195, 130, 1),
(196, 131, 1),
(197, 132, 13),
(198, 132, 10),
(199, 133, 1),
(200, 134, 12),
(201, 135, 1),
(202, 136, 1),
(203, 137, 1),
(204, 138, 12),
(205, 139, 3),
(206, 140, 13),
(207, 140, 1),
(208, 141, 4),
(209, 142, 1),
(210, 142, 3),
(211, 142, 2),
(212, 143, 5),
(213, 143, 1),
(214, 143, 3),
(215, 143, 4),
(216, 144, 12),
(217, 145, 5),
(218, 145, 1),
(219, 146, 1),
(220, 147, 1),
(221, 148, 1),
(222, 149, 1),
(223, 149, 14),
(224, 149, 3),
(225, 150, 1),
(226, 151, 1),
(227, 152, 13),
(228, 152, 1),
(229, 152, 2),
(230, 153, 12),
(231, 154, 4),
(232, 155, 1),
(233, 156, 12),
(234, 156, 1),
(235, 156, 3),
(236, 157, 1),
(237, 158, 1),
(238, 159, 1),
(239, 160, 1),
(240, 161, 3),
(241, 162, 13),
(242, 162, 1),
(243, 163, 3),
(244, 163, 2),
(245, 164, 1),
(246, 164, 2),
(247, 165, 3),
(248, 166, 1),
(249, 167, 1),
(250, 168, 1),
(251, 169, 11),
(252, 170, 1),
(253, 171, 1),
(254, 172, 1),
(255, 173, 1),
(256, 174, 1),
(257, 175, 1),
(258, 175, 2),
(259, 176, 1),
(260, 177, 3),
(261, 178, 3),
(262, 179, 13),
(263, 179, 2),
(264, 180, 1),
(265, 180, 4),
(266, 180, 2),
(267, 181, 11),
(268, 182, 1),
(269, 182, 2),
(270, 183, 6),
(271, 183, 7),
(272, 183, 8),
(273, 184, 13),
(274, 184, 2),
(275, 185, 1),
(276, 186, 3),
(277, 187, 13),
(278, 187, 1),
(279, 187, 3),
(280, 187, 2),
(281, 188, 1),
(282, 188, 2),
(283, 189, 1),
(284, 190, 1),
(285, 190, 3),
(286, 190, 6),
(287, 190, 7),
(288, 190, 8),
(289, 191, 1),
(290, 192, 1),
(291, 192, 6),
(292, 192, 7),
(293, 192, 8),
(294, 193, 1),
(295, 194, 1),
(296, 195, 1),
(297, 195, 4),
(298, 196, 1),
(299, 197, 1),
(300, 198, 4),
(301, 199, 1),
(302, 200, 1),
(303, 201, 13),
(304, 201, 1),
(305, 202, 1),
(306, 202, 2),
(307, 202, 6),
(308, 202, 7),
(309, 202, 8),
(310, 203, 3),
(311, 203, 2),
(312, 204, 1),
(313, 205, 1),
(314, 205, 4),
(315, 206, 3),
(316, 207, 1),
(317, 207, 14),
(318, 208, 1),
(319, 208, 10),
(320, 209, 1),
(321, 210, 1),
(322, 211, 1),
(323, 212, 1),
(324, 213, 1),
(325, 214, 3),
(326, 215, 1),
(327, 216, 1),
(328, 216, 4),
(329, 217, 3),
(330, 217, 4),
(331, 218, 1),
(332, 218, 2),
(333, 219, 12),
(334, 220, 3),
(335, 221, 1),
(336, 222, 3),
(337, 222, 4),
(338, 223, 1),
(339, 224, 1),
(340, 224, 2),
(341, 225, 1),
(342, 226, 1),
(343, 227, 1),
(344, 228, 12),
(345, 229, 1),
(346, 230, 1),
(347, 230, 2),
(348, 231, 1),
(349, 232, 1),
(350, 233, 1),
(351, 234, 1),
(352, 235, 6),
(353, 235, 7),
(354, 235, 8),
(355, 236, 3),
(356, 237, 1),
(357, 238, 4),
(358, 239, 13),
(359, 239, 2),
(360, 240, 1),
(361, 241, 1),
(362, 242, 12),
(363, 243, 1),
(364, 244, 12),
(365, 245, 1),
(366, 245, 4),
(367, 245, 6),
(368, 245, 7),
(369, 245, 8),
(370, 246, 13),
(371, 246, 1),
(372, 247, 1),
(373, 248, 5),
(374, 249, 1),
(375, 250, 12),
(376, 251, 13),
(377, 251, 1),
(378, 252, 12),
(379, 253, 1),
(380, 254, 3),
(381, 255, 1),
(382, 256, 13),
(383, 257, 3),
(384, 257, 2),
(385, 258, 1),
(386, 259, 13),
(387, 259, 3),
(388, 259, 2),
(389, 260, 2),
(390, 260, 6),
(391, 260, 7),
(392, 260, 8),
(393, 261, 1),
(394, 262, 1),
(395, 262, 6),
(396, 262, 7),
(397, 262, 8),
(398, 263, 1),
(399, 264, 1),
(400, 265, 5),
(401, 265, 2),
(402, 266, 1),
(403, 267, 1),
(404, 268, 1),
(405, 269, 1),
(406, 270, 1),
(407, 271, 1),
(408, 272, 1),
(409, 273, 3),
(410, 274, 3),
(411, 275, 12),
(412, 276, 3),
(413, 277, 13),
(414, 277, 12),
(415, 277, 2),
(416, 278, 4),
(417, 278, 6),
(418, 278, 7),
(419, 278, 8),
(420, 279, 1),
(421, 280, 1),
(422, 281, 12),
(423, 282, 4),
(424, 283, 3),
(425, 284, 13),
(426, 284, 1),
(427, 285, 3),
(428, 286, 3),
(429, 287, 1),
(430, 288, 1),
(431, 289, 1),
(432, 290, 3),
(433, 291, 1),
(434, 292, 1),
(435, 293, 1),
(436, 294, 1),
(437, 295, 6),
(438, 295, 7),
(439, 295, 8),
(440, 296, 1),
(441, 297, 13),
(442, 297, 1),
(443, 298, 12),
(444, 299, 1),
(445, 300, 1),
(446, 301, 6),
(447, 301, 7),
(448, 301, 8),
(449, 302, 12),
(450, 303, 1),
(451, 304, 1),
(452, 305, 6),
(453, 305, 7),
(454, 305, 8),
(455, 306, 13),
(456, 306, 12),
(457, 306, 3),
(458, 306, 2),
(459, 307, 1),
(460, 307, 10),
(461, 308, 5),
(462, 308, 2),
(463, 309, 1),
(464, 310, 1),
(465, 311, 1),
(466, 311, 3),
(467, 311, 4),
(468, 311, 2),
(469, 311, 6),
(470, 311, 7),
(471, 311, 8),
(472, 312, 1),
(473, 313, 1),
(474, 314, 12),
(475, 315, 1),
(476, 316, 1),
(477, 317, 1),
(478, 318, 3),
(479, 319, 11),
(480, 320, 13),
(481, 320, 1),
(482, 321, 1),
(483, 321, 6),
(484, 321, 7),
(485, 321, 8),
(486, 322, 1),
(487, 322, 2),
(488, 323, 1),
(489, 323, 2),
(490, 324, 1),
(491, 324, 3),
(492, 325, 1),
(493, 326, 13),
(494, 326, 1),
(495, 327, 1),
(496, 328, 1),
(497, 329, 3),
(498, 330, 1),
(499, 331, 1),
(500, 331, 10),
(501, 332, 1),
(502, 332, 6),
(503, 332, 7),
(504, 332, 8),
(505, 333, 1),
(506, 334, 1),
(507, 334, 4),
(508, 335, 1),
(509, 336, 13),
(510, 336, 1),
(511, 337, 1),
(512, 338, 1),
(513, 339, 5),
(514, 339, 2),
(515, 339, 6),
(516, 339, 7),
(517, 339, 8),
(518, 340, 1),
(519, 341, 13),
(520, 342, 13),
(521, 343, 1),
(522, 344, 1),
(523, 345, 1),
(524, 345, 3),
(525, 346, 12),
(526, 347, 1),
(527, 348, 1),
(528, 348, 4),
(529, 349, 12),
(530, 350, 1),
(531, 350, 4),
(532, 351, 1),
(533, 352, 1),
(534, 353, 12),
(535, 354, 5),
(536, 354, 1),
(537, 354, 2),
(538, 355, 1),
(539, 356, 1),
(540, 356, 2),
(541, 357, 1),
(542, 358, 5),
(543, 359, 1),
(544, 360, 1),
(545, 361, 12),
(546, 361, 3),
(547, 362, 1),
(548, 363, 13),
(549, 364, 1),
(550, 365, 12),
(551, 365, 1),
(552, 366, 6),
(553, 366, 7),
(554, 366, 8),
(555, 367, 13),
(556, 367, 2),
(557, 368, 1),
(558, 369, 1),
(559, 370, 1),
(560, 371, 1),
(561, 372, 1),
(562, 372, 2),
(563, 373, 1),
(564, 374, 1),
(565, 375, 1),
(566, 376, 13),
(567, 377, 4),
(568, 378, 1),
(569, 378, 2),
(570, 379, 13),
(571, 379, 12),
(572, 379, 3),
(573, 380, 11),
(574, 381, 1),
(575, 382, 1),
(576, 383, 1),
(577, 384, 1),
(578, 385, 1),
(579, 386, 5),
(580, 386, 1),
(581, 387, 12),
(582, 388, 3),
(583, 388, 6),
(584, 388, 7),
(585, 388, 8),
(586, 389, 1),
(587, 390, 1),
(588, 391, 1),
(589, 392, 1),
(590, 393, 13),
(591, 393, 12),
(592, 393, 11),
(593, 393, 2),
(594, 394, 1),
(595, 394, 2),
(596, 395, 13),
(597, 395, 1),
(598, 396, 1),
(599, 397, 13),
(600, 397, 11),
(601, 398, 1),
(602, 399, 1),
(603, 399, 4),
(604, 400, 13),
(605, 400, 3),
(606, 401, 1),
(607, 402, 12),
(608, 403, 1),
(609, 404, 3),
(610, 405, 1),
(611, 406, 1),
(612, 407, 1),
(613, 407, 11),
(614, 408, 1),
(615, 408, 3),
(616, 408, 4),
(617, 409, 1),
(618, 410, 1),
(619, 410, 4),
(620, 411, 1),
(621, 412, 1),
(622, 413, 1),
(623, 414, 1),
(624, 415, 1),
(625, 416, 13),
(626, 416, 1),
(627, 417, 1),
(628, 418, 1),
(629, 419, 13),
(630, 420, 1),
(631, 420, 2),
(632, 421, 1),
(633, 421, 2),
(634, 422, 1),
(635, 422, 2),
(636, 423, 13),
(637, 423, 3),
(638, 424, 1),
(639, 425, 1),
(640, 425, 6),
(641, 425, 7),
(642, 425, 8),
(643, 426, 1),
(644, 427, 1),
(645, 427, 4),
(646, 427, 2),
(647, 428, 1),
(648, 429, 13),
(649, 430, 1),
(650, 431, 1),
(651, 432, 1),
(652, 433, 1),
(653, 434, 1),
(654, 435, 1),
(655, 436, 1),
(656, 437, 12),
(657, 437, 3),
(658, 438, 1),
(659, 439, 3),
(660, 440, 1),
(661, 440, 6),
(662, 440, 7),
(663, 440, 8),
(664, 441, 13),
(665, 441, 1),
(666, 442, 1),
(667, 443, 1),
(668, 444, 3),
(669, 445, 1),
(670, 446, 1),
(671, 447, 5),
(672, 448, 1),
(673, 448, 2),
(674, 449, 1),
(675, 450, 1),
(676, 451, 3),
(677, 451, 2),
(678, 452, 6),
(679, 452, 7),
(680, 452, 8),
(681, 453, 12),
(682, 454, 1),
(683, 455, 1),
(684, 455, 14),
(685, 456, 3),
(686, 457, 1),
(687, 458, 1),
(688, 458, 6),
(689, 458, 7),
(690, 458, 8),
(691, 459, 1),
(692, 459, 3),
(693, 460, 1),
(694, 461, 13),
(695, 461, 1),
(696, 462, 1),
(697, 463, 1),
(698, 464, 1),
(699, 465, 13),
(700, 465, 1),
(701, 466, 1),
(702, 467, 1),
(703, 468, 1),
(704, 468, 4),
(705, 469, 12),
(706, 470, 12),
(707, 471, 1),
(708, 472, 13),
(709, 472, 1),
(710, 472, 3),
(711, 472, 4),
(712, 472, 2),
(713, 473, 1),
(714, 474, 1),
(715, 474, 11),
(716, 474, 14),
(717, 475, 1),
(718, 476, 12),
(719, 477, 6),
(720, 477, 7),
(721, 477, 8),
(722, 478, 6),
(723, 478, 7),
(724, 478, 8),
(725, 479, 1),
(726, 479, 3),
(727, 480, 12),
(728, 481, 12),
(729, 481, 3),
(730, 482, 1),
(731, 482, 6),
(732, 482, 7),
(733, 482, 8),
(734, 483, 1),
(735, 484, 1),
(736, 485, 1),
(737, 486, 3),
(738, 487, 13),
(739, 487, 1),
(740, 488, 1),
(741, 489, 1),
(742, 490, 1),
(743, 491, 3),
(744, 491, 4),
(745, 492, 13),
(746, 492, 2),
(747, 493, 1),
(748, 494, 13),
(749, 494, 1),
(750, 494, 2),
(751, 495, 1),
(752, 496, 1),
(753, 497, 1),
(754, 498, 1),
(755, 499, 4),
(756, 500, 12);

-- --------------------------------------------------------

--
-- Table structure for table `album_rating`
--

CREATE TABLE `album_rating` (
  `album_rating_id` int(11) NOT NULL,
  `album_rating` int(11) NOT NULL,
  `album_id` int(11) NOT NULL
) ENGINE=InnoDB DEFAULT CHARSET=utf8;

-- --------------------------------------------------------

--
-- Table structure for table `album_subgenre`
--

CREATE TABLE `album_subgenre` (
  `album_subgenre_id` int(11) NOT NULL,
  `album_id` int(11) NOT NULL,
  `sub_genre_id` int(11) NOT NULL
) ENGINE=InnoDB DEFAULT CHARSET=utf8;

--
-- Dumping data for table `album_subgenre`
--

INSERT INTO `album_subgenre` (`album_subgenre_id`, `album_id`, `sub_genre_id`) VALUES
(1, 1, 1),
(2, 1, 2),
(3, 2, 3),
(4, 2, 2),
(5, 3, 2),
(6, 3, 3),
(7, 4, 4),
(8, 4, 5),
(9, 5, 3),
(10, 6, 6),
(11, 7, 5),
(12, 7, 1),
(13, 7, 7),
(14, 8, 8),
(15, 8, 9),
(16, 9, 4),
(17, 9, 10),
(18, 10, 1),
(19, 10, 3),
(20, 10, 2),
(21, 10, 11),
(22, 11, 1),
(23, 12, 12),
(24, 13, 13),
(25, 13, 14),
(26, 13, 11),
(27, 14, 2),
(28, 14, 7),
(29, 14, 3),
(30, 15, 5),
(31, 15, 2),
(32, 16, 4),
(33, 16, 15),
(34, 16, 16),
(35, 17, 17),
(36, 17, 18),
(37, 18, 3),
(38, 19, 15),
(39, 19, 7),
(40, 19, 19),
(41, 20, 20),
(42, 21, 1),
(43, 22, 21),
(44, 23, 3),
(45, 24, 6),
(46, 25, 10),
(47, 25, 6),
(48, 26, 3),
(49, 27, 17),
(50, 27, 3),
(51, 28, 22),
(52, 28, 23),
(53, 28, 24),
(54, 28, 2),
(55, 29, 5),
(56, 29, 22),
(57, 30, 15),
(58, 30, 16),
(59, 30, 25),
(60, 31, 4),
(61, 31, 25),
(62, 32, 5),
(63, 32, 22),
(64, 33, 1),
(65, 33, 8),
(66, 34, 4),
(67, 34, 15),
(68, 34, 5),
(69, 35, 7),
(70, 35, 26),
(71, 36, 4),
(72, 36, 27),
(73, 37, 7),
(74, 38, 25),
(75, 39, 28),
(76, 39, 1),
(77, 40, 4),
(78, 40, 2),
(79, 41, 8),
(80, 42, 2),
(81, 43, 24),
(82, 44, 14),
(83, 45, 29),
(84, 45, 30),
(85, 45, 31),
(86, 45, 32),
(87, 46, 33),
(88, 46, 34),
(89, 47, 35),
(90, 47, 36),
(91, 47, 12),
(92, 48, 37),
(93, 49, 5),
(94, 50, 1),
(95, 50, 10),
(96, 51, 4),
(97, 51, 7),
(98, 52, 6),
(99, 53, 28),
(100, 53, 1),
(101, 54, 10),
(102, 54, 38),
(103, 54, 6),
(104, 54, 39),
(105, 55, 40),
(106, 55, 2),
(107, 56, 1),
(108, 56, 41),
(109, 57, 6),
(110, 57, 20),
(111, 58, 5),
(112, 58, 42),
(113, 58, 7),
(114, 59, 43),
(115, 60, 44),
(116, 60, 45),
(117, 60, 46),
(118, 60, 40),
(119, 60, 2),
(120, 60, 11),
(121, 61, 10),
(122, 61, 47),
(123, 62, 22),
(124, 62, 48),
(125, 63, 3),
(126, 63, 49),
(127, 63, 17),
(128, 63, 50),
(129, 64, 7),
(130, 65, 51),
(131, 65, 3),
(132, 65, 16),
(133, 65, 10),
(134, 66, 4),
(135, 66, 10),
(136, 66, 7),
(137, 66, 52),
(138, 67, 17),
(139, 67, 53),
(140, 67, 11),
(141, 68, 20),
(142, 68, 6),
(143, 68, 16),
(144, 69, 22),
(145, 69, 7),
(146, 69, 5),
(147, 70, 3),
(148, 71, 4),
(149, 71, 3),
(150, 71, 54),
(151, 71, 55),
(152, 71, 56),
(153, 71, 47),
(154, 71, 10),
(155, 72, 29),
(156, 72, 6),
(157, 73, 7),
(158, 74, 1),
(159, 74, 57),
(160, 75, 6),
(161, 75, 47),
(162, 75, 20),
(163, 76, 3),
(164, 76, 47),
(165, 76, 29),
(166, 76, 49),
(167, 77, 22),
(168, 78, 6),
(169, 79, 5),
(170, 79, 7),
(171, 79, 22),
(172, 80, 3),
(173, 81, 8),
(174, 82, 4),
(175, 82, 57),
(176, 82, 7),
(177, 83, 2),
(178, 83, 40),
(179, 84, 6),
(180, 85, 6),
(181, 86, 3),
(182, 87, 17),
(183, 87, 24),
(184, 88, 58),
(185, 89, 3),
(186, 89, 6),
(187, 90, 6),
(188, 90, 47),
(189, 91, 3),
(190, 91, 7),
(191, 92, 1),
(192, 93, 59),
(193, 93, 60),
(194, 94, 58),
(195, 95, 61),
(196, 96, 2),
(197, 97, 25),
(198, 98, 9),
(199, 99, 10),
(200, 99, 47),
(201, 100, 2),
(202, 101, 38),
(203, 101, 16),
(204, 102, 5),
(205, 102, 40),
(206, 103, 36),
(207, 104, 4),
(208, 104, 15),
(209, 104, 27),
(210, 105, 58),
(211, 105, 10),
(212, 106, 1),
(213, 106, 8),
(214, 107, 6),
(215, 107, 10),
(216, 107, 62),
(217, 107, 63),
(218, 108, 7),
(219, 108, 26),
(220, 109, 5),
(221, 109, 3),
(222, 110, 14),
(223, 110, 7),
(224, 111, 17),
(225, 112, 4),
(226, 112, 3),
(227, 113, 27),
(228, 113, 3),
(229, 114, 2),
(230, 114, 5),
(231, 115, 2),
(232, 115, 23),
(233, 116, 5),
(234, 116, 1),
(235, 117, 5),
(236, 118, 43),
(237, 119, 10),
(238, 119, 6),
(239, 120, 4),
(240, 120, 57),
(241, 121, 47),
(242, 121, 64),
(243, 121, 20),
(244, 122, 33),
(245, 122, 65),
(246, 122, 66),
(247, 122, 67),
(248, 122, 68),
(249, 123, 43),
(250, 124, 4),
(251, 124, 2),
(252, 125, 5),
(253, 126, 34),
(254, 127, 4),
(255, 127, 2),
(256, 128, 13),
(257, 128, 22),
(258, 128, 8),
(259, 129, 9),
(260, 129, 14),
(261, 129, 47),
(262, 130, 9),
(263, 130, 8),
(264, 131, 22),
(265, 131, 48),
(266, 132, 29),
(267, 132, 69),
(268, 133, 43),
(269, 134, 70),
(270, 135, 17),
(271, 136, 7),
(272, 137, 71),
(273, 138, 72),
(274, 139, 73),
(275, 139, 6),
(276, 140, 9),
(277, 140, 3),
(278, 140, 8),
(279, 140, 20),
(280, 141, 74),
(281, 142, 3),
(282, 143, 39),
(283, 143, 75),
(284, 143, 61),
(285, 143, 73),
(286, 144, 72),
(287, 145, 76),
(288, 145, 7),
(289, 146, 4),
(290, 146, 2),
(291, 147, 7),
(292, 148, 7),
(293, 149, 77),
(294, 149, 2),
(295, 150, 3),
(296, 151, 71),
(297, 152, 9),
(298, 152, 8),
(299, 152, 23),
(300, 153, 37),
(301, 154, 74),
(302, 155, 17),
(303, 155, 9),
(304, 156, 17),
(305, 156, 78),
(306, 156, 64),
(307, 157, 79),
(308, 157, 9),
(309, 158, 3),
(310, 158, 7),
(311, 159, 22),
(312, 159, 26),
(313, 160, 26),
(314, 160, 7),
(315, 161, 10),
(316, 161, 6),
(317, 162, 17),
(318, 163, 43),
(319, 164, 27),
(320, 164, 3),
(321, 165, 6),
(322, 166, 17),
(323, 166, 9),
(324, 167, 80),
(325, 167, 81),
(326, 168, 9),
(327, 168, 3),
(328, 169, 33),
(329, 169, 34),
(330, 170, 7),
(331, 170, 5),
(332, 170, 22),
(333, 171, 2),
(334, 171, 4),
(335, 171, 57),
(336, 171, 3),
(337, 172, 3),
(338, 173, 82),
(339, 173, 3),
(340, 173, 24),
(341, 174, 4),
(342, 175, 3),
(343, 175, 83),
(344, 176, 22),
(345, 176, 7),
(346, 177, 84),
(347, 178, 10),
(348, 178, 6),
(349, 178, 47),
(350, 179, 85),
(351, 179, 49),
(352, 179, 20),
(353, 180, 3),
(354, 180, 10),
(355, 180, 1),
(356, 181, 33),
(357, 181, 34),
(358, 182, 4),
(359, 182, 3),
(360, 183, 58),
(361, 184, 49),
(362, 185, 13),
(363, 185, 8),
(364, 186, 10),
(365, 186, 47),
(366, 187, 14),
(367, 187, 3),
(368, 187, 49),
(369, 187, 47),
(370, 188, 57),
(371, 189, 86),
(372, 189, 2),
(373, 190, 58),
(374, 190, 6),
(375, 191, 13),
(376, 191, 8),
(377, 192, 57),
(378, 193, 17),
(379, 193, 87),
(380, 193, 8),
(381, 194, 26),
(382, 195, 5),
(383, 195, 88),
(384, 195, 89),
(385, 196, 13),
(386, 196, 90),
(387, 197, 17),
(388, 198, 74),
(389, 199, 71),
(390, 200, 22),
(391, 201, 91),
(392, 202, 4),
(393, 202, 3),
(394, 203, 3),
(395, 203, 16),
(396, 203, 47),
(397, 203, 6),
(398, 204, 5),
(399, 204, 4),
(400, 205, 5),
(401, 205, 2),
(402, 205, 7),
(403, 206, 43),
(404, 207, 61),
(405, 207, 22),
(406, 207, 2),
(407, 208, 4),
(408, 208, 3),
(409, 209, 18),
(410, 210, 4),
(411, 210, 57),
(412, 210, 7),
(413, 211, 7),
(414, 211, 24),
(415, 212, 17),
(416, 212, 71),
(417, 213, 7),
(418, 214, 10),
(419, 214, 73),
(420, 214, 6),
(421, 215, 26),
(422, 216, 10),
(423, 216, 1),
(424, 217, 10),
(425, 217, 6),
(426, 218, 71),
(427, 219, 43),
(428, 220, 73),
(429, 220, 6),
(430, 220, 47),
(431, 221, 17),
(432, 221, 92),
(433, 222, 93),
(434, 223, 3),
(435, 224, 27),
(436, 224, 16),
(437, 225, 3),
(438, 225, 8),
(439, 226, 15),
(440, 227, 71),
(441, 228, 43),
(442, 229, 22),
(443, 229, 5),
(444, 230, 5),
(445, 230, 3),
(446, 231, 22),
(447, 231, 3),
(448, 231, 24),
(449, 232, 1),
(450, 232, 3),
(451, 233, 4),
(452, 233, 13),
(453, 233, 3),
(454, 234, 4),
(455, 234, 7),
(456, 235, 43),
(457, 236, 43),
(458, 237, 23),
(459, 238, 43),
(460, 239, 49),
(461, 240, 7),
(462, 241, 17),
(463, 241, 82),
(464, 241, 8),
(465, 241, 71),
(466, 242, 43),
(467, 243, 5),
(468, 243, 48),
(469, 244, 78),
(470, 244, 94),
(471, 244, 95),
(472, 245, 96),
(473, 245, 1),
(474, 245, 10),
(475, 246, 97),
(476, 246, 46),
(477, 246, 98),
(478, 246, 10),
(479, 246, 2),
(480, 246, 11),
(481, 246, 99),
(482, 247, 4),
(483, 247, 57),
(484, 247, 2),
(485, 247, 11),
(486, 248, 35),
(487, 249, 17),
(488, 250, 43),
(489, 251, 14),
(490, 251, 100),
(491, 251, 11),
(492, 252, 43),
(493, 253, 4),
(494, 253, 3),
(495, 253, 7),
(496, 254, 6),
(497, 255, 48),
(498, 256, 101),
(499, 257, 49),
(500, 257, 10),
(501, 258, 2),
(502, 258, 3),
(503, 259, 102),
(504, 259, 103),
(505, 260, 83),
(506, 261, 4),
(507, 262, 4),
(508, 262, 7),
(509, 263, 43),
(510, 264, 4),
(511, 264, 57),
(512, 264, 7),
(513, 265, 39),
(514, 265, 38),
(515, 266, 5),
(516, 266, 76),
(517, 266, 7),
(518, 267, 22),
(519, 267, 7),
(520, 267, 23),
(521, 268, 4),
(522, 268, 3),
(523, 269, 104),
(524, 270, 5),
(525, 270, 1),
(526, 270, 7),
(527, 270, 20),
(528, 271, 3),
(529, 271, 2),
(530, 272, 71),
(531, 273, 6),
(532, 274, 47),
(533, 274, 20),
(534, 275, 43),
(535, 276, 84),
(536, 276, 47),
(537, 277, 102),
(538, 277, 103),
(539, 277, 49),
(540, 278, 105),
(541, 278, 58),
(542, 278, 45),
(543, 278, 62),
(544, 278, 21),
(545, 278, 25),
(546, 279, 26),
(547, 280, 3),
(548, 281, 102),
(549, 282, 21),
(550, 283, 6),
(551, 283, 20),
(552, 284, 9),
(553, 284, 3),
(554, 284, 49),
(555, 285, 39),
(556, 285, 6),
(557, 286, 10),
(558, 286, 6),
(559, 287, 8),
(560, 287, 1),
(561, 288, 2),
(562, 289, 3),
(563, 289, 2),
(564, 289, 23),
(565, 290, 10),
(566, 290, 6),
(567, 291, 9),
(568, 292, 4),
(569, 292, 57),
(570, 292, 7),
(571, 293, 46),
(572, 293, 11),
(573, 294, 13),
(574, 294, 22),
(575, 294, 8),
(576, 294, 5),
(577, 295, 4),
(578, 295, 25),
(579, 295, 16),
(580, 296, 17),
(581, 296, 71),
(582, 297, 30),
(583, 297, 46),
(584, 297, 2),
(585, 297, 11),
(586, 297, 99),
(587, 298, 78),
(588, 298, 37),
(589, 298, 106),
(590, 299, 17),
(591, 299, 107),
(592, 300, 22),
(593, 300, 48),
(594, 301, 58),
(595, 302, 37),
(596, 303, 4),
(597, 303, 57),
(598, 304, 17),
(599, 304, 4),
(600, 305, 58),
(601, 305, 25),
(602, 306, 101),
(603, 306, 103),
(604, 306, 108),
(605, 306, 20),
(606, 306, 55),
(607, 306, 109),
(608, 307, 29),
(609, 307, 28),
(610, 307, 3),
(611, 308, 83),
(612, 308, 110),
(613, 309, 5),
(614, 309, 1),
(615, 309, 7),
(616, 310, 17),
(617, 310, 111),
(618, 311, 96),
(619, 311, 1),
(620, 311, 41),
(621, 312, 17),
(622, 313, 4),
(623, 313, 15),
(624, 313, 18),
(625, 314, 102),
(626, 314, 37),
(627, 315, 27),
(628, 315, 22),
(629, 315, 3),
(630, 316, 13),
(631, 316, 14),
(632, 316, 11),
(633, 317, 17),
(634, 318, 6),
(635, 319, 33),
(636, 320, 17),
(637, 320, 11),
(638, 321, 25),
(639, 321, 4),
(640, 321, 15),
(641, 322, 43),
(642, 323, 17),
(643, 323, 9),
(644, 323, 3),
(645, 324, 7),
(646, 324, 6),
(647, 324, 47),
(648, 324, 14),
(649, 325, 43),
(650, 326, 9),
(651, 326, 17),
(652, 327, 112),
(653, 327, 71),
(654, 328, 17),
(655, 328, 71),
(656, 329, 6),
(657, 329, 47),
(658, 330, 5),
(659, 330, 4),
(660, 330, 7),
(661, 331, 28),
(662, 331, 29),
(663, 331, 3),
(664, 332, 4),
(665, 333, 1),
(666, 333, 8),
(667, 334, 43),
(668, 335, 17),
(669, 336, 17),
(670, 336, 14),
(671, 337, 7),
(672, 337, 24),
(673, 338, 4),
(674, 338, 5),
(675, 338, 2),
(676, 339, 52),
(677, 339, 113),
(678, 340, 114),
(679, 340, 8),
(680, 341, 115),
(681, 341, 116),
(682, 341, 103),
(683, 342, 49),
(684, 343, 3),
(685, 344, 22),
(686, 345, 47),
(687, 345, 71),
(688, 345, 9),
(689, 346, 43),
(690, 347, 2),
(691, 348, 5),
(692, 348, 74),
(693, 349, 43),
(694, 350, 5),
(695, 350, 3),
(696, 351, 22),
(697, 351, 50),
(698, 352, 117),
(699, 352, 7),
(700, 353, 43),
(701, 354, 3),
(702, 354, 16),
(703, 354, 118),
(704, 355, 5),
(705, 355, 2),
(706, 356, 3),
(707, 356, 83),
(708, 357, 5),
(709, 357, 2),
(710, 357, 3),
(711, 358, 12),
(712, 359, 3),
(713, 359, 119),
(714, 360, 8),
(715, 361, 72),
(716, 361, 84),
(717, 361, 120),
(718, 361, 37),
(719, 362, 17),
(720, 363, 49),
(721, 364, 5),
(722, 364, 7),
(723, 365, 111),
(724, 366, 58),
(725, 366, 62),
(726, 366, 25),
(727, 367, 121),
(728, 367, 122),
(729, 367, 103),
(730, 367, 83),
(731, 367, 100),
(732, 368, 57),
(733, 368, 7),
(734, 369, 17),
(735, 369, 71),
(736, 370, 7),
(737, 371, 71),
(738, 372, 9),
(739, 372, 3),
(740, 373, 2),
(741, 373, 4),
(742, 373, 57),
(743, 373, 123),
(744, 374, 14),
(745, 374, 3),
(746, 374, 26),
(747, 375, 3),
(748, 376, 115),
(749, 376, 53),
(750, 376, 101),
(751, 377, 96),
(752, 377, 40),
(753, 377, 74),
(754, 377, 124),
(755, 378, 125),
(756, 379, 102),
(757, 380, 126),
(758, 380, 33),
(759, 380, 34),
(760, 380, 127),
(761, 381, 3),
(762, 381, 2),
(763, 382, 14),
(764, 382, 71),
(765, 383, 9),
(766, 383, 71),
(767, 384, 23),
(768, 384, 28),
(769, 384, 2),
(770, 385, 4),
(771, 385, 5),
(772, 386, 76),
(773, 386, 3),
(774, 386, 7),
(775, 387, 72),
(776, 388, 54),
(777, 389, 3),
(778, 390, 5),
(779, 390, 13),
(780, 390, 17),
(781, 391, 27),
(782, 391, 3),
(783, 392, 3),
(784, 393, 128),
(785, 393, 129),
(786, 393, 108),
(787, 393, 130),
(788, 394, 3),
(789, 394, 83),
(790, 395, 116),
(791, 395, 17),
(792, 395, 101),
(793, 395, 20),
(794, 396, 14),
(795, 396, 46),
(796, 396, 26),
(797, 397, 131),
(798, 397, 103),
(799, 398, 3),
(800, 399, 5),
(801, 400, 6),
(802, 400, 20),
(803, 401, 17),
(804, 401, 111),
(805, 402, 43),
(806, 403, 5),
(807, 403, 22),
(808, 403, 42),
(809, 404, 73),
(810, 404, 47),
(811, 404, 10),
(812, 405, 82),
(813, 406, 71),
(814, 407, 1),
(815, 407, 131),
(816, 407, 8),
(817, 408, 5),
(818, 408, 10),
(819, 408, 6),
(820, 409, 2),
(821, 410, 5),
(822, 411, 5),
(823, 412, 8),
(824, 413, 17),
(825, 413, 114),
(826, 413, 8),
(827, 414, 3),
(828, 415, 22),
(829, 416, 109),
(830, 416, 14),
(831, 417, 9),
(832, 417, 3),
(833, 418, 3),
(834, 419, 132),
(835, 419, 103),
(836, 420, 41),
(837, 420, 1),
(838, 421, 3),
(839, 421, 83),
(840, 422, 1),
(841, 422, 83),
(842, 423, 3),
(843, 423, 6),
(844, 423, 20),
(845, 424, 4),
(846, 424, 7),
(847, 425, 57),
(848, 425, 123),
(849, 426, 82),
(850, 426, 3),
(851, 426, 50),
(852, 426, 22),
(853, 427, 5),
(854, 427, 3),
(855, 427, 16),
(856, 428, 17),
(857, 428, 9),
(858, 428, 8),
(859, 429, 11),
(860, 429, 100),
(861, 430, 71),
(862, 431, 71),
(863, 432, 14),
(864, 432, 26),
(865, 433, 3),
(866, 434, 82),
(867, 435, 18),
(868, 435, 17),
(869, 436, 17),
(870, 436, 133),
(871, 437, 102),
(872, 437, 134),
(873, 437, 78),
(874, 437, 70),
(875, 438, 9),
(876, 438, 79),
(877, 439, 6),
(878, 440, 4),
(879, 440, 135),
(880, 440, 8),
(881, 441, 9),
(882, 441, 11),
(883, 442, 9),
(884, 443, 82),
(885, 443, 3),
(886, 443, 22),
(887, 444, 47),
(888, 445, 3),
(889, 446, 13),
(890, 446, 1),
(891, 447, 136),
(892, 447, 137),
(893, 448, 9),
(894, 448, 3),
(895, 449, 112),
(896, 449, 138),
(897, 450, 3),
(898, 450, 7),
(899, 451, 6),
(900, 452, 58),
(901, 452, 25),
(902, 453, 43),
(903, 454, 7),
(904, 455, 5),
(905, 456, 6),
(906, 457, 17),
(907, 458, 27),
(908, 458, 57),
(909, 459, 10),
(910, 459, 6),
(911, 460, 18),
(912, 461, 79),
(913, 461, 131),
(914, 461, 46),
(915, 461, 11),
(916, 462, 43),
(917, 463, 9),
(918, 463, 71),
(919, 464, 22),
(920, 464, 50),
(921, 465, 49),
(922, 465, 71),
(923, 466, 17),
(924, 466, 3),
(925, 467, 43),
(926, 468, 5),
(927, 468, 40),
(928, 468, 74),
(929, 468, 139),
(930, 468, 140),
(931, 469, 78),
(932, 469, 37),
(933, 470, 43),
(934, 471, 7),
(935, 471, 4),
(936, 472, 103),
(937, 472, 27),
(938, 472, 3),
(939, 472, 49),
(940, 473, 71),
(941, 474, 4),
(942, 474, 33),
(943, 474, 60),
(944, 475, 9),
(945, 475, 3),
(946, 476, 43),
(947, 477, 58),
(948, 478, 58),
(949, 479, 84),
(950, 479, 2),
(951, 480, 43),
(952, 481, 6),
(953, 481, 47),
(954, 481, 141),
(955, 482, 58),
(956, 482, 123),
(957, 483, 79),
(958, 483, 9),
(959, 484, 7),
(960, 484, 26),
(961, 485, 17),
(962, 485, 22),
(963, 486, 6),
(964, 486, 47),
(965, 486, 20),
(966, 487, 3),
(967, 487, 49),
(968, 488, 17),
(969, 488, 114),
(970, 488, 8),
(971, 489, 22),
(972, 490, 5),
(973, 490, 7),
(974, 491, 40),
(975, 491, 10),
(976, 491, 6),
(977, 492, 9),
(978, 492, 49),
(979, 493, 17),
(980, 494, 49),
(981, 494, 71),
(982, 495, 5),
(983, 496, 3),
(984, 497, 71),
(985, 497, 17),
(986, 497, 5),
(987, 497, 13),
(988, 498, 71),
(989, 499, 40),
(990, 500, 33),
(991, 500, 72),
(992, 500, 6),
(993, 500, 37);

-- --------------------------------------------------------

--
-- Table structure for table `artist`
--

CREATE TABLE `artist` (
  `artist_id` int(11) NOT NULL,
  `artist_name` varchar(255) NOT NULL,
  `no_albums_on_list` int(11) DEFAULT NULL,
  `highest_rank_on_list` int(11) DEFAULT NULL,
  `highest_album_on_list` varchar(255) DEFAULT NULL,
  `artist_view_url` varchar(255) NOT NULL
) ENGINE=InnoDB DEFAULT CHARSET=utf8;

--
-- Dumping data for table `artist`
--

INSERT INTO `artist` (`artist_id`, `artist_name`, `no_albums_on_list`, `highest_rank_on_list`, `highest_album_on_list`, `artist_view_url`) VALUES
(1, 'The Beatles', NULL, NULL, NULL, 'https://music.apple.com/us/artist/the-beatles/136975?uo=4'),
(2, 'The Beach Boys', NULL, NULL, NULL, 'https://music.apple.com/us/artist/the-beach-boys/562555?uo=4'),
(3, 'Bob Dylan', NULL, NULL, NULL, 'https://music.apple.com/us/artist/bob-dylan/462006?uo=4'),
(4, 'Marvin Gaye', NULL, NULL, NULL, 'https://music.apple.com/us/artist/marvin-gaye/127329?uo=4'),
(5, 'The Rolling Stones', NULL, NULL, NULL, 'https://music.apple.com/us/artist/the-rolling-stones/1249595?uo=4'),
(6, 'The Clash', NULL, NULL, NULL, 'https://music.apple.com/us/artist/the-clash/522000?uo=4'),
(7, 'Elvis Presley', NULL, NULL, NULL, 'https://music.apple.com/us/artist/elvis-presley/197443?uo=4'),
(8, 'Miles Davis', NULL, NULL, NULL, 'https://music.apple.com/us/artist/miles-davis/44984?uo=4'),
(9, 'The Velvet Underground', NULL, NULL, NULL, 'https://music.apple.com/us/artist/the-velvet-underground/136829?uo=4'),
(10, 'The Jimi Hendrix Experience', NULL, NULL, NULL, 'https://music.apple.com/us/artist/the-jimi-hendrix-experience/62819?uo=4'),
(11, 'Nirvana', NULL, NULL, NULL, 'https://music.apple.com/us/artist/nirvana/112018?uo=4'),
(12, 'Bruce Springsteen', NULL, NULL, NULL, 'https://music.apple.com/us/artist/bruce-springsteen/178834?uo=4'),
(13, 'Van Morrison', NULL, NULL, NULL, 'https://music.apple.com/us/artist/van-morrison/253638?uo=4'),
(14, 'Michael Jackson', NULL, NULL, NULL, 'https://music.apple.com/us/artist/michael-jackson/32940?uo=4'),
(15, 'Chuck Berry', NULL, NULL, NULL, 'https://music.apple.com/us/artist/chuck-berry/343170?uo=4'),
(16, 'Robert Johnson', NULL, NULL, NULL, 'https://music.apple.com/us/artist/robert-johnson/314626?uo=4'),
(17, 'John Lennon / Plastic Ono Band', NULL, NULL, NULL, 'https://music.apple.com/us/artist/john-lennon/4416594?uo=4'),
(18, 'Stevie Wonder', NULL, NULL, NULL, 'https://music.apple.com/us/artist/stevie-wonder/46726?uo=4'),
(19, 'James Brown', NULL, NULL, NULL, 'https://music.apple.com/us/artist/james-brown/117118?uo=4'),
(20, 'Fleetwood Mac', NULL, NULL, NULL, 'https://music.apple.com/us/artist/fleetwood-mac/158038?uo=4'),
(21, 'U2', NULL, NULL, NULL, 'https://music.apple.com/us/artist/u2/78500?uo=4'),
(22, 'The Who', NULL, NULL, NULL, 'https://music.apple.com/us/artist/the-who/61499?uo=4'),
(23, 'Led Zeppelin', NULL, NULL, NULL, 'https://music.apple.com/us/artist/led-zeppelin/994656?uo=4'),
(24, 'Joni Mitchell', NULL, NULL, NULL, 'https://music.apple.com/us/artist/joni-mitchell/203373?uo=4'),
(25, 'Ramones', NULL, NULL, NULL, 'https://music.apple.com/us/artist/ramones/60715?uo=4'),
(26, 'The Band', NULL, NULL, NULL, 'https://music.apple.com/us/artist/the-band/556583?uo=4'),
(27, 'David Bowie', NULL, NULL, NULL, 'https://music.apple.com/us/artist/david-bowie/551695?uo=4'),
(28, 'Carole King', NULL, NULL, NULL, 'https://music.apple.com/us/artist/carole-king/34495?uo=4'),
(29, 'Eagles', NULL, NULL, NULL, 'https://music.apple.com/us/artist/eagles/1053549?uo=4'),
(30, 'Muddy Waters', NULL, NULL, NULL, 'https://music.apple.com/us/artist/muddy-waters/26643?uo=4'),
(31, 'Love', NULL, NULL, NULL, 'https://music.apple.com/us/artist/love/432307585?uo=4'),
(32, 'Sex Pistols', NULL, NULL, NULL, 'https://music.apple.com/us/artist/sex-pistols/3184277?uo=4'),
(33, 'The Doors', NULL, NULL, NULL, 'https://music.apple.com/us/artist/the-doors/1248588?uo=4'),
(34, 'Pink Floyd', NULL, NULL, NULL, 'https://music.apple.com/us/artist/pink-floyd/487143?uo=4'),
(35, 'Patti Smith', NULL, NULL, NULL, 'https://music.apple.com/us/artist/patti-smith/13762?uo=4'),
(36, 'Bob Marley & The Wailers', NULL, NULL, NULL, 'https://music.apple.com/us/artist/bob-marley-the-wailers/3174628?uo=4'),
(37, 'John Coltrane', NULL, NULL, NULL, 'https://music.apple.com/us/artist/john-coltrane/120199?uo=4'),
(38, 'Public Enemy', NULL, NULL, NULL, 'https://music.apple.com/us/artist/public-enemy/36954?uo=4'),
(39, 'The Allman Brothers Band', NULL, NULL, NULL, 'https://music.apple.com/us/artist/the-allman-brothers-band/127835?uo=4'),
(40, 'Little Richard', NULL, NULL, NULL, 'https://music.apple.com/us/artist/little-richard/1168275?uo=4'),
(41, 'Simon & Garfunkel', NULL, NULL, NULL, 'https://music.apple.com/us/artist/simon-garfunkel/461503?uo=4'),
(42, 'Al Green', NULL, NULL, NULL, 'https://music.apple.com/us/artist/al-green/99603?uo=4'),
(43, 'Ray Charles', NULL, NULL, NULL, 'https://music.apple.com/us/artist/ray-charles/160926?uo=4'),
(44, 'Creedence Clearwater Revival', NULL, NULL, NULL, 'https://music.apple.com/us/artist/creedence-clearwater-revival/2083606?uo=4'),
(45, 'Captain Beefheart & His Magic Band', NULL, NULL, NULL, 'https://music.apple.com/us/artist/captain-beefheart-his-magic-band/196223996?uo=4'),
(46, 'Sly & The Family Stone', NULL, NULL, NULL, 'https://music.apple.com/us/artist/sly-the-family-stone/651583?uo=4'),
(47, 'Guns N\' Roses', NULL, NULL, NULL, 'https://music.apple.com/us/artist/guns-n-roses/106621?uo=4'),
(48, 'Phil Spector', NULL, NULL, NULL, ''),
(49, 'Radiohead', NULL, NULL, NULL, 'https://music.apple.com/us/artist/radiohead/657515?uo=4'),
(50, 'Billy Joel', NULL, NULL, NULL, 'https://music.apple.com/us/artist/billy-joel/485953?uo=4'),
(51, 'Paul Simon', NULL, NULL, NULL, 'https://music.apple.com/us/artist/paul-simon/152016?uo=4'),
(52, 'Curtis Mayfield', NULL, NULL, NULL, 'https://music.apple.com/us/artist/curtis-mayfield/169711?uo=4'),
(53, 'Neil Young', NULL, NULL, NULL, 'https://music.apple.com/us/artist/neil-young/147370?uo=4'),
(54, 'Prince and the Revolution', NULL, NULL, NULL, 'https://music.apple.com/us/artist/prince/155814?uo=4'),
(55, 'AC/DC', NULL, NULL, NULL, 'https://music.apple.com/us/artist/ac-dc/5040714?uo=4'),
(56, 'Otis Redding', NULL, NULL, NULL, 'https://music.apple.com/us/artist/otis-redding/189254?uo=4'),
(57, 'John Lennon', NULL, NULL, NULL, 'https://music.apple.com/us/artist/john-lennon/4416594?uo=4'),
(58, 'Aretha Franklin', NULL, NULL, NULL, 'https://music.apple.com/us/artist/aretha-franklin/98742?uo=4'),
(59, 'Johnny Cash', NULL, NULL, NULL, 'https://music.apple.com/us/artist/johnny-cash/70936?uo=4'),
(60, 'Dusty Springfield', NULL, NULL, NULL, 'https://music.apple.com/us/artist/dusty-springfield/52293?uo=4'),
(61, 'Elton John', NULL, NULL, NULL, 'https://music.apple.com/us/artist/elton-john/54657?uo=4'),
(62, 'Buddy Holly', NULL, NULL, NULL, 'https://music.apple.com/us/artist/buddy-holly/337158?uo=4'),
(63, 'Prince', NULL, NULL, NULL, 'https://music.apple.com/us/artist/prince/155814?uo=4'),
(64, 'Hank Williams', NULL, NULL, NULL, 'https://music.apple.com/us/artist/hank-williams/179722?uo=4'),
(65, 'Elvis Costello', NULL, NULL, NULL, 'https://music.apple.com/us/artist/elvis-costello-the-attractions/274923492?uo=4'),
(66, 'The Zombies', NULL, NULL, NULL, 'https://music.apple.com/us/artist/the-zombies/930280?uo=4'),
(67, 'Frank Sinatra', NULL, NULL, NULL, 'https://music.apple.com/us/artist/frank-sinatra/171366?uo=4'),
(68, 'Cream', NULL, NULL, NULL, 'https://music.apple.com/us/artist/cream/120593?uo=4'),
(69, 'James Taylor', NULL, NULL, NULL, 'https://music.apple.com/us/artist/james-taylor/207815?uo=4'),
(70, 'Sam Cooke', NULL, NULL, NULL, 'https://music.apple.com/us/artist/sam-cooke/1195231?uo=4'),
(71, 'The Mamas and the Papas', NULL, NULL, NULL, ''),
(72, 'Derek and the Dominos', NULL, NULL, NULL, ''),
(73, 'Kanye West', NULL, NULL, NULL, 'https://music.apple.com/us/artist/kanye-west/2715720?uo=4'),
(74, 'Etta James', NULL, NULL, NULL, 'https://music.apple.com/us/artist/etta-james/10811?uo=4'),
(75, 'The Byrds', NULL, NULL, NULL, 'https://music.apple.com/us/artist/the-byrds/462274?uo=4'),
(76, 'Various Artists', NULL, NULL, NULL, ''),
(77, 'Run D.M.C.', NULL, NULL, NULL, ''),
(78, 'Moby Grape', NULL, NULL, NULL, 'https://music.apple.com/us/artist/moby-grape/18751465?uo=4'),
(79, 'Janis Joplin', NULL, NULL, NULL, 'https://music.apple.com/us/artist/janis-joplin/365673?uo=4'),
(80, 'The Wailers', NULL, NULL, NULL, 'https://music.apple.com/us/artist/the-wailers/2532511?uo=4'),
(81, 'Iggy and The Stooges', NULL, NULL, NULL, ''),
(82, 'Talking Heads', NULL, NULL, NULL, 'https://music.apple.com/us/artist/talking-heads/155546?uo=4'),
(83, 'Television', NULL, NULL, NULL, ''),
(84, 'Black Sabbath', NULL, NULL, NULL, 'https://music.apple.com/us/artist/black-sabbath/165907?uo=4'),
(85, 'The Notorious B.I.G.', NULL, NULL, NULL, 'https://music.apple.com/us/artist/the-notorious-b-i-g/5499810?uo=4'),
(86, 'Pavement', NULL, NULL, NULL, 'https://music.apple.com/us/artist/pavement/2988588?uo=4'),
(87, 'The Replacements', NULL, NULL, NULL, 'https://music.apple.com/us/artist/the-replacements/206276?uo=4'),
(88, 'Dr. Dre', NULL, NULL, NULL, ''),
(89, 'The Meters', NULL, NULL, NULL, 'https://music.apple.com/us/artist/the-meters/7314214?uo=4'),
(90, 'Blondie', NULL, NULL, NULL, ''),
(91, 'B.B. King', NULL, NULL, NULL, ''),
(92, 'Dr. John, the Night Tripper', NULL, NULL, NULL, ''),
(93, 'N.W.A', NULL, NULL, NULL, ''),
(94, 'Steely Dan', NULL, NULL, NULL, 'https://music.apple.com/us/artist/steely-dan/59606?uo=4'),
(95, 'Jefferson Airplane', NULL, NULL, NULL, 'https://music.apple.com/us/artist/jefferson-airplane/171949?uo=4'),
(96, 'Crosby, Stills, Nash & Young', NULL, NULL, NULL, 'https://music.apple.com/us/artist/crosby-stills-nash-young/175818?uo=4'),
(97, 'Santana', NULL, NULL, NULL, 'https://music.apple.com/us/artist/santana/217174?uo=4'),
(98, 'Arcade Fire', NULL, NULL, NULL, 'https://music.apple.com/us/artist/arcade-fire/23203991?uo=4'),
(99, 'The B 52\'s', NULL, NULL, NULL, ''),
(100, 'A Tribe Called Quest', NULL, NULL, NULL, 'https://music.apple.com/us/artist/a-tribe-called-quest/1587965?uo=4'),
(101, 'Howlin\' Wolf', NULL, NULL, NULL, 'https://music.apple.com/us/artist/howlin-wolf/95657?uo=4'),
(102, 'Pretenders', NULL, NULL, NULL, 'https://music.apple.com/us/artist/pretenders/2663644?uo=4'),
(103, 'Beastie Boys', NULL, NULL, NULL, 'https://music.apple.com/us/artist/beastie-boys/1971863?uo=4'),
(104, 'Joy Division', NULL, NULL, NULL, ''),
(105, 'KISS', NULL, NULL, NULL, 'https://music.apple.com/us/artist/kiss/118108?uo=4'),
(106, 'T. Rex', NULL, NULL, NULL, 'https://music.apple.com/us/artist/t-rex/5132974?uo=4'),
(107, 'Linda Ronstadt', NULL, NULL, NULL, 'https://music.apple.com/us/artist/linda-ronstadt/148850?uo=4'),
(108, 'Elvis Costello & The Attractions', NULL, NULL, NULL, 'https://music.apple.com/us/artist/elvis-costello-the-attractions/274923492?uo=4'),
(109, 'Metallica', NULL, NULL, NULL, 'https://music.apple.com/us/artist/metallica/3996865?uo=4'),
(110, 'Rod Stewart', NULL, NULL, NULL, 'https://music.apple.com/us/artist/rod-stewart/57471?uo=4'),
(111, 'Todd Rundgren', NULL, NULL, NULL, 'https://music.apple.com/us/artist/todd-rundgren/482336?uo=4'),
(112, 'Carpenters', NULL, NULL, NULL, 'https://music.apple.com/us/artist/carpenters/117982008?uo=4'),
(113, 'Aerosmith', NULL, NULL, NULL, 'https://music.apple.com/us/artist/aerosmith/115386?uo=4'),
(114, 'Funkadelic', NULL, NULL, NULL, 'https://music.apple.com/us/artist/funkadelic/32181103?uo=4'),
(115, 'Curtis Mayfield and The Impressions', NULL, NULL, NULL, ''),
(116, 'ABBA', NULL, NULL, NULL, ''),
(117, 'Willie Nelson', NULL, NULL, NULL, 'https://music.apple.com/us/artist/willie-nelson/71676?uo=4'),
(118, 'Madonna', NULL, NULL, NULL, 'https://music.apple.com/us/artist/madonna/20044?uo=4'),
(119, 'The Stooges', NULL, NULL, NULL, 'https://music.apple.com/us/artist/the-stooges/3855407?uo=4'),
(120, 'Peter Gabriel', NULL, NULL, NULL, 'https://music.apple.com/us/artist/peter-gabriel/115433?uo=4'),
(121, 'Buffalo Springfield', NULL, NULL, NULL, 'https://music.apple.com/us/artist/buffalo-springfield/612440?uo=4'),
(122, 'Quicksilver Messenger Service', NULL, NULL, NULL, 'https://music.apple.com/us/artist/quicksilver-messenger-service/529187?uo=4'),
(123, 'The Flying Burrito Brothers', NULL, NULL, NULL, 'https://music.apple.com/us/artist/the-flying-burrito-brothers/361944?uo=4'),
(124, 'Green Day', NULL, NULL, NULL, 'https://music.apple.com/us/artist/green-day/954266?uo=4'),
(125, 'Lou Reed', NULL, NULL, NULL, 'https://music.apple.com/us/artist/lou-reed/167203?uo=4'),
(126, 'John Mayall & The Bluesbreakers', NULL, NULL, NULL, ''),
(127, 'R.E.M.', NULL, NULL, NULL, 'https://music.apple.com/us/artist/r-e-m/311145?uo=4'),
(128, 'Little Walter', NULL, NULL, NULL, 'https://music.apple.com/us/artist/little-walter/95624?uo=4'),
(129, 'The Strokes', NULL, NULL, NULL, 'https://music.apple.com/us/artist/the-strokes/560289?uo=4'),
(130, 'Nine Inch Nails', NULL, NULL, NULL, 'https://music.apple.com/us/artist/nine-inch-nails/107917?uo=4'),
(131, 'Cat Stevens', NULL, NULL, NULL, 'https://music.apple.com/us/artist/cat-stevens/107587?uo=4'),
(132, 'Pearl Jam', NULL, NULL, NULL, 'https://music.apple.com/us/artist/pearl-jam/467464?uo=4'),
(133, 'Neil Young & Crazy Horse', NULL, NULL, NULL, 'https://music.apple.com/us/artist/neil-young-crazy-horse/167559?uo=4'),
(134, 'Ike & Tina Turner', NULL, NULL, NULL, 'https://music.apple.com/us/artist/ike-tina-turner/196435051?uo=4'),
(135, 'New York Dolls', NULL, NULL, NULL, 'https://music.apple.com/us/artist/new-york-dolls/81689?uo=4'),
(136, 'Bo Diddley', NULL, NULL, NULL, 'https://music.apple.com/us/artist/bo-diddley/95671?uo=4'),
(137, 'Bobby \"Blue\" Bland', NULL, NULL, NULL, 'https://music.apple.com/us/artist/bobby-blue-bland/38554?uo=4'),
(138, 'The Smiths', NULL, NULL, NULL, 'https://music.apple.com/us/artist/the-smiths/829538?uo=4'),
(139, 'My Bloody Valentine', NULL, NULL, NULL, 'https://music.apple.com/us/artist/my-bloody-valentine/206711?uo=4'),
(140, 'Professor Longhair', NULL, NULL, NULL, 'https://music.apple.com/us/artist/professor-longhair/68439781?uo=4'),
(141, 'Neil Diamond', NULL, NULL, NULL, 'https://music.apple.com/us/artist/neil-diamond/94935?uo=4'),
(142, 'Pixies', NULL, NULL, NULL, 'https://music.apple.com/us/artist/pixies/2730151?uo=4'),
(143, 'Eric B. & Rakim', NULL, NULL, NULL, 'https://music.apple.com/us/artist/eric-b-rakim/2319548?uo=4'),
(144, 'Bonnie Raitt', NULL, NULL, NULL, 'https://music.apple.com/us/artist/bonnie-raitt/22677?uo=4'),
(145, 'Queen', NULL, NULL, NULL, 'https://music.apple.com/us/artist/queen/3296287?uo=4'),
(146, 'The Kinks', NULL, NULL, NULL, 'https://music.apple.com/us/artist/the-kinks/1179227?uo=4'),
(147, 'Patsy Cline', NULL, NULL, NULL, ''),
(148, 'Jackie Wilson', NULL, NULL, NULL, 'https://music.apple.com/us/artist/jackie-wilson/267843?uo=4'),
(149, 'Eminem', NULL, NULL, NULL, 'https://music.apple.com/us/artist/eminem/111051?uo=4'),
(150, 'Jerry Lee Lewis', NULL, NULL, NULL, ''),
(151, 'The Mothers of Invention', NULL, NULL, NULL, 'https://music.apple.com/us/artist/the-mothers-of-invention/148028451?uo=4'),
(152, 'The Grateful Dead', NULL, NULL, NULL, 'https://music.apple.com/us/artist/grateful-dead/1273063?uo=4'),
(153, 'Ornette Coleman', NULL, NULL, NULL, 'https://music.apple.com/us/artist/ornette-coleman/461909?uo=4'),
(154, 'Jay Z', NULL, NULL, NULL, ''),
(155, 'Kraftwerk', NULL, NULL, NULL, ''),
(156, 'Whitney Houston', NULL, NULL, NULL, ''),
(157, 'Janet', NULL, NULL, NULL, ''),
(158, 'Grateful Dead', NULL, NULL, NULL, 'https://music.apple.com/us/artist/grateful-dead/1273063?uo=4'),
(159, 'Crosby, Stills & Nash', NULL, NULL, NULL, ''),
(160, 'Tracy Chapman', NULL, NULL, NULL, ''),
(161, 'Blood, Sweat & Tears', NULL, NULL, NULL, 'https://music.apple.com/us/artist/blood-sweat-tears/461438?uo=4'),
(162, 'The Jesus and Mary Chain', NULL, NULL, NULL, 'https://music.apple.com/us/artist/the-jesus-and-mary-chain/206071588?uo=4'),
(163, 'Sleater Kinney', NULL, NULL, NULL, ''),
(164, 'Smokey Robinson & The Miracles', NULL, NULL, NULL, 'https://music.apple.com/us/artist/smokey-robinson-the-miracles/271808?uo=4'),
(165, 'LaBelle', NULL, NULL, NULL, 'https://music.apple.com/us/artist/labelle/539324?uo=4'),
(166, 'Parliament', NULL, NULL, NULL, 'https://music.apple.com/us/artist/parliament/79943?uo=4'),
(167, 'Janet Jackson', NULL, NULL, NULL, 'https://music.apple.com/us/artist/janet-jackson/1272779?uo=4'),
(168, 'Various', NULL, NULL, NULL, ''),
(169, 'Mary J. Blige', NULL, NULL, NULL, 'https://music.apple.com/us/artist/mary-j-blige/1392280?uo=4'),
(170, 'Barry White', NULL, NULL, NULL, 'https://music.apple.com/us/artist/barry-white/129233?uo=4'),
(171, 'The Cars', NULL, NULL, NULL, 'https://music.apple.com/us/artist/the-cars/5132457?uo=4'),
(172, 'X', NULL, NULL, NULL, 'https://music.apple.com/us/artist/x/721578?uo=4'),
(173, 'Bob Dylan and the Band', NULL, NULL, NULL, 'https://music.apple.com/us/artist/bob-dylan/462006?uo=4'),
(174, 'MC5', NULL, NULL, NULL, 'https://music.apple.com/us/artist/mc5/6764346?uo=4'),
(175, 'Leonard Cohen', NULL, NULL, NULL, 'https://music.apple.com/us/artist/leonard-cohen/485677?uo=4'),
(176, 'Weezer', NULL, NULL, NULL, 'https://music.apple.com/us/artist/weezer/115234?uo=4'),
(177, 'Dolly Parton', NULL, NULL, NULL, 'https://music.apple.com/us/artist/dolly-parton/535066?uo=4'),
(178, 'Jeff Buckley', NULL, NULL, NULL, 'https://music.apple.com/us/artist/jeff-buckley/872190?uo=4'),
(179, 'Lucinda Williams', NULL, NULL, NULL, 'https://music.apple.com/us/artist/lucinda-williams/267658?uo=4'),
(180, 'Beck', NULL, NULL, NULL, 'https://music.apple.com/us/artist/beck/312095?uo=4'),
(181, 'Red Hot Chili Peppers', NULL, NULL, NULL, 'https://music.apple.com/us/artist/red-hot-chili-peppers/889780?uo=4'),
(182, 'Jane\'s Addiction', NULL, NULL, NULL, 'https://music.apple.com/us/artist/janes-addiction/175958?uo=4'),
(183, 'Lauryn Hill', NULL, NULL, NULL, 'https://music.apple.com/us/artist/lauryn-hill/21434?uo=4'),
(184, 'Tom Petty and the Heartbreakers', NULL, NULL, NULL, ''),
(185, 'The O\'Jays', NULL, NULL, NULL, 'https://music.apple.com/us/artist/the-ojays/67816?uo=4'),
(186, 'Nick Drake', NULL, NULL, NULL, 'https://music.apple.com/us/artist/nick-drake/1285818?uo=4'),
(187, 'Randy Newman', NULL, NULL, NULL, 'https://music.apple.com/us/artist/randy-newman/200900?uo=4'),
(188, 'The Police', NULL, NULL, NULL, 'https://music.apple.com/us/artist/the-police/93818?uo=4'),
(189, 'Eric Clapton', NULL, NULL, NULL, 'https://music.apple.com/us/artist/eric-clapton/123853?uo=4'),
(190, 'The Cure', NULL, NULL, NULL, 'https://music.apple.com/us/artist/the-cure/566519?uo=4'),
(191, 'Liz Phair', NULL, NULL, NULL, 'https://music.apple.com/us/artist/liz-phair/22707?uo=4'),
(192, 'Sonic Youth', NULL, NULL, NULL, 'https://music.apple.com/us/artist/sonic-youth/36034?uo=4'),
(193, 'Richard & Linda Thompson', NULL, NULL, NULL, 'https://music.apple.com/us/artist/richard-linda-thompson/13493799?uo=4'),
(194, 'Graham Parker & The Rumour', NULL, NULL, NULL, 'https://music.apple.com/us/artist/graham-parker/13487?uo=4'),
(195, 'Soundgarden', NULL, NULL, NULL, 'https://music.apple.com/us/artist/soundgarden/133036?uo=4'),
(196, 'Jethro Tull', NULL, NULL, NULL, 'https://music.apple.com/us/artist/jethro-tull/44596725?uo=4'),
(197, 'Big Brother & the Holding Company', NULL, NULL, NULL, 'https://music.apple.com/us/artist/big-brother-the-holding-company/653041?uo=4'),
(198, 'Tom Waits', NULL, NULL, NULL, 'https://music.apple.com/us/artist/tom-waits/83964?uo=4'),
(199, 'Black Flag', NULL, NULL, NULL, 'https://music.apple.com/us/artist/black-flag/6451942?uo=4'),
(200, 'Moby', NULL, NULL, NULL, 'https://music.apple.com/us/artist/moby/789023?uo=4'),
(201, 'Depeche Mode', NULL, NULL, NULL, 'https://music.apple.com/us/artist/depeche-mode/148377?uo=4'),
(202, 'Meat Loaf', NULL, NULL, NULL, 'https://music.apple.com/us/artist/meat-loaf/60358?uo=4'),
(203, 'De La Soul', NULL, NULL, NULL, ''),
(204, 'The Yardbirds', NULL, NULL, NULL, 'https://music.apple.com/us/artist/the-yardbirds/535787?uo=4'),
(205, 'Dire Straits', NULL, NULL, NULL, 'https://music.apple.com/us/artist/dire-straits/648427?uo=4'),
(206, 'Buzzcocks', NULL, NULL, NULL, 'https://music.apple.com/us/artist/buzzcocks/468584?uo=4'),
(207, 'OutKast', NULL, NULL, NULL, 'https://music.apple.com/us/artist/outkast/289550?uo=4'),
(208, 'The Smashing Pumpkins', NULL, NULL, NULL, 'https://music.apple.com/us/artist/the-smashing-pumpkins/1646302?uo=4'),
(209, 'New Order', NULL, NULL, NULL, ''),
(210, 'Rage Against the Machine', NULL, NULL, NULL, 'https://music.apple.com/us/artist/rage-against-the-machine/899409?uo=4'),
(211, 'Mott the Hoople', NULL, NULL, NULL, 'https://music.apple.com/us/artist/mott-the-hoople/496660?uo=4'),
(212, 'Arctic Monkeys', NULL, NULL, NULL, 'https://music.apple.com/us/artist/arctic-monkeys/62820413?uo=4'),
(213, 'Roxy Music', NULL, NULL, NULL, 'https://music.apple.com/us/artist/roxy-music/650587?uo=4'),
(214, 'Jackson Browne', NULL, NULL, NULL, 'https://music.apple.com/us/artist/jackson-browne/388900?uo=4'),
(215, 'Bjork', NULL, NULL, NULL, ''),
(216, 'John Lee Hooker', NULL, NULL, NULL, ''),
(217, 'Oasis', NULL, NULL, NULL, ''),
(218, 'TLC', NULL, NULL, NULL, 'https://music.apple.com/us/artist/tlc/17360?uo=4'),
(219, 'Toots & The Maytals', NULL, NULL, NULL, 'https://music.apple.com/us/artist/toots-the-maytals/2379983?uo=4'),
(220, 'The Modern Lovers', NULL, NULL, NULL, 'https://music.apple.com/us/artist/the-modern-lovers/2543312?uo=4'),
(221, 'Wu Tang Clan', NULL, NULL, NULL, ''),
(222, 'Don Henley', NULL, NULL, NULL, 'https://music.apple.com/us/artist/don-henley/173831?uo=4'),
(223, 'The White Stripes', NULL, NULL, NULL, 'https://music.apple.com/us/artist/the-white-stripes/2456318?uo=4'),
(224, 'M.I.A.', NULL, NULL, NULL, 'https://music.apple.com/us/artist/m-i-a/14677454?uo=4'),
(225, 'LCD Soundsystem', NULL, NULL, NULL, 'https://music.apple.com/us/artist/lcd-soundsystem/29525428?uo=4'),
(226, 'Massive Attack', NULL, NULL, NULL, 'https://music.apple.com/us/artist/massive-attack/526404?uo=4'),
(227, 'ZZ Top', NULL, NULL, NULL, 'https://music.apple.com/us/artist/zz-top/215917?uo=4'),
(228, 'The Temptations', NULL, NULL, NULL, ''),
(229, 'Nas', NULL, NULL, NULL, 'https://music.apple.com/us/artist/nas/35307?uo=4'),
(230, 'Lynyrd Skynyrd', NULL, NULL, NULL, 'https://music.apple.com/us/artist/lynyrd-skynyrd/97262?uo=4'),
(231, 'Dr. John', NULL, NULL, NULL, 'https://music.apple.com/us/artist/dr-john/28962?uo=4'),
(232, 'Big Star', NULL, NULL, NULL, 'https://music.apple.com/us/artist/big-star/2351764?uo=4'),
(233, 'PJ Harvey', NULL, NULL, NULL, 'https://music.apple.com/us/artist/pj-harvey/252623?uo=4'),
(234, 'Sinead O\'Connor', NULL, NULL, NULL, ''),
(235, 'Wire', NULL, NULL, NULL, 'https://music.apple.com/us/artist/wire/3184306?uo=4'),
(236, 'Minutemen', NULL, NULL, NULL, 'https://music.apple.com/us/artist/minutemen/112202758?uo=4'),
(237, 'The Go Go\'s', NULL, NULL, NULL, ''),
(238, 'Van Halen', NULL, NULL, NULL, 'https://music.apple.com/us/artist/van-halen/166529?uo=4'),
(239, 'Paul McCartney & Wings', NULL, NULL, NULL, 'https://music.apple.com/us/artist/paul-mccartney/12224?uo=4'),
(240, 'Portishead', NULL, NULL, NULL, 'https://music.apple.com/us/artist/portishead/853090?uo=4'),
(241, 'The Crickets', NULL, NULL, NULL, 'https://music.apple.com/us/artist/buddy-holly-the-crickets/184114269?uo=4'),
(242, 'The Ronettes', NULL, NULL, NULL, 'https://music.apple.com/us/artist/the-ronettes/16326351?uo=4'),
(243, 'Diana Ross & The Supremes', NULL, NULL, NULL, 'https://music.apple.com/us/artist/the-supremes/102986?uo=4'),
(244, 'Gram Parsons', NULL, NULL, NULL, 'https://music.apple.com/us/artist/gram-parsons/718175?uo=4'),
(245, 'Cheap Trick', NULL, NULL, NULL, 'https://music.apple.com/us/artist/cheap-trick/461577?uo=4'),
(246, 'Peter Wolf', NULL, NULL, NULL, 'https://music.apple.com/us/artist/peter-wolf/183722?uo=4'),
(247, 'Brian Eno', NULL, NULL, NULL, 'https://music.apple.com/us/artist/brian-eno/38124?uo=4'),
(248, 'Vampire Weekend', NULL, NULL, NULL, 'https://music.apple.com/us/artist/vampire-weekend/259437105?uo=4'),
(249, 'George Harrison', NULL, NULL, NULL, 'https://music.apple.com/us/artist/george-harrison/255233?uo=4'),
(250, 'Lil Wayne', NULL, NULL, NULL, 'https://music.apple.com/us/artist/lil-wayne/5869117?uo=4'),
(251, 'The Pogues', NULL, NULL, NULL, 'https://music.apple.com/us/artist/the-pogues/14750200?uo=4'),
(252, 'Suicide', NULL, NULL, NULL, ''),
(253, 'DEVO', NULL, NULL, NULL, 'https://music.apple.com/us/artist/devo/191239?uo=4'),
(254, 'War', NULL, NULL, NULL, 'https://music.apple.com/us/artist/war/261730408?uo=4'),
(255, 'Steve Miller Band', NULL, NULL, NULL, 'https://music.apple.com/us/artist/steve-miller-band/488933?uo=4'),
(256, 'Stan Getz / Joao Gilberto featuring Antonio Carlos Jobim', NULL, NULL, NULL, 'https://music.apple.com/us/artist/stan-getz/1470489774?uo=4'),
(257, 'Amy Winehouse', NULL, NULL, NULL, 'https://music.apple.com/us/artist/amy-winehouse/13125609?uo=4'),
(258, 'John Prine', NULL, NULL, NULL, 'https://music.apple.com/us/artist/john-prine/157060?uo=4'),
(259, 'EPMD', NULL, NULL, NULL, 'https://music.apple.com/us/artist/epmd/384304?uo=4'),
(260, 'Alice Cooper', NULL, NULL, NULL, 'https://music.apple.com/us/artist/alice-cooper/393703?uo=4'),
(261, 'Los Lobos', NULL, NULL, NULL, 'https://music.apple.com/us/artist/los-lobos/147173?uo=4'),
(262, 'My Morning Jacket', NULL, NULL, NULL, 'https://music.apple.com/us/artist/my-morning-jacket/2322618?uo=4'),
(263, 'The Drifters', NULL, NULL, NULL, 'https://music.apple.com/us/artist/the-drifters/576693?uo=4'),
(264, 'Hole', NULL, NULL, NULL, 'https://music.apple.com/us/artist/hole/115269?uo=4'),
(265, 'Public Image Ltd.', NULL, NULL, NULL, ''),
(266, 'Echo and The Bunnymen', NULL, NULL, NULL, ''),
(267, 'Def Leppard', NULL, NULL, NULL, 'https://music.apple.com/us/artist/def-leppard/117554?uo=4'),
(268, 'The Magnetic Fields', NULL, NULL, NULL, 'https://music.apple.com/us/artist/the-magnetic-fields/7058190?uo=4'),
(269, 'Coldplay', NULL, NULL, NULL, 'https://music.apple.com/us/artist/coldplay/471744?uo=4'),
(270, 'The Paul Butterfield Blues Band', NULL, NULL, NULL, 'https://music.apple.com/us/artist/the-paul-butterfield-blues-band/701976?uo=4'),
(271, 'Fugees', NULL, NULL, NULL, 'https://music.apple.com/us/artist/fugees/869661?uo=4'),
(272, 'L.L. Cool J', NULL, NULL, NULL, ''),
(273, 'George Michael', NULL, NULL, NULL, 'https://music.apple.com/us/artist/george-michael/894337?uo=4'),
(274, 'Manu Chao', NULL, NULL, NULL, 'https://music.apple.com/us/artist/manu-chao/2398554?uo=4'),
(275, 'Merle Haggard', NULL, NULL, NULL, 'https://music.apple.com/us/artist/merle-haggard-the-strangers/14826680?uo=4'),
(276, 'Loretta Lynn', NULL, NULL, NULL, ''),
(277, 'Raekwon', NULL, NULL, NULL, ''),
(278, 'D\'Angelo', NULL, NULL, NULL, 'https://music.apple.com/us/artist/dangelo/640286?uo=4'),
(279, 'Steve Earle', NULL, NULL, NULL, 'https://music.apple.com/us/artist/steve-earle/71239?uo=4'),
(280, 'Gang of Four', NULL, NULL, NULL, ''),
(281, 'Earth, Wind & Fire', NULL, NULL, NULL, 'https://music.apple.com/us/artist/earth-wind-fire/290699?uo=4'),
(282, 'Cyndi Lauper', NULL, NULL, NULL, 'https://music.apple.com/us/artist/cyndi-lauper/59291142?uo=4'),
(283, 'Husker Du', NULL, NULL, NULL, ''),
(284, 'Albert King', NULL, NULL, NULL, 'https://music.apple.com/us/artist/albert-king/1485217?uo=4'),
(285, 'Eurythmics', NULL, NULL, NULL, ''),
(286, 'Wilco', NULL, NULL, NULL, 'https://music.apple.com/us/artist/wilco/147603?uo=4'),
(287, 'MGMT', NULL, NULL, NULL, 'https://music.apple.com/us/artist/mgmt/251553551?uo=4'),
(288, 'Boz Scaggs', NULL, NULL, NULL, ''),
(289, 'The Stone Roses', NULL, NULL, NULL, ''),
(291, 'New Artist', 1, 2, 'NULL', 'NULL'),
(292, '', 1, 2, 'NULL', 'NULL');

-- --------------------------------------------------------

--
-- Table structure for table `artist_genre`
--

CREATE TABLE `artist_genre` (
  `artist_genre_id` int(11) NOT NULL,
  `artist_id` int(11) NOT NULL,
  `genre_id` int(11) NOT NULL
) ENGINE=InnoDB DEFAULT CHARSET=utf8;

--
-- Dumping data for table `artist_genre`
--

INSERT INTO `artist_genre` (`artist_genre_id`, `artist_id`, `genre_id`) VALUES
(1, 1, 1),
(2, 2, 1),
(3, 3, 1),
(4, 1, 2),
(5, 4, 3),
(6, 5, 1),
(7, 6, 1),
(8, 3, 4),
(9, 7, 1),
(10, 8, 5),
(11, 9, 1),
(12, 10, 1),
(13, 10, 4),
(14, 11, 1),
(15, 12, 1),
(16, 13, 5),
(17, 13, 1),
(18, 13, 4),
(19, 13, 6),
(20, 13, 7),
(21, 13, 8),
(22, 14, 3),
(23, 14, 2),
(24, 15, 1),
(25, 16, 4),
(26, 17, 1),
(27, 18, 3),
(28, 19, 3),
(29, 20, 1),
(30, 21, 1),
(31, 22, 1),
(32, 23, 1),
(33, 24, 2),
(34, 3, 6),
(35, 3, 7),
(36, 3, 8),
(37, 25, 1),
(38, 26, 1),
(39, 27, 1),
(40, 28, 1),
(41, 28, 2),
(42, 29, 1),
(43, 30, 6),
(44, 30, 7),
(45, 30, 8),
(46, 31, 1),
(47, 32, 1),
(48, 33, 1),
(49, 34, 1),
(50, 35, 1),
(51, 26, 9),
(52, 26, 10),
(53, 36, 11),
(54, 37, 5),
(55, 38, 12),
(56, 39, 1),
(57, 39, 4),
(58, 40, 1),
(59, 40, 4),
(60, 41, 1),
(61, 42, 3),
(62, 43, 5),
(63, 43, 3),
(64, 5, 3),
(65, 5, 2),
(66, 44, 1),
(67, 45, 1),
(68, 45, 4),
(69, 46, 3),
(70, 47, 1),
(71, 21, 13),
(72, 48, 1),
(73, 48, 3),
(74, 48, 2),
(75, 13, 3),
(76, 49, 13),
(77, 49, 1),
(78, 50, 1),
(79, 51, 5),
(80, 51, 1),
(81, 51, 3),
(82, 51, 2),
(83, 51, 6),
(84, 51, 7),
(85, 51, 8),
(86, 52, 3),
(87, 52, 10),
(88, 53, 1),
(89, 54, 13),
(90, 54, 1),
(91, 54, 3),
(92, 54, 10),
(93, 55, 1),
(94, 56, 3),
(95, 57, 1),
(96, 58, 3),
(97, 59, 6),
(98, 59, 7),
(99, 59, 8),
(100, 60, 1),
(101, 60, 3),
(102, 61, 1),
(103, 62, 1),
(104, 63, 1),
(105, 63, 11),
(106, 64, 6),
(107, 64, 7),
(108, 64, 8),
(109, 65, 1),
(110, 66, 1),
(111, 67, 5),
(112, 67, 2),
(113, 68, 1),
(114, 68, 4),
(115, 69, 1),
(116, 43, 6),
(117, 43, 7),
(118, 43, 8),
(119, 70, 14),
(120, 70, 3),
(121, 71, 1),
(122, 24, 1),
(123, 72, 1),
(124, 73, 12),
(125, 74, 3),
(126, 74, 4),
(127, 75, 1),
(128, 76, 11),
(129, 76, 2),
(130, 76, 6),
(131, 76, 7),
(132, 76, 8),
(133, 76, 10),
(134, 77, 12),
(135, 78, 1),
(136, 79, 1),
(137, 79, 4),
(138, 80, 11),
(139, 81, 1),
(140, 82, 13),
(141, 82, 1),
(142, 83, 1),
(143, 84, 1),
(144, 76, 13),
(145, 85, 12),
(146, 86, 1),
(147, 87, 1),
(148, 88, 12),
(149, 89, 3),
(150, 90, 13),
(151, 90, 1),
(152, 91, 4),
(153, 92, 5),
(154, 92, 1),
(155, 92, 3),
(156, 92, 4),
(157, 93, 12),
(158, 94, 5),
(159, 94, 1),
(160, 95, 1),
(161, 96, 1),
(162, 97, 1),
(163, 97, 14),
(164, 97, 3),
(165, 98, 1),
(166, 99, 13),
(167, 99, 1),
(168, 99, 2),
(169, 100, 12),
(170, 101, 4),
(171, 102, 1),
(172, 103, 12),
(173, 103, 1),
(174, 103, 3),
(175, 104, 1),
(176, 105, 1),
(177, 106, 1),
(178, 63, 3),
(179, 63, 2),
(180, 107, 1),
(181, 107, 2),
(182, 108, 1),
(183, 109, 1),
(184, 110, 1),
(185, 111, 1),
(186, 112, 1),
(187, 112, 2),
(188, 113, 1),
(189, 114, 3),
(190, 115, 3),
(191, 116, 13),
(192, 116, 2),
(193, 5, 4),
(194, 20, 2),
(195, 117, 6),
(196, 117, 7),
(197, 117, 8),
(198, 118, 13),
(199, 118, 2),
(200, 119, 1),
(201, 120, 13),
(202, 120, 1),
(203, 120, 3),
(204, 120, 2),
(205, 121, 1),
(206, 121, 2),
(207, 122, 1),
(208, 7, 3),
(209, 7, 6),
(210, 7, 7),
(211, 7, 8),
(212, 123, 1),
(213, 123, 6),
(214, 123, 7),
(215, 123, 8),
(216, 124, 1),
(217, 125, 1),
(218, 126, 1),
(219, 126, 4),
(220, 76, 1),
(221, 127, 1),
(222, 128, 4),
(223, 129, 1),
(224, 130, 13),
(225, 130, 1),
(226, 41, 2),
(227, 41, 6),
(228, 41, 7),
(229, 41, 8),
(230, 131, 1),
(231, 131, 10),
(232, 132, 1),
(233, 133, 1),
(234, 134, 3),
(235, 135, 1),
(236, 136, 1),
(237, 136, 4),
(238, 137, 3),
(239, 137, 4),
(240, 138, 1),
(241, 138, 2),
(242, 139, 1),
(243, 140, 3),
(244, 140, 4),
(245, 141, 1),
(246, 141, 2),
(247, 142, 1),
(248, 143, 12),
(249, 144, 1),
(250, 144, 2),
(251, 145, 1),
(252, 146, 1),
(253, 147, 6),
(254, 147, 7),
(255, 147, 8),
(256, 148, 3),
(257, 149, 12),
(258, 150, 1),
(259, 150, 4),
(260, 150, 6),
(261, 150, 7),
(262, 150, 8),
(263, 151, 13),
(264, 151, 1),
(265, 152, 1),
(266, 153, 5),
(267, 154, 12),
(268, 27, 13),
(269, 155, 13),
(270, 156, 3),
(271, 156, 2),
(272, 157, 13),
(273, 157, 3),
(274, 157, 2),
(275, 117, 2),
(276, 158, 1),
(277, 159, 1),
(278, 159, 6),
(279, 159, 7),
(280, 159, 8),
(281, 160, 1),
(282, 43, 2),
(283, 161, 1),
(284, 162, 1),
(285, 163, 1),
(286, 164, 3),
(287, 165, 3),
(288, 166, 3),
(289, 167, 13),
(290, 167, 12),
(291, 167, 2),
(292, 168, 4),
(293, 168, 6),
(294, 168, 7),
(295, 168, 8),
(296, 169, 12),
(297, 30, 4),
(298, 170, 3),
(299, 171, 13),
(300, 171, 1),
(301, 172, 1),
(302, 173, 1),
(303, 174, 1),
(304, 175, 6),
(305, 175, 7),
(306, 175, 8),
(307, 176, 1),
(308, 177, 6),
(309, 177, 7),
(310, 177, 8),
(311, 178, 1),
(312, 179, 6),
(313, 179, 7),
(314, 179, 8),
(315, 180, 13),
(316, 180, 12),
(317, 180, 3),
(318, 180, 2),
(319, 1, 10),
(320, 181, 1),
(321, 168, 1),
(322, 168, 3),
(323, 168, 2),
(324, 182, 1),
(325, 183, 12),
(326, 184, 1),
(327, 185, 3),
(328, 186, 1),
(329, 186, 6),
(330, 186, 7),
(331, 186, 8),
(332, 187, 1),
(333, 187, 2),
(334, 188, 1),
(335, 188, 2),
(336, 27, 3),
(337, 189, 1),
(338, 190, 13),
(339, 190, 1),
(340, 191, 1),
(341, 192, 1),
(342, 193, 1),
(343, 193, 6),
(344, 193, 7),
(345, 193, 8),
(346, 194, 1),
(347, 194, 4),
(348, 195, 1),
(349, 196, 1),
(350, 197, 1),
(351, 198, 5),
(352, 198, 2),
(353, 198, 6),
(354, 198, 7),
(355, 198, 8),
(356, 199, 1),
(357, 200, 13),
(358, 201, 13),
(359, 202, 1),
(360, 82, 3),
(361, 203, 12),
(362, 30, 1),
(363, 204, 1),
(364, 204, 4),
(365, 205, 1),
(366, 50, 5),
(367, 50, 2),
(368, 206, 1),
(369, 207, 12),
(370, 207, 3),
(371, 208, 1),
(372, 209, 13),
(373, 210, 12),
(374, 210, 1),
(375, 211, 1),
(376, 212, 1),
(377, 213, 1),
(378, 214, 1),
(379, 215, 13),
(380, 216, 4),
(381, 217, 1),
(382, 217, 2),
(383, 218, 13),
(384, 218, 12),
(385, 218, 3),
(386, 219, 11),
(387, 220, 1),
(388, 221, 12),
(389, 76, 3),
(390, 222, 1),
(391, 223, 1),
(392, 224, 13),
(393, 224, 12),
(394, 224, 11),
(395, 224, 2),
(396, 225, 13),
(397, 225, 1),
(398, 226, 13),
(399, 226, 11),
(400, 227, 1),
(401, 198, 1),
(402, 198, 4),
(403, 228, 13),
(404, 228, 3),
(405, 229, 12),
(406, 230, 1),
(407, 231, 3),
(408, 232, 1),
(409, 233, 1),
(410, 6, 11),
(411, 234, 1),
(412, 234, 3),
(413, 234, 4),
(414, 235, 1),
(415, 236, 1),
(416, 237, 1),
(417, 238, 1),
(418, 198, 13),
(419, 239, 1),
(420, 240, 13),
(421, 241, 1),
(422, 241, 2),
(423, 242, 1),
(424, 242, 2),
(425, 243, 13),
(426, 243, 3),
(427, 244, 1),
(428, 244, 6),
(429, 244, 7),
(430, 244, 8),
(431, 245, 1),
(432, 246, 1),
(433, 246, 4),
(434, 246, 2),
(435, 247, 13),
(436, 248, 1),
(437, 247, 1),
(438, 249, 1),
(439, 180, 1),
(440, 250, 12),
(441, 250, 3),
(442, 251, 1),
(443, 251, 6),
(444, 251, 7),
(445, 251, 8),
(446, 252, 13),
(447, 252, 1),
(448, 253, 1),
(449, 254, 3),
(450, 255, 1),
(451, 256, 5),
(452, 257, 3),
(453, 257, 2),
(454, 258, 6),
(455, 258, 7),
(456, 258, 8),
(457, 259, 12),
(458, 260, 1),
(459, 261, 1),
(460, 261, 14),
(461, 262, 1),
(462, 61, 6),
(463, 61, 7),
(464, 61, 8),
(465, 263, 1),
(466, 263, 3),
(467, 264, 1),
(468, 265, 13),
(469, 265, 1),
(470, 266, 1),
(471, 267, 1),
(472, 268, 13),
(473, 268, 1),
(474, 269, 1),
(475, 270, 1),
(476, 270, 4),
(477, 271, 12),
(478, 272, 12),
(479, 273, 13),
(480, 273, 1),
(481, 273, 3),
(482, 273, 4),
(483, 273, 2),
(484, 274, 1),
(485, 274, 11),
(486, 274, 14),
(487, 275, 6),
(488, 275, 7),
(489, 275, 8),
(490, 276, 6),
(491, 276, 7),
(492, 276, 8),
(493, 114, 1),
(494, 277, 12),
(495, 278, 12),
(496, 278, 3),
(497, 279, 1),
(498, 279, 6),
(499, 279, 7),
(500, 279, 8),
(501, 280, 1),
(502, 281, 3),
(503, 282, 13),
(504, 282, 1),
(505, 283, 1),
(506, 284, 3),
(507, 284, 4),
(508, 285, 13),
(509, 285, 2),
(510, 286, 1),
(511, 287, 13),
(512, 287, 1),
(513, 287, 2),
(514, 288, 1),
(515, 289, 1);

-- --------------------------------------------------------

--
-- Table structure for table `genre`
--

CREATE TABLE `genre` (
  `genre_id` int(11) NOT NULL,
  `genre_name` varchar(255) NOT NULL,
  `genre_img_url` varchar(255) NOT NULL,
  `no_times_on_list` int(11) DEFAULT NULL,
  `no_subgenres` int(11) DEFAULT NULL,
  `no_artists` int(11) DEFAULT NULL
) ENGINE=InnoDB DEFAULT CHARSET=utf8;

--
-- Dumping data for table `genre`
--

INSERT INTO `genre` (`genre_id`, `genre_name`, `genre_img_url`, `no_times_on_list`, `no_subgenres`, `no_artists`) VALUES
(1, 'Rock', '../img/genreImages/Rock_luuk_wouters.jpg', NULL, NULL, NULL),
(2, 'Pop', '../img/genreImages/Pop_alexander-popov.jpg', NULL, NULL, NULL),
(3, 'Funk / Soul', '../img/genreImages/Funk_music-hq.jpg', NULL, NULL, NULL),
(4, 'Blues', '../img/genreImages/Blues_n-kamalov.jpg', NULL, NULL, NULL),
(5, 'Jazz', '../img/genreImages/Jazz_jens-thekkeveettil.jpg', NULL, NULL, NULL),
(6, 'Folk', '../img/genreImages/Folk_calum-macaulay.jpg', NULL, NULL, NULL),
(7, 'World', '../img/genreImages/World_lynda-hinton.jpg', NULL, NULL, NULL),
(8, 'Country', '../img/genreImages/Country_priscilla-du-preez.jpg', NULL, NULL, NULL),
(9, 'Classical', '../img/genreImages/Classical_larisa-birta.jpg', NULL, NULL, NULL),
(10, 'Stage & Screen', '../img/genreImages/Stage_oscar-sutton.jpg', NULL, NULL, NULL),
(11, 'Reggae', '../img/genreImages/Raggae_slim-emcee.jpg', NULL, NULL, NULL),
(12, 'Hip Hop', '../img/genreImages/HipHop_zachary-nelson.jpg', NULL, NULL, NULL),
(13, 'Electronic', '../img/genreImages/Electronic_marcela-laskoski.jpg', NULL, NULL, NULL),
(14, 'Latin', '../img/genreImages/Latin_clem-onojeghuo.jpg', NULL, NULL, NULL);

-- --------------------------------------------------------

--
-- Table structure for table `sub_genre`
--

CREATE TABLE `sub_genre` (
  `subgenre_id` int(11) NOT NULL,
  `subgenre_name` varchar(255) NOT NULL,
  `no_times_on_list` int(11) DEFAULT NULL,
  `no_artists` int(11) DEFAULT NULL,
  `sub_genre_description` int(255) DEFAULT NULL
) ENGINE=InnoDB DEFAULT CHARSET=utf8;

--
-- Dumping data for table `sub_genre`
--

INSERT INTO `sub_genre` (`subgenre_id`, `subgenre_name`, `no_times_on_list`, `no_artists`, `sub_genre_description`) VALUES
(1, 'Rock & Roll', NULL, NULL, NULL),
(2, 'Psychedelic Rock', NULL, NULL, NULL),
(3, 'Pop Rock', NULL, NULL, NULL),
(4, 'Folk Rock', NULL, NULL, NULL),
(5, 'Blues Rock', NULL, NULL, NULL),
(6, 'Soul', NULL, NULL, NULL),
(7, 'Classic Rock', NULL, NULL, NULL),
(8, 'Punk', NULL, NULL, NULL),
(9, 'New Wave', NULL, NULL, NULL),
(10, 'Rhythm & Blues', NULL, NULL, NULL),
(11, 'Experimental', NULL, NULL, NULL),
(12, 'Modal', NULL, NULL, NULL),
(13, 'Garage Rock', NULL, NULL, NULL),
(14, 'Art Rock', NULL, NULL, NULL),
(15, 'Acoustic', NULL, NULL, NULL),
(16, 'Ballad', NULL, NULL, NULL),
(17, 'Alternative Rock', NULL, NULL, NULL),
(18, 'Grunge', NULL, NULL, NULL),
(19, 'Free Improvisation', NULL, NULL, NULL),
(20, 'Disco', NULL, NULL, NULL),
(21, 'Delta Blues', NULL, NULL, NULL),
(22, 'Hard Rock', NULL, NULL, NULL),
(23, 'Mod', NULL, NULL, NULL),
(24, 'Prog Rock', NULL, NULL, NULL),
(25, 'Folk', NULL, NULL, NULL),
(26, 'Glam', NULL, NULL, NULL),
(27, 'Soft Rock', NULL, NULL, NULL),
(28, 'Beat', NULL, NULL, NULL),
(29, 'Soundtrack', NULL, NULL, NULL),
(30, 'Modern Classical', NULL, NULL, NULL),
(31, 'Contemporary', NULL, NULL, NULL),
(32, 'Score', NULL, NULL, NULL),
(33, 'Reggae', NULL, NULL, NULL),
(34, 'Roots Reggae', NULL, NULL, NULL),
(35, 'Free Jazz', NULL, NULL, NULL),
(36, 'Hard Bop', NULL, NULL, NULL),
(37, 'Conscious', NULL, NULL, NULL),
(38, 'Big Band', NULL, NULL, NULL),
(39, 'Soul-Jazz', NULL, NULL, NULL),
(40, 'Electric Blues', NULL, NULL, NULL),
(41, 'Rockabilly', NULL, NULL, NULL),
(42, 'Southern Rock', NULL, NULL, NULL),
(43, 'None', NULL, NULL, NULL),
(44, 'Dialogue', NULL, NULL, NULL),
(45, 'Field Recording', NULL, NULL, NULL),
(46, 'Avantgarde', NULL, NULL, NULL),
(47, 'Funk', NULL, NULL, NULL),
(48, 'Heavy Metal', NULL, NULL, NULL),
(49, 'Synth-pop', NULL, NULL, NULL),
(50, 'Arena Rock', NULL, NULL, NULL),
(51, 'Doo Wop', NULL, NULL, NULL),
(52, 'Contemporary Jazz', NULL, NULL, NULL),
(53, 'IDM', NULL, NULL, NULL),
(54, 'African', NULL, NULL, NULL),
(55, 'Afrobeat', NULL, NULL, NULL),
(56, 'Zydeco', NULL, NULL, NULL),
(57, 'Country Rock', NULL, NULL, NULL),
(58, 'Country', NULL, NULL, NULL),
(59, 'Ska', NULL, NULL, NULL),
(60, 'Reggae-Pop', NULL, NULL, NULL),
(61, 'Fusion', NULL, NULL, NULL),
(62, 'Gospel', NULL, NULL, NULL),
(63, 'Cha-Cha', NULL, NULL, NULL),
(64, 'Psychedelic', NULL, NULL, NULL),
(65, 'Roots Reggae', NULL, NULL, NULL),
(66, 'Rocksteady', NULL, NULL, NULL),
(67, 'Contemporary', NULL, NULL, NULL),
(68, 'Soundtrack', NULL, NULL, NULL),
(69, 'Disco', NULL, NULL, NULL),
(70, 'Thug Rap', NULL, NULL, NULL),
(71, 'Indie Rock', NULL, NULL, NULL),
(72, 'Gangsta', NULL, NULL, NULL),
(73, 'Bayou Funk', NULL, NULL, NULL),
(74, 'Chicago Blues', NULL, NULL, NULL),
(75, 'Louisiana Blues', NULL, NULL, NULL),
(76, 'Jazz-Rock', NULL, NULL, NULL),
(77, 'Afro-Cuban', NULL, NULL, NULL),
(78, 'Pop Rap', NULL, NULL, NULL),
(79, 'Post-Punk', NULL, NULL, NULL),
(80, 'Thrash', NULL, NULL, NULL),
(81, 'Speed Metal', NULL, NULL, NULL),
(82, 'Power Pop', NULL, NULL, NULL),
(83, 'Vocal', NULL, NULL, NULL),
(84, 'P.Funk', NULL, NULL, NULL),
(85, 'Europop', NULL, NULL, NULL),
(86, 'Acid Rock', NULL, NULL, NULL),
(87, 'Pop Punk', NULL, NULL, NULL),
(88, 'Electric Blues', NULL, NULL, NULL),
(89, 'Harmonica Blues', NULL, NULL, NULL),
(90, 'Psychedelic Rock', NULL, NULL, NULL),
(91, 'Industrial', NULL, NULL, NULL),
(92, 'Shoegaze', NULL, NULL, NULL),
(93, 'Piano Blues', NULL, NULL, NULL),
(94, 'Hardcore Hip-Hop', NULL, NULL, NULL),
(95, 'Horrorcore', NULL, NULL, NULL),
(96, 'Country Blues', NULL, NULL, NULL),
(97, 'Musique Concr?te', NULL, NULL, NULL),
(98, 'Symphonic Rock', NULL, NULL, NULL),
(99, 'Parody', NULL, NULL, NULL),
(100, 'Ambient', NULL, NULL, NULL),
(101, 'Electro', NULL, NULL, NULL),
(102, 'RnB/Swing', NULL, NULL, NULL),
(103, 'Downtempo', NULL, NULL, NULL),
(104, 'Noise', NULL, NULL, NULL),
(105, 'Cajun', NULL, NULL, NULL),
(106, 'Contemporary R&B', NULL, NULL, NULL),
(107, 'Emo', NULL, NULL, NULL),
(108, 'Hip Hop', NULL, NULL, NULL),
(109, 'Abstract', NULL, NULL, NULL),
(110, 'Easy Listening', NULL, NULL, NULL),
(111, 'Funk Metal', NULL, NULL, NULL),
(112, 'Lo-Fi', NULL, NULL, NULL),
(113, 'Spoken Word', NULL, NULL, NULL),
(114, 'Hardcore', NULL, NULL, NULL),
(115, 'Breakbeat', NULL, NULL, NULL),
(116, 'Leftfield', NULL, NULL, NULL),
(117, 'AOR', NULL, NULL, NULL),
(118, 'Latin Jazz', NULL, NULL, NULL),
(119, 'Classic Rock', NULL, NULL, NULL),
(120, 'Crunk', NULL, NULL, NULL),
(121, 'House', NULL, NULL, NULL),
(122, 'Techno', NULL, NULL, NULL),
(123, 'Honky Tonk', NULL, NULL, NULL),
(124, 'Jump Blues', NULL, NULL, NULL),
(125, 'Brit Pop', NULL, NULL, NULL),
(126, 'Reggae Gospel', NULL, NULL, NULL),
(127, 'Rocksteady', NULL, NULL, NULL),
(128, 'Grime', NULL, NULL, NULL),
(129, 'Bollywood', NULL, NULL, NULL),
(130, 'Dancehall', NULL, NULL, NULL),
(131, 'Dub', NULL, NULL, NULL),
(132, 'Trip Hop', NULL, NULL, NULL),
(133, 'Post Rock', NULL, NULL, NULL),
(134, 'Screw', NULL, NULL, NULL),
(135, 'Celtic', NULL, NULL, NULL),
(136, 'Bossa Nova', NULL, NULL, NULL),
(137, 'Latin Jazz', NULL, NULL, NULL),
(138, 'Indie Rock', NULL, NULL, NULL),
(139, 'Modern Electric Blues', NULL, NULL, NULL),
(140, 'Harmonica Blues', NULL, NULL, NULL),
(141, 'Neo Soul', NULL, NULL, NULL);

-- --------------------------------------------------------

--
-- Table structure for table `user`
--

CREATE TABLE `user` (
  `user_id` int(11) NOT NULL,
  `username` varchar(255) NOT NULL,
  `email` varchar(255) NOT NULL,
  `password` varchar(255) NOT NULL,
  `profile_picture` varchar(255) NOT NULL,
  `biography` varchar(255) DEFAULT NULL,
  `user_role_id` int(11) NOT NULL,
  `sessionID` varchar(255) NOT NULL
) ENGINE=InnoDB DEFAULT CHARSET=utf8;

--
-- Dumping data for table `user`
--

INSERT INTO `user` (`user_id`, `username`, `email`, `password`, `profile_picture`, `biography`, `user_role_id`, `sessionID`) VALUES
(190, 'user127', 'user127@mail.com', '82d56e1691591981144f26595f3b6df25c9724978651c4', 'uploads/live_concert2.jpg', 'New Bio for User127', 2, ''),
(191, 'newUser225', 'newuser225@mail.com', '439c7a00cd1b3bd7b1f58bc0974acb2bd97ef5937948b8', 'uploads/live_concert2.jpg', NULL, 1, ''),
(192, 'testAcc', 'testAcc@mail.com', 'da30d0f951e4a4a8540c1129b52e8948867ea86d755794', 'uploads/live_concert3.jpg', NULL, 1, ''),
(193, 'bestUserEver', 'bestUser@mail.com', '704602388f3f66869d296e0cffa27262c892e451a579df', 'uploads/live_concert3.jpg', 'Hello, this is my amazing bio, thanks for reading', 1, ''),
(194, 'droddy007', 'droddy007@mail.com', '4dc4c98a9eaae8cd276513c3d71d893f5ba4bc26da077b', 'uploads/live_concert2.jpg', NULL, 1, ''),
(195, 'newUser006', 'newUser006@mail.com', 'a7f22da431dfd4e9fc671ce0338c44ba79ca19003ad97c', 'uploads/live_concert2.jpg', 'Test bio', 1, ''),
(196, 'userCoolMan227', 'coolMan@mail.com', '0e3461ea2566353f010bec481b50c274660f366de003bc', 'uploads/live_concert2.jpg', NULL, 1, ''),
(197, 'droddy', 'droddy@mail.com', '608541b7da462e394ebb2b0b24d55df50326b7af6a108e', 'http://droddy03.webhosting6.eeecs.qub.ac.uk/projectcode/uploads/live_concert2.jpg', 'Hi everyone I am droddy, and this is my amazing profile.', 2, '5tplktrq567rn7ssfesl4sasot'),
(198, 'droddyNonAdmin', 'droddyNonAdmin@mail.com', 'a2d4169674c2d7ee2fae59ea608bb7ed52061d8d8c6e92', 'uploads/live_concert2.jpg', NULL, 2, '7iaet28mvcv5bliprb8onu3ap1'),
(202, 'user007', 'user007@mail.com', '0649f456bf746baf2eed563d52210e6bf126e8bb61800c', 'http://droddy03.webhosting6.eeecs.qub.ac.uk/projectcode/uploads/hanny-naibaho-aWXVxy8BSzc-unsplash.jpg', NULL, 1, '5v3aua4u0qci3r8vob7jn4ol58');

-- --------------------------------------------------------

--
-- Table structure for table `user_album_comment`
--

CREATE TABLE `user_album_comment` (
  `user_album_comment_id` int(11) NOT NULL,
  `user_id` int(11) NOT NULL,
  `user_review` varchar(255) NOT NULL,
  `comment_approved` tinyint(1) NOT NULL,
  `comment_likes` int(11) NOT NULL,
  `comment_dislikes` int(11) NOT NULL,
  `comment_time` timestamp NOT NULL DEFAULT current_timestamp() ON UPDATE current_timestamp(),
  `album_id` int(11) NOT NULL
) ENGINE=InnoDB DEFAULT CHARSET=utf8;

--
-- Dumping data for table `user_album_comment`
--

INSERT INTO `user_album_comment` (`user_album_comment_id`, `user_id`, `user_review`, `comment_approved`, `comment_likes`, `comment_dislikes`, `comment_time`, `album_id`) VALUES
(27, 197, 'Pretty good album', 1, 0, 0, '2022-03-13 02:22:06', 3),
(28, 197, 'comment', 1, 0, 0, '2022-03-13 02:22:21', 3),
(30, 197, 'cool one', 1, 0, 0, '2022-03-13 02:41:14', 4),
(31, 197, 'pretty good album', 1, 1, 0, '2022-03-15 18:01:31', 2);

-- --------------------------------------------------------

--
-- Table structure for table `user_album_comment_dislikes`
--

CREATE TABLE `user_album_comment_dislikes` (
  `user_album_comment_dislikes` int(11) NOT NULL,
  `user_id` int(11) NOT NULL,
  `user_album_comment_id` int(11) NOT NULL,
  `disliked` tinyint(1) DEFAULT NULL
) ENGINE=InnoDB DEFAULT CHARSET=latin1;

--
-- Dumping data for table `user_album_comment_dislikes`
--

INSERT INTO `user_album_comment_dislikes` (`user_album_comment_dislikes`, `user_id`, `user_album_comment_id`, `disliked`) VALUES
(20, 197, 27, 0),
(21, 197, 28, 0),
(22, 197, 30, 0),
(23, 197, 31, 0);

-- --------------------------------------------------------

--
-- Table structure for table `user_album_comment_likes`
--

CREATE TABLE `user_album_comment_likes` (
  `user_album_comment_likes` int(11) NOT NULL,
  `user_id` int(11) NOT NULL,
  `user_album_comment_id` int(11) NOT NULL,
  `liked` tinyint(1) DEFAULT NULL
) ENGINE=InnoDB DEFAULT CHARSET=latin1;

--
-- Dumping data for table `user_album_comment_likes`
--

INSERT INTO `user_album_comment_likes` (`user_album_comment_likes`, `user_id`, `user_album_comment_id`, `liked`) VALUES
(77, 197, 27, 0),
(78, 197, 30, 0),
(79, 197, 31, 1);

-- --------------------------------------------------------

--
-- Table structure for table `user_favourite_album`
--

CREATE TABLE `user_favourite_album` (
  `user_favourite_album_id` int(11) NOT NULL,
  `user_id` int(11) NOT NULL,
  `album_id` int(11) NOT NULL
) ENGINE=InnoDB DEFAULT CHARSET=utf8;

--
-- Dumping data for table `user_favourite_album`
--

INSERT INTO `user_favourite_album` (`user_favourite_album_id`, `user_id`, `album_id`) VALUES
(78, 192, 4),
(79, 192, 2),
(80, 192, 5),
(81, 192, 6),
(82, 192, 7),
(83, 192, 9),
(89, 192, 98),
(90, 192, 99),
(92, 192, 27),
(101, 193, 3),
(103, 193, 167),
(108, 195, 4),
(109, 195, 2),
(115, 197, 83),
(117, 197, 308),
(119, 197, 481),
(120, 202, 1),
(121, 202, 28),
(122, 202, 11),
(123, 197, 2),
(125, 197, 11),
(126, 197, 1),
(127, 197, 20),
(130, 197, 484),
(131, 197, 487),
(133, 197, 66);

-- --------------------------------------------------------

--
-- Table structure for table `user_fav_genre`
--

CREATE TABLE `user_fav_genre` (
  `user_fav_genre_id` int(11) NOT NULL,
  `user_id` int(11) NOT NULL,
  `genre_id` int(11) NOT NULL
) ENGINE=InnoDB DEFAULT CHARSET=utf8;

--
-- Dumping data for table `user_fav_genre`
--

INSERT INTO `user_fav_genre` (`user_fav_genre_id`, `user_id`, `genre_id`) VALUES
(234, 190, 1),
(235, 190, 2),
(236, 190, 6),
(237, 191, 1),
(238, 191, 2),
(239, 191, 5),
(240, 192, 1),
(241, 192, 2),
(242, 192, 5),
(243, 193, 1),
(244, 193, 5),
(245, 193, 7),
(246, 194, 1),
(247, 194, 2),
(248, 194, 6),
(249, 195, 1),
(250, 195, 2),
(251, 195, 6),
(252, 196, 2),
(253, 196, 6),
(254, 196, 8),
(258, 198, 1),
(259, 198, 2),
(260, 198, 6),
(261, 199, 1),
(262, 199, 3),
(263, 199, 6),
(264, 200, 1),
(265, 200, 5),
(266, 201, 1),
(267, 201, 5),
(268, 201, 6),
(269, 202, 1),
(270, 202, 5),
(271, 202, 7),
(288, 197, 1),
(289, 197, 2),
(290, 197, 3),
(291, 197, 5),
(292, 197, 6),
(293, 197, 7),
(294, 197, 8),
(295, 197, 9),
(296, 197, 10),
(297, 197, 11),
(298, 197, 12),
(299, 197, 13),
(300, 197, 14);

-- --------------------------------------------------------

--
-- Table structure for table `user_owned_album`
--

CREATE TABLE `user_owned_album` (
  `user_owned_album_id` int(11) NOT NULL,
  `user_id` int(11) NOT NULL,
  `album_id` int(11) NOT NULL
) ENGINE=InnoDB DEFAULT CHARSET=utf8;

--
-- Dumping data for table `user_owned_album`
--

INSERT INTO `user_owned_album` (`user_owned_album_id`, `user_id`, `album_id`) VALUES
(90, 192, 0),
(91, 192, 1),
(92, 192, 4),
(93, 192, 2),
(94, 192, 5),
(95, 192, 9),
(96, 192, 12),
(97, 192, 8),
(99, 192, 27),
(101, 193, 0),
(104, 193, 167),
(105, 193, 200),
(107, 195, 24),
(108, 195, 2),
(113, 197, 1),
(114, 197, 11),
(115, 197, 396);

-- --------------------------------------------------------

--
-- Table structure for table `user_rating`
--

CREATE TABLE `user_rating` (
  `user_rating_id` int(11) NOT NULL,
  `user_id` int(11) NOT NULL,
  `user_rating` int(11) NOT NULL,
  `album_id` int(11) NOT NULL
) ENGINE=InnoDB DEFAULT CHARSET=utf8;

--
-- Dumping data for table `user_rating`
--

INSERT INTO `user_rating` (`user_rating_id`, `user_id`, `user_rating`, `album_id`) VALUES
(2, 135, 3, 9),
(3, 135, 2, 2),
(16, 192, 3, 1),
(17, 192, 1, 27),
(19, 195, 2, 2),
(20, 197, 3, 3);

-- --------------------------------------------------------

--
-- Table structure for table `user_role`
--

CREATE TABLE `user_role` (
  `user_role_id` int(11) NOT NULL,
  `user_role_name` varchar(255) NOT NULL,
  `privileges` int(11) NOT NULL
) ENGINE=InnoDB DEFAULT CHARSET=utf8;

--
-- Dumping data for table `user_role`
--

INSERT INTO `user_role` (`user_role_id`, `user_role_name`, `privileges`) VALUES
(1, 'standard account', 0),
(2, 'admin account', 1);

-- --------------------------------------------------------

--
-- Table structure for table `year`
--

CREATE TABLE `year` (
  `year_id` int(11) NOT NULL,
  `year` year(4) NOT NULL,
  `no_albums_released` int(11) DEFAULT NULL,
  `artist_music_releases` int(11) DEFAULT NULL
) ENGINE=InnoDB DEFAULT CHARSET=utf8;

--
-- Dumping data for table `year`
--

INSERT INTO `year` (`year_id`, `year`, `no_albums_released`, `artist_music_releases`) VALUES
(1, 1967, NULL, NULL),
(2, 1966, NULL, NULL),
(3, 1965, NULL, NULL),
(4, 1971, NULL, NULL),
(5, 1972, NULL, NULL),
(6, 1979, NULL, NULL),
(7, 1968, NULL, NULL),
(8, 1976, NULL, NULL),
(9, 1959, NULL, NULL),
(10, 1969, NULL, NULL),
(11, 1975, NULL, NULL),
(12, 1991, NULL, NULL),
(13, 1982, NULL, NULL),
(14, 1990, NULL, NULL),
(15, 1970, NULL, NULL),
(16, 1973, NULL, NULL),
(17, 1963, NULL, NULL),
(18, 1977, NULL, NULL),
(19, 1987, NULL, NULL),
(20, 2001, NULL, NULL),
(21, 1984, NULL, NULL),
(22, 1988, NULL, NULL),
(23, 1957, NULL, NULL),
(24, 1964, NULL, NULL),
(25, 1956, NULL, NULL),
(26, 2000, NULL, NULL),
(27, 1986, NULL, NULL),
(28, 1980, NULL, NULL),
(29, 1978, NULL, NULL),
(30, 1955, NULL, NULL),
(31, 1962, NULL, NULL),
(32, 2003, NULL, NULL),
(33, 1995, NULL, NULL),
(34, 1974, NULL, NULL),
(35, 2005, NULL, NULL),
(36, 1960, NULL, NULL),
(37, 1994, NULL, NULL),
(38, 1992, NULL, NULL),
(39, 1985, NULL, NULL),
(40, 2004, NULL, NULL),
(41, 1958, NULL, NULL),
(42, 1989, NULL, NULL),
(43, 1997, NULL, NULL),
(44, 2002, NULL, NULL),
(45, 1998, NULL, NULL),
(46, 1983, NULL, NULL),
(47, 2006, NULL, NULL),
(48, 1981, NULL, NULL),
(49, 1961, NULL, NULL),
(50, 1999, NULL, NULL),
(51, 1993, NULL, NULL),
(52, 1996, NULL, NULL),
(53, 2007, NULL, NULL),
(54, 2010, NULL, NULL),
(55, 2011, NULL, NULL),
(56, 2008, NULL, NULL);

--
-- Indexes for dumped tables
--

--
-- Indexes for table `album`
--
ALTER TABLE `album`
  ADD PRIMARY KEY (`album_id`),
  ADD KEY `FK_album_artistId` (`artist_id`);

--
-- Indexes for table `album_genre`
--
ALTER TABLE `album_genre`
  ADD PRIMARY KEY (`album_genre_id`);

--
-- Indexes for table `album_rating`
--
ALTER TABLE `album_rating`
  ADD PRIMARY KEY (`album_rating_id`);

--
-- Indexes for table `album_subgenre`
--
ALTER TABLE `album_subgenre`
  ADD PRIMARY KEY (`album_subgenre_id`),
  ADD KEY `FK_album_sub_genre_id` (`sub_genre_id`),
  ADD KEY `FK_album_sub_genre_album_id` (`album_id`);

--
-- Indexes for table `artist`
--
ALTER TABLE `artist`
  ADD PRIMARY KEY (`artist_id`);

--
-- Indexes for table `artist_genre`
--
ALTER TABLE `artist_genre`
  ADD PRIMARY KEY (`artist_genre_id`);

--
-- Indexes for table `genre`
--
ALTER TABLE `genre`
  ADD PRIMARY KEY (`genre_id`);

--
-- Indexes for table `sub_genre`
--
ALTER TABLE `sub_genre`
  ADD PRIMARY KEY (`subgenre_id`);

--
-- Indexes for table `user`
--
ALTER TABLE `user`
  ADD PRIMARY KEY (`user_id`);

--
-- Indexes for table `user_album_comment`
--
ALTER TABLE `user_album_comment`
  ADD PRIMARY KEY (`user_album_comment_id`),
  ADD KEY `album_id` (`album_id`),
  ADD KEY `user_id` (`user_id`);

--
-- Indexes for table `user_album_comment_dislikes`
--
ALTER TABLE `user_album_comment_dislikes`
  ADD PRIMARY KEY (`user_album_comment_dislikes`);

--
-- Indexes for table `user_album_comment_likes`
--
ALTER TABLE `user_album_comment_likes`
  ADD PRIMARY KEY (`user_album_comment_likes`);

--
-- Indexes for table `user_favourite_album`
--
ALTER TABLE `user_favourite_album`
  ADD PRIMARY KEY (`user_favourite_album_id`),
  ADD KEY `FK_userFavAlbum_albumId` (`album_id`),
  ADD KEY `FK_userFavAlbum_userId` (`user_id`);

--
-- Indexes for table `user_fav_genre`
--
ALTER TABLE `user_fav_genre`
  ADD PRIMARY KEY (`user_fav_genre_id`);

--
-- Indexes for table `user_owned_album`
--
ALTER TABLE `user_owned_album`
  ADD PRIMARY KEY (`user_owned_album_id`);

--
-- Indexes for table `user_rating`
--
ALTER TABLE `user_rating`
  ADD PRIMARY KEY (`user_rating_id`);

--
-- Indexes for table `user_role`
--
ALTER TABLE `user_role`
  ADD PRIMARY KEY (`user_role_id`);

--
-- Indexes for table `year`
--
ALTER TABLE `year`
  ADD PRIMARY KEY (`year_id`);

--
-- AUTO_INCREMENT for dumped tables
--

--
-- AUTO_INCREMENT for table `album`
--
ALTER TABLE `album`
  MODIFY `album_id` int(11) NOT NULL AUTO_INCREMENT, AUTO_INCREMENT=502;

--
-- AUTO_INCREMENT for table `album_genre`
--
ALTER TABLE `album_genre`
  MODIFY `album_genre_id` int(11) NOT NULL AUTO_INCREMENT, AUTO_INCREMENT=757;

--
-- AUTO_INCREMENT for table `album_rating`
--
ALTER TABLE `album_rating`
  MODIFY `album_rating_id` int(11) NOT NULL AUTO_INCREMENT;

--
-- AUTO_INCREMENT for table `album_subgenre`
--
ALTER TABLE `album_subgenre`
  MODIFY `album_subgenre_id` int(11) NOT NULL AUTO_INCREMENT, AUTO_INCREMENT=994;

--
-- AUTO_INCREMENT for table `artist`
--
ALTER TABLE `artist`
  MODIFY `artist_id` int(11) NOT NULL AUTO_INCREMENT, AUTO_INCREMENT=293;

--
-- AUTO_INCREMENT for table `artist_genre`
--
ALTER TABLE `artist_genre`
  MODIFY `artist_genre_id` int(11) NOT NULL AUTO_INCREMENT, AUTO_INCREMENT=516;

--
-- AUTO_INCREMENT for table `genre`
--
ALTER TABLE `genre`
  MODIFY `genre_id` int(11) NOT NULL AUTO_INCREMENT, AUTO_INCREMENT=15;

--
-- AUTO_INCREMENT for table `sub_genre`
--
ALTER TABLE `sub_genre`
  MODIFY `subgenre_id` int(11) NOT NULL AUTO_INCREMENT, AUTO_INCREMENT=142;

--
-- AUTO_INCREMENT for table `user`
--
ALTER TABLE `user`
  MODIFY `user_id` int(11) NOT NULL AUTO_INCREMENT, AUTO_INCREMENT=203;

--
-- AUTO_INCREMENT for table `user_album_comment`
--
ALTER TABLE `user_album_comment`
  MODIFY `user_album_comment_id` int(11) NOT NULL AUTO_INCREMENT, AUTO_INCREMENT=32;

--
-- AUTO_INCREMENT for table `user_album_comment_dislikes`
--
ALTER TABLE `user_album_comment_dislikes`
  MODIFY `user_album_comment_dislikes` int(11) NOT NULL AUTO_INCREMENT, AUTO_INCREMENT=24;

--
-- AUTO_INCREMENT for table `user_album_comment_likes`
--
ALTER TABLE `user_album_comment_likes`
  MODIFY `user_album_comment_likes` int(11) NOT NULL AUTO_INCREMENT, AUTO_INCREMENT=80;

--
-- AUTO_INCREMENT for table `user_favourite_album`
--
ALTER TABLE `user_favourite_album`
  MODIFY `user_favourite_album_id` int(11) NOT NULL AUTO_INCREMENT, AUTO_INCREMENT=134;

--
-- AUTO_INCREMENT for table `user_fav_genre`
--
ALTER TABLE `user_fav_genre`
  MODIFY `user_fav_genre_id` int(11) NOT NULL AUTO_INCREMENT, AUTO_INCREMENT=301;

--
-- AUTO_INCREMENT for table `user_owned_album`
--
ALTER TABLE `user_owned_album`
  MODIFY `user_owned_album_id` int(11) NOT NULL AUTO_INCREMENT, AUTO_INCREMENT=116;

--
-- AUTO_INCREMENT for table `user_rating`
--
ALTER TABLE `user_rating`
  MODIFY `user_rating_id` int(11) NOT NULL AUTO_INCREMENT, AUTO_INCREMENT=21;

--
-- AUTO_INCREMENT for table `user_role`
--
ALTER TABLE `user_role`
  MODIFY `user_role_id` int(11) NOT NULL AUTO_INCREMENT, AUTO_INCREMENT=3;

--
-- AUTO_INCREMENT for table `year`
--
ALTER TABLE `year`
  MODIFY `year_id` int(11) NOT NULL AUTO_INCREMENT, AUTO_INCREMENT=57;

--
-- Constraints for dumped tables
--

--
-- Constraints for table `album`
--
ALTER TABLE `album`
  ADD CONSTRAINT `FK_album_artistId` FOREIGN KEY (`artist_id`) REFERENCES `artist` (`artist_id`);

--
-- Constraints for table `user_album_comment`
--
ALTER TABLE `user_album_comment`
  ADD CONSTRAINT `user_album_comment_ibfk_1` FOREIGN KEY (`album_id`) REFERENCES `album` (`album_id`),
  ADD CONSTRAINT `user_album_comment_ibfk_2` FOREIGN KEY (`user_id`) REFERENCES `user` (`user_id`);

--
-- Constraints for table `user_favourite_album`
--
ALTER TABLE `user_favourite_album`
  ADD CONSTRAINT `FK_userFavAlbum_albumId` FOREIGN KEY (`album_id`) REFERENCES `album` (`album_id`);
COMMIT;

/*!40101 SET CHARACTER_SET_CLIENT=@OLD_CHARACTER_SET_CLIENT */;
/*!40101 SET CHARACTER_SET_RESULTS=@OLD_CHARACTER_SET_RESULTS */;
/*!40101 SET COLLATION_CONNECTION=@OLD_COLLATION_CONNECTION */;
