-- phpMyAdmin SQL Dump
-- version 5.1.0
-- https://www.phpmyadmin.net/
--
-- Host: localhost:8889
-- Generation Time: Feb 27, 2022 at 08:20 PM
-- Server version: 5.7.34
-- PHP Version: 7.4.21

SET SQL_MODE = "NO_AUTO_VALUE_ON_ZERO";
START TRANSACTION;
SET time_zone = "+00:00";


/*!40101 SET @OLD_CHARACTER_SET_CLIENT=@@CHARACTER_SET_CLIENT */;
/*!40101 SET @OLD_CHARACTER_SET_RESULTS=@@CHARACTER_SET_RESULTS */;
/*!40101 SET @OLD_COLLATION_CONNECTION=@@COLLATION_CONNECTION */;
/*!40101 SET NAMES utf8mb4 */;

--
-- Database: `top_500_albums`
--

-- --------------------------------------------------------

--
-- Table structure for table `album`
--

CREATE TABLE `album` (
  `album_id` int(11) NOT NULL,
  `album_name` varchar(255) NOT NULL,
  `album_ranking` int(11) NOT NULL,
  `year_id` int(11) DEFAULT NULL,
  `artist_id` int(11) DEFAULT NULL,
  `album_image_url` varchar(255) DEFAULT NULL,
  `album_preview_url` varchar(255) NOT NULL,
  `album_collection_view_url` varchar(255) NOT NULL,
  `album_collection_price` varchar(255) NOT NULL,
  `album_price_currency` varchar(255) NOT NULL,
  `album_country` varchar(255) NOT NULL
) ENGINE=InnoDB DEFAULT CHARSET=utf8;

--
-- Dumping data for table `album`
--

INSERT INTO `album` (`album_id`, `album_name`, `album_ranking`, `year_id`, `artist_id`, `album_image_url`, `album_preview_url`, `album_collection_view_url`, `album_collection_price`, `album_price_currency`, `album_country`) VALUES
(1, 'Sgt. Pepper\'s Lonely Hearts Club Band', 1, 1, 1, 'https://is3-ssl.mzstatic.com/image/thumb/Music114/v4/7b/0d/cc/7b0dccda-1a4a-e4c5-df7b-adfb86112fe7/source/100x100bb.jpg', 'https://audio-ssl.itunes.apple.com/itunes-assets/AudioPreview125/v4/2e/cc/a8/2ecca85a-766f-26ed-4f2f-d0709d4ebd48/mzaf_8599226789355847424.plus.aac.p.m4a', 'https://music.apple.com/us/album/sgt-peppers-lonely-hearts-club-band-reprise/1441164604?i=1441165163&uo=4', '12.99', 'USD', 'USA'),
(2, 'Pet Sounds', 2, 2, 2, 'https://is4-ssl.mzstatic.com/image/thumb/Music115/v4/10/4f/d4/104fd43f-e1fb-3fa9-3056-0601de138229/source/100x100bb.jpg', 'https://audio-ssl.itunes.apple.com/itunes-assets/AudioPreview115/v4/a9/55/4b/a9554be8-823f-1c50-066c-e1cb0e5ed66e/mzaf_5218701567619144394.plus.aac.p.m4a', 'https://music.apple.com/us/album/pet-sounds/1440841241?i=1440841265&uo=4', '7.99', 'USD', 'USA'),
(3, 'Revolver', 3, 2, 1, 'https://is4-ssl.mzstatic.com/image/thumb/Music125/v4/94/ae/3e/94ae3ecc-3a86-0d22-023d-148e6bd1c106/source/100x100bb.jpg', 'https://audio-ssl.itunes.apple.com/itunes-assets/AudioPreview125/v4/13/30/df/1330df8c-8235-df91-8d8f-4b12174a6afa/mzaf_13939545437886156645.plus.aac.p.m4a', 'https://music.apple.com/us/album/eleanor-rigby/1441164670?i=1441164806&uo=4', '12.99', 'USD', 'USA'),
(4, 'Highway 61 Revisited', 4, 3, 3, 'https://is4-ssl.mzstatic.com/image/thumb/Music125/v4/2f/8c/f6/2f8cf6e9-0acd-e782-390d-271342ab6dbb/source/100x100bb.jpg', 'https://audio-ssl.itunes.apple.com/itunes-assets/AudioPreview125/v4/55/96/3f/55963fea-80a4-a4ca-48ab-6092846b8cdb/mzaf_11040377413361623138.plus.aac.p.m4a', 'https://music.apple.com/us/album/highway-61-revisited/201281514?i=201283479&uo=4', '8.99', 'USD', 'USA'),
(5, 'Rubber Soul', 5, 3, 1, 'https://is3-ssl.mzstatic.com/image/thumb/Music114/v4/ad/b6/b6/adb6b6d3-b3ee-ec61-10ea-91b173773b42/source/100x100bb.jpg', 'https://audio-ssl.itunes.apple.com/itunes-assets/AudioPreview115/v4/5c/77/c1/5c77c105-9a32-bee4-0ffa-76244dacb60a/mzaf_5900747299452570221.plus.aac.p.m4a', 'https://music.apple.com/us/album/in-my-life/1441164359?i=1441164829&uo=4', '12.99', 'USD', 'USA'),
(6, 'What\'s Going On', 6, 4, 4, 'https://is4-ssl.mzstatic.com/image/thumb/Music124/v4/ff/23/0e/ff230e8d-ee8c-89da-b06d-7d7b0632a394/source/100x100bb.jpg', 'https://audio-ssl.itunes.apple.com/itunes-assets/AudioPreview125/v4/48/4a/fb/484afb24-ac2c-262f-8a40-a764a9c79702/mzaf_4634879738844291115.plus.aac.p.m4a', 'https://music.apple.com/us/album/whats-going-on-feat-bj-the-chicago-kid-2016-duet-version/1547896506?i=1547897192&uo=4', '12.99', 'USD', 'USA'),
(7, 'Exile on Main St.', 7, 5, 5, 'https://is5-ssl.mzstatic.com/image/thumb/Music115/v4/04/f2/7c/04f27c10-60d4-82ae-9a06-8325f2842c51/source/100x100bb.jpg', 'https://audio-ssl.itunes.apple.com/itunes-assets/AudioPreview115/v4/5b/7c/7c/5b7c7ca3-a673-389f-c740-95f500761811/mzaf_1466130418166198249.plus.aac.p.m4a', 'https://music.apple.com/us/album/tumbling-dice/1440872228?i=1440872599&uo=4', '9.99', 'USD', 'USA'),
(8, 'London Calling', 8, 6, 6, 'https://is4-ssl.mzstatic.com/image/thumb/Music115/v4/4f/0a/fa/4f0afa2e-c82c-f707-8eca-0898fb4f066b/source/100x100bb.jpg', 'https://audio-ssl.itunes.apple.com/itunes-assets/AudioPreview115/v4/4a/0c/37/4a0c376f-2244-f067-71c8-b28848211282/mzaf_96670068649984088.plus.aac.p.m4a', 'https://music.apple.com/us/album/london-calling-vanilla-studios-demo-version/267986379?i=267986580&uo=4', '11.99', 'USD', 'USA'),
(9, 'Blonde on Blonde', 9, 2, 3, 'https://is4-ssl.mzstatic.com/image/thumb/Music115/v4/3e/f8/63/3ef863d4-3253-c93e-741c-e8047e5e44da/source/100x100bb.jpg', 'https://audio-ssl.itunes.apple.com/itunes-assets/AudioPreview125/v4/5b/1f/b6/5b1fb6c1-83ff-0b59-273c-a5bda564cdfc/mzaf_7529867823156655172.plus.aac.p.m4a', 'https://music.apple.com/us/album/visions-of-johanna/178049863?i=178050256&uo=4', '9.99', 'USD', 'USA'),
(10, 'The Beatles (\"The White Album\")', 10, 7, 1, 'https://is3-ssl.mzstatic.com/image/thumb/Music125/v4/16/fe/6a/16fe6a77-f15a-a4e3-1f92-cda58964c7d5/source/100x100bb.jpg', 'https://audio-ssl.itunes.apple.com/itunes-assets/AudioPreview115/v4/10/e8/96/10e89630-4b7b-77d4-af63-829d597340ba/mzaf_842543440499453757.plus.aac.p.m4a', 'https://music.apple.com/us/album/blackbird/1441133180?i=1441133834&uo=4', '19.99', 'USD', 'USA'),
(11, 'The Sun Sessions', 11, 8, 7, '', '', '', '', '', ''),
(12, 'Kind of Blue', 12, 9, 8, 'https://is2-ssl.mzstatic.com/image/thumb/Music/v4/f3/d5/eb/f3d5eb6b-34f6-69db-1b2c-477c46ee7662/source/100x100bb.jpg', 'https://audio-ssl.itunes.apple.com/itunes-assets/AudioPreview115/v4/39/76/a4/3976a4da-4dec-9a43-0be0-bdb01634df64/mzaf_11949535643163591177.plus.aac.p.m4a', 'https://music.apple.com/us/album/all-blues/268443092?i=268443200&uo=4', '6.99', 'USD', 'USA'),
(13, 'The Velvet Underground & Nico', 13, 1, 9, 'https://is1-ssl.mzstatic.com/image/thumb/Music125/v4/9e/cf/e4/9ecfe4a5-f3e1-eb66-13d5-b33011958a02/source/100x100bb.jpg', 'https://audio-ssl.itunes.apple.com/itunes-assets/AudioPreview125/v4/03/19/ec/0319ec6c-677a-b807-b988-de66e20ab32d/mzaf_13140809230464197715.plus.aac.p.m4a', 'https://music.apple.com/us/album/heroin-stereo-version/1440851613?i=1440851909&uo=4', '9.99', 'USD', 'USA'),
(14, 'Abbey Road', 14, 10, 1, 'https://is2-ssl.mzstatic.com/image/thumb/Music114/v4/2a/f9/04/2af904cd-f05a-d5a1-8014-c1387855b56c/source/100x100bb.jpg', 'https://audio-ssl.itunes.apple.com/itunes-assets/AudioPreview125/v4/78/18/cc/7818cce5-1c20-1270-a9bf-b24e4be8c152/mzaf_7407478495292373909.plus.aac.p.m4a', 'https://music.apple.com/us/album/here-comes-the-sun-2019-mix/1474815798?i=1474815898&uo=4', '9.99', 'USD', 'USA'),
(15, 'Are You Experienced', 15, 1, 10, 'https://is4-ssl.mzstatic.com/image/thumb/Music124/v4/f1/c8/f9/f1c8f94d-c2f6-69f6-818c-9487c5084c4b/source/100x100bb.jpg', 'https://audio-ssl.itunes.apple.com/itunes-assets/AudioPreview125/v4/44/2a/b7/442ab748-4ac0-c8a0-ee1b-742c1b4ec5bb/mzaf_11021781091793639639.plus.aac.p.m4a', 'https://music.apple.com/us/album/fire/357225315?i=357225421&uo=4', '9.99', 'USD', 'USA'),
(16, 'Blood on the Tracks', 16, 11, 3, 'https://is4-ssl.mzstatic.com/image/thumb/Music115/v4/1b/71/42/1b71429f-f1f9-1ae8-3257-8f93628e7b8f/source/100x100bb.jpg', 'https://audio-ssl.itunes.apple.com/itunes-assets/AudioPreview115/v4/7c/dd/10/7cdd100b-2fe3-b896-bf9d-17cb9e0e84d1/mzaf_4753417599148626055.plus.aac.p.m4a', 'https://music.apple.com/us/album/shelter-from-the-storm/158320766?i=158321362&uo=4', '9.99', 'USD', 'USA'),
(17, 'Nevermind', 17, 12, 11, 'https://is3-ssl.mzstatic.com/image/thumb/Music125/v4/8d/58/a9/8d58a928-0663-71f7-4e5c-d2bd54a124fb/source/100x100bb.jpg', 'https://audio-ssl.itunes.apple.com/itunes-assets/AudioPreview115/v4/a7/9b/2b/a79b2b95-4097-be51-bc10-8fed878a78c8/mzaf_16008269998088464756.plus.aac.p.m4a', 'https://music.apple.com/us/album/in-bloom-nevermind-version/1413920644?i=1413921160&uo=4', '9.99', 'USD', 'USA'),
(18, 'Born to Run', 18, 11, 12, 'https://is1-ssl.mzstatic.com/image/thumb/Music115/v4/ea/dd/df/eadddfc5-2d4c-5ccb-d409-47638b761b9b/source/100x100bb.jpg', 'https://audio-ssl.itunes.apple.com/itunes-assets/AudioPreview115/v4/c0/fa/74/c0fa74e3-d6e0-e921-a3d7-f3510642e384/mzaf_13658789004299075799.plus.aac.p.m4a', 'https://music.apple.com/us/album/born-to-run/310730204?i=310730214&uo=4', '7.99', 'USD', 'USA'),
(19, 'Astral Weeks', 19, 7, 13, 'https://is5-ssl.mzstatic.com/image/thumb/Music125/v4/ca/e9/73/cae97386-ae7e-ed3c-da03-3c0318dfd441/source/100x100bb.jpg', 'https://audio-ssl.itunes.apple.com/itunes-assets/AudioPreview125/v4/a1/6f/6d/a16f6d1c-7338-62fe-9b41-aae77614d44c/mzaf_5097363580226178061.plus.aac.p.m4a', 'https://music.apple.com/us/album/astral-weeks/1031002336?i=1031002337&uo=4', '9.99', 'USD', 'USA'),
(20, 'Thriller', 20, 13, 14, 'https://is4-ssl.mzstatic.com/image/thumb/Music125/v4/9b/fe/1f/9bfe1f2d-c51e-0427-1075-21aac1f3b874/source/100x100bb.jpg', 'https://audio-ssl.itunes.apple.com/itunes-assets/AudioPreview125/v4/b4/26/a4/b426a403-4d4a-05f7-554a-ce3f73751f95/mzaf_2030249048076960850.plus.aac.p.m4a', 'https://music.apple.com/us/album/thriller-2003-edit/159292399?i=159294311&uo=4', '16.99', 'USD', 'USA'),
(21, 'The Great Twenty_Eight', 21, 13, 15, 'https://is4-ssl.mzstatic.com/image/thumb/Music125/v4/5c/3d/c1/5c3dc1b0-d1af-bfd8-dfdb-5787779c3e90/source/100x100bb.jpg', 'https://audio-ssl.itunes.apple.com/itunes-assets/AudioPreview115/v4/8b/34/71/8b34710d-89a9-7961-477a-62cf0503ba8b/mzaf_2925470303885504569.plus.aac.p.m4a', 'https://music.apple.com/us/album/johnny-b-goode/1425250670?i=1425252465&uo=4', '11.99', 'USD', 'USA'),
(22, 'The Complete Recordings', 22, 14, 16, 'https://is3-ssl.mzstatic.com/image/thumb/Music114/v4/d6/b9/ad/d6b9ad6c-cde2-8b7e-8e8f-550d3e7704c2/source/100x100bb.jpg', 'https://audio-ssl.itunes.apple.com/itunes-assets/AudioPreview115/v4/03/45/70/034570b1-5413-76e7-2948-5bae357b86d8/mzaf_11160917021980775151.plus.aac.p.m4a', 'https://music.apple.com/us/album/cross-road-blues/546817591?i=546817835&uo=4', '16.99', 'USD', 'USA'),
(23, 'John Lennon/Plastic Ono Band', 23, 15, 17, 'https://is3-ssl.mzstatic.com/image/thumb/Music125/v4/ce/12/a9/ce12a9c5-a52b-18e8-56ca-65c6d7b811ea/source/100x100bb.jpg', 'https://audio-ssl.itunes.apple.com/itunes-assets/AudioPreview125/v4/bb/df/91/bbdf91e5-b19d-9860-c866-c980c6471f1b/mzaf_10106736592621559420.plus.aac.p.m4a', 'https://music.apple.com/us/album/working-class-hero/1440858209?i=1440858387&uo=4', '9.99', 'USD', 'USA'),
(24, 'Innervisions', 24, 16, 18, 'https://is4-ssl.mzstatic.com/image/thumb/Music125/v4/9c/9e/a7/9c9ea7da-a4c0-8282-a101-aec6f129c59d/source/100x100bb.jpg', 'https://audio-ssl.itunes.apple.com/itunes-assets/AudioPreview115/v4/8e/f4/93/8ef493ba-3f63-6231-69d8-63e039a7f5c1/mzaf_12037057971307116794.plus.aac.p.m4a', 'https://music.apple.com/us/album/dont-you-worry-bout-a-thing/1440806790?i=1440807415&uo=4', '10.99', 'USD', 'USA'),
(25, 'Live at the Apollo, 1962', 25, 17, 19, 'https://is3-ssl.mzstatic.com/image/thumb/Music128/v4/0c/04/f9/0c04f9b2-ab35-3ea6-7457-e40ffe9f34af/source/100x100bb.jpg', 'https://audio-ssl.itunes.apple.com/itunes-assets/AudioPreview115/v4/93/a3/af/93a3af0f-fa47-8473-88ad-49fb3e3080e5/mzaf_7270910316008222269.plus.aac.p.m4a', 'https://music.apple.com/us/album/medley-please-please-please-youve-got-the-power-i/1444487850?i=1444487860&uo=4', '8.99', 'USD', 'USA'),
(26, 'Rumours', 26, 18, 20, 'https://is1-ssl.mzstatic.com/image/thumb/Music114/v4/d9/f1/b1/d9f1b180-74f3-cd25-cd5a-2f92ab5b15cb/source/100x100bb.jpg', 'https://audio-ssl.itunes.apple.com/itunes-assets/AudioPreview116/v4/2c/19/a2/2c19a207-3a01-2102-3408-8ba3a40e2e8f/mzaf_5533663173199771845.plus.aac.p.m4a', 'https://music.apple.com/us/album/dreams/594061854?i=594061856&uo=4', '6.99', 'USD', 'USA'),
(27, 'The Joshua Tree', 27, 19, 21, 'https://is4-ssl.mzstatic.com/image/thumb/Music115/v4/83/2f/4b/832f4b89-69eb-7c16-41c1-50e6345c7f54/source/100x100bb.jpg', 'https://audio-ssl.itunes.apple.com/itunes-assets/AudioPreview125/v4/b4/80/28/b4802851-adf9-7d50-3851-9bcc13a0d0e9/mzaf_14748808106075006625.plus.aac.p.m4a', 'https://music.apple.com/us/album/with-or-without-you/1443155637?i=1443155645&uo=4', '9.99', 'USD', 'USA'),
(28, 'Who\'s Next', 28, 4, 22, 'https://is1-ssl.mzstatic.com/image/thumb/Music124/v4/3e/9c/16/3e9c1628-9a0c-7ca6-6e4e-d9bcefecc9bb/source/100x100bb.jpg', 'https://audio-ssl.itunes.apple.com/itunes-assets/AudioPreview125/v4/fa/1a/53/fa1a5312-7f06-95e6-ebcb-582ed3ee82ff/mzaf_11529754895597801709.plus.aac.p.m4a', 'https://music.apple.com/us/album/baba-oriley/1440815866?i=1440815872&uo=4', '9.99', 'USD', 'USA'),
(29, 'Led Zeppelin', 29, 10, 23, 'https://is5-ssl.mzstatic.com/image/thumb/Music115/v4/ae/08/8e/ae088e0c-b2fa-2e0d-e209-64b0a747a858/source/100x100bb.jpg', 'https://audio-ssl.itunes.apple.com/itunes-assets/AudioPreview125/v4/9c/4d/c9/9c4dc90c-14d2-453f-1607-1ae89db05a12/mzaf_17528522930398980086.plus.aac.p.m4a', 'https://music.apple.com/us/album/i-cant-quit-you-baby/836967207?i=836967216&uo=4', '13.99', 'USD', 'USA'),
(30, 'Blue', 30, 4, 24, 'https://is3-ssl.mzstatic.com/image/thumb/Music115/v4/bd/8e/7f/bd8e7f55-bc1a-7ad5-8941-cb5020c50762/source/100x100bb.jpg', 'https://audio-ssl.itunes.apple.com/itunes-assets/AudioPreview125/v4/0b/35/51/0b3551c0-24af-2c56-2b1d-59028fc28c89/mzaf_6997745192828668085.plus.aac.p.m4a', 'https://music.apple.com/us/album/blue/1492263092?i=1492263127&uo=4', '9.99', 'USD', 'USA'),
(31, 'Bringing It All Back Home', 31, 3, 3, 'https://is4-ssl.mzstatic.com/image/thumb/Music115/v4/10/4f/28/104f28bf-5ef2-bbd2-8584-7cc2b14c5281/source/100x100bb.jpg', 'https://audio-ssl.itunes.apple.com/itunes-assets/AudioPreview125/v4/28/7d/de/287dde96-bfc3-f8fa-4f01-f99f0b85cdb8/mzaf_3134831703985129050.plus.aac.p.m4a', 'https://music.apple.com/us/album/on-the-road-again/177964575?i=177965508&uo=4', '9.99', 'USD', 'USA'),
(32, 'Let It Bleed', 32, 10, 5, 'https://is1-ssl.mzstatic.com/image/thumb/Music125/v4/f4/ad/4a/f4ad4a3b-8d8c-82f3-d1b3-365011650f4b/source/100x100bb.jpg', 'https://audio-ssl.itunes.apple.com/itunes-assets/AudioPreview125/v4/b8/88/54/b88854d6-c862-d007-103d-3ac8b3812db1/mzaf_16112143190205270548.plus.aac.p.m4a', 'https://music.apple.com/us/album/let-it-bleed/1500642838?i=1500642844&uo=4', '8.99', 'USD', 'USA'),
(33, 'Ramones', 33, 8, 25, 'https://is1-ssl.mzstatic.com/image/thumb/Music/v4/6d/da/f6/6ddaf6d1-840e-8895-9630-4d8f04b51654/source/100x100bb.jpg', 'https://audio-ssl.itunes.apple.com/itunes-assets/AudioPreview115/v4/42/aa/2a/42aa2acb-d864-62fd-08cb-fc3f1caed255/mzaf_7740908459740797897.plus.aac.p.m4a', 'https://music.apple.com/us/album/blitzkrieg-bop/312355529?i=312355531&uo=4', '12.99', 'USD', 'USA'),
(34, 'Music From Big Pink', 34, 7, 26, 'https://is1-ssl.mzstatic.com/image/thumb/Music115/v4/35/15/43/351543e1-8454-5c18-fd42-8a56a51964fb/source/100x100bb.jpg', 'https://audio-ssl.itunes.apple.com/itunes-assets/AudioPreview115/v4/61/9c/dd/619cddde-7092-0c22-f80f-6055974cafbf/mzaf_165407477732280954.plus.aac.p.m4a', 'https://music.apple.com/us/album/i-shall-be-released-a-capella/1399765030?i=1399765696&uo=4', '10.99', 'USD', 'USA'),
(35, 'The Rise and Fall of Ziggy Stardust and the Spiders From Mars', 35, 5, 27, 'https://is2-ssl.mzstatic.com/image/thumb/Music114/v4/12/05/ac/1205ac19-e6a3-2edc-da31-ef7d972f21ae/source/100x100bb.jpg', 'https://audio-ssl.itunes.apple.com/itunes-assets/AudioPreview115/v4/78/5d/be/785dbe59-1fe3-cf29-0292-50e9ee944354/mzaf_5639770502612710333.plus.aac.p.m4a', 'https://music.apple.com/us/album/starman/1039796877?i=1039797280&uo=4', '9.99', 'USD', 'USA'),
(36, 'Tapestry', 36, 4, 28, 'https://is5-ssl.mzstatic.com/image/thumb/Music125/v4/4c/1b/e4/4c1be475-c988-bd8c-b489-ae0ba22e28bf/source/100x100bb.jpg', 'https://audio-ssl.itunes.apple.com/itunes-assets/AudioPreview115/v4/e0/a4/8b/e0a48b0c-5c93-e9c9-2b6e-8fbac5ddeed5/mzaf_4641359490482463754.plus.aac.p.m4a', 'https://music.apple.com/us/album/tapestry/747087657?i=747087697&uo=4', '9.99', 'USD', 'USA'),
(37, 'Hotel California', 37, 8, 29, 'https://is1-ssl.mzstatic.com/image/thumb/Music115/v4/03/4d/f4/034df402-55cf-4a94-f48a-8b0dc2ae3fae/source/100x100bb.jpg', 'https://audio-ssl.itunes.apple.com/itunes-assets/AudioPreview115/v4/a7/1b/f0/a71bf07d-f498-05c9-2c8a-d12af7d019d8/mzaf_11402952498213508559.plus.aac.p.m4a', 'https://music.apple.com/us/album/hotel-california/635770200?i=635770202&uo=4', '9.99', 'USD', 'USA'),
(38, 'The Anthology', 38, 20, 30, '', 'https://audio-ssl.itunes.apple.com/itunes-assets/AudioPreview125/v4/a0/41/f3/a041f3da-3640-0a02-680b-a4e4c3e6d56a/mzaf_3295303019140102179.plus.aac.p.m4a', 'https://music.apple.com/us/album/rollin-and-tumblin-pt-1/1434913280?i=1434913290&uo=4', '24.99', 'USD', 'USA'),
(39, 'Please Please Me', 39, 17, 1, 'https://is4-ssl.mzstatic.com/image/thumb/Music114/v4/1e/6a/db/1e6adb66-2feb-87b0-6649-af8c11d2fa29/source/100x100bb.jpg', 'https://audio-ssl.itunes.apple.com/itunes-assets/AudioPreview115/v4/43/cf/9c/43cf9c2e-7b09-f860-278e-bc65a5695fa8/mzaf_11130887400664998773.plus.aac.p.m4a', 'https://music.apple.com/us/album/please-please-me-mono-version/1441132965?i=1441132990&uo=4', '19.99', 'USD', 'USA'),
(40, 'Forever Changes', 40, 1, 31, 'https://is5-ssl.mzstatic.com/image/thumb/Music115/v4/99/e5/df/99e5dfcd-7d59-038c-1268-1a0456618870/source/100x100bb.jpg', 'https://audio-ssl.itunes.apple.com/itunes-assets/AudioPreview125/v4/0c/02/6b/0c026ba8-05eb-ea27-fa25-23dc4c39e63f/mzaf_15205332872079995936.plus.aac.p.m4a', 'https://music.apple.com/us/album/you-set-the-scene-2015-remastered-version/1125521386?i=1125521760&uo=4', '9.99', 'USD', 'USA'),
(41, 'Never Mind the Bollocks Here\'s the Sex Pistols', 41, 18, 32, 'https://is4-ssl.mzstatic.com/image/thumb/Music/v4/2e/ce/29/2ece295e-d3f8-4766-69fb-d735dd7af9f1/source/100x100bb.jpg', 'https://audio-ssl.itunes.apple.com/itunes-assets/AudioPreview115/v4/15/76/2c/15762c38-e2cf-8aa0-20e8-b6823ba881c5/mzaf_2261880694719357671.plus.aac.p.m4a', 'https://music.apple.com/us/album/anarchy-in-the-u-k/266317242?i=266317279&uo=4', '9.99', 'USD', 'USA'),
(42, 'The Doors', 42, 1, 33, 'https://is4-ssl.mzstatic.com/image/thumb/Music114/v4/fb/b1/87/fbb18719-2ffd-7c03-9081-7be380071e29/source/100x100bb.jpg', 'https://audio-ssl.itunes.apple.com/itunes-assets/AudioPreview115/v4/a0/d1/4e/a0d14e3c-496e-9193-220d-8c30738f2a74/mzaf_12328045709603542369.plus.aac.p.m4a', 'https://music.apple.com/us/album/light-my-fire/639380930?i=639380948&uo=4', '9.99', 'USD', 'USA'),
(43, 'The Dark Side of the Moon', 43, 16, 34, 'https://is2-ssl.mzstatic.com/image/thumb/Music125/v4/c6/36/e2/c636e275-67a8-7679-165a-728f2d6d7da2/source/100x100bb.jpg', 'https://audio-ssl.itunes.apple.com/itunes-assets/AudioPreview125/v4/08/51/0f/08510f57-4ec3-33be-51df-4328cafd55b0/mzaf_7055251135484643380.plus.aac.p.m4a', 'https://music.apple.com/us/album/eclipse/1065973699?i=1065973712&uo=4', '12.99', 'USD', 'USA'),
(44, 'Horses', 44, 11, 35, 'https://is2-ssl.mzstatic.com/image/thumb/Music128/v4/14/06/20/140620fe-5832-3895-075b-99e1f904e152/source/100x100bb.jpg', 'https://audio-ssl.itunes.apple.com/itunes-assets/AudioPreview125/v4/cf/ca/54/cfca54e8-49df-0505-3374-9828d75f99a3/mzaf_971559037652969011.plus.aac.p.m4a', 'https://music.apple.com/us/album/gloria/1038568061?i=1038568064&uo=4', '7.99', 'USD', 'USA'),
(45, 'The Band (\"The Brown Album\")', 45, 10, 26, '', '', '', '', '', ''),
(46, 'Legend: The Best of Bob Marley and The Wailers', 46, 21, 36, 'https://is1-ssl.mzstatic.com/image/thumb/Music125/v4/28/77/42/2877427c-abce-5134-5f6f-98f0488d96f7/source/100x100bb.jpg', 'https://audio-ssl.itunes.apple.com/itunes-assets/AudioPreview125/v4/29/23/0b/29230b52-3e4a-888f-e2c7-a9b0714bbebc/mzaf_6088307406055071279.plus.aac.p.m4a', 'https://music.apple.com/us/album/three-little-birds/1469575763?i=1469575900&uo=4', '9.99', 'USD', 'USA'),
(47, 'A Love Supreme', 47, 3, 37, 'https://is5-ssl.mzstatic.com/image/thumb/Music124/v4/0c/b1/a5/0cb1a519-814e-0595-33ad-581af1df3896/source/100x100bb.jpg', 'https://audio-ssl.itunes.apple.com/itunes-assets/AudioPreview126/v4/38/11/dc/3811dce4-61d6-d1bd-50da-081fc205eb9f/mzaf_5192643084994818929.plus.aac.p.m4a', 'https://music.apple.com/us/album/a-love-supreme-pt-4-psalm/1440713018?i=1440713414&uo=4', '9.99', 'USD', 'USA'),
(48, 'It Takes a Nation of Millions to Hold Us Back', 48, 22, 38, 'https://is4-ssl.mzstatic.com/image/thumb/Music125/v4/b6/ce/2f/b6ce2f3e-0f10-62eb-f4c4-de4a86759388/source/100x100bb.jpg', 'https://audio-ssl.itunes.apple.com/itunes-assets/AudioPreview125/v4/8f/81/dd/8f81dd6e-6465-4490-f542-099da2093174/mzaf_5763402176058632457.plus.aac.p.m4a', 'https://music.apple.com/us/album/dont-believe-the-hype/1440837788?i=1440837952&uo=4', '7.99', 'USD', 'USA'),
(49, 'At Fillmore East', 49, 4, 39, 'https://is2-ssl.mzstatic.com/image/thumb/Music128/v4/28/6b/29/286b292b-71fd-450a-39bd-a71c86965779/source/100x100bb.jpg', 'https://audio-ssl.itunes.apple.com/itunes-assets/AudioPreview115/v4/4e/98/4d/4e984dac-489a-7839-af33-d29f4f09a8ec/mzaf_3153291806372769805.plus.aac.p.m4a', 'https://music.apple.com/us/album/in-memory-of-elizabeth-reed-live-at-the-fillmore-east-1971/1444531900?i=1444532307&uo=4', '14.99', 'USD', 'USA'),
(50, 'Here\'s Little Richard', 50, 23, 40, 'https://is1-ssl.mzstatic.com/image/thumb/Music118/v4/eb/51/5c/eb515c00-a1a9-84e4-2b66-04b1fc4f664d/source/100x100bb.jpg', 'https://audio-ssl.itunes.apple.com/itunes-assets/AudioPreview115/v4/f0/33/a9/f033a98f-9e93-aae8-9df9-c05372e6baa1/mzaf_17922347540573857683.plus.aac.p.m4a', 'https://music.apple.com/us/album/tutti-frutti/1440936634?i=1440936639&uo=4', '14.99', 'USD', 'USA'),
(51, 'Bridge Over Troubled Water', 51, 15, 41, 'https://is2-ssl.mzstatic.com/image/thumb/Music114/v4/24/cb/25/24cb257e-df65-2b51-16e1-93f107f093ea/source/100x100bb.jpg', 'https://audio-ssl.itunes.apple.com/itunes-assets/AudioPreview115/v4/27/54/d4/2754d445-1344-42ef-62db-b8dc0efdcc0b/mzaf_2736781426306234978.plus.aac.p.m4a', 'https://music.apple.com/us/album/bridge-over-troubled-water/1463651590?i=1463652196&uo=4', '13.99', 'USD', 'USA'),
(52, 'Greatest Hits', 52, 11, 42, 'https://is5-ssl.mzstatic.com/image/thumb/Music116/v4/e5/93/13/e5931303-e084-493c-9842-06f054d323e2/source/100x100bb.jpg', '', 'https://music.apple.com/us/album/lets-stay-together/1203896404?i=1203896597&uo=4', '5.99', 'USD', 'USA'),
(53, 'Meet The Beatles!', 53, 24, 1, '', 'https://audio-ssl.itunes.apple.com/itunes-assets/AudioPreview116/v4/47/71/aa/4771aaec-e55c-9eb0-41a7-a9113ab9855f/mzaf_343427704003941263.plus.aac.p.m4a', 'https://music.apple.com/us/album/good-morning-good-morning-remix/1573250333?i=1573251683&uo=4', '9.99', 'USD', 'USA'),
(54, 'The Birth of Soul', 54, 12, 43, 'https://is4-ssl.mzstatic.com/image/thumb/Music3/v4/5d/3b/7b/5d3b7b35-b052-e9fb-2dff-020a0f44b5e2/source/100x100bb.jpg', 'https://audio-ssl.itunes.apple.com/itunes-assets/AudioPreview115/v4/5e/59/00/5e59005d-b8d4-1495-5b35-1a6d5ac8fd2e/mzaf_5874697961792245426.plus.aac.p.m4a', 'https://music.apple.com/us/album/ive-got-a-woman-single-version/275968936?i=275969040&uo=4', '29.99', 'USD', 'USA'),
(55, 'Electric Ladyland', 55, 7, 10, 'https://is1-ssl.mzstatic.com/image/thumb/Music125/v4/d2/0d/01/d20d010c-3803-1c86-4662-be10a8db38c3/source/100x100bb.jpg', 'https://audio-ssl.itunes.apple.com/itunes-assets/AudioPreview115/v4/b5/c8/81/b5c881ea-0d08-2896-dece-cf930396ee9c/mzaf_800118374156758093.plus.aac.p.m4a', 'https://music.apple.com/us/album/voodoo-child-slight-return/357652252?i=357653347&uo=4', '9.99', 'USD', 'USA'),
(56, 'Elvis Presley', 56, 25, 7, 'https://is3-ssl.mzstatic.com/image/thumb/Music118/v4/4f/a6/d1/4fa6d11e-56e8-614a-843e-d2f2e1393b91/rm_image.jpg/100x100bb.jpg', 'https://audio-ssl.itunes.apple.com/itunes-assets/AudioPreview113/v4/7d/d1/7f/7dd17f0d-ea55-bd13-9883-21c902d97652/mzaf_6503623689024816952.std.aac.p.m4a', 'https://books.apple.com/us/audiobook/elvis-presley-the-truth-about-me-outtakes/id1297510396?uo=4', '2.99', 'USD', 'USA'),
(57, 'Songs in the Key of Life', 57, 8, 18, 'https://is4-ssl.mzstatic.com/image/thumb/Music128/v4/95/e2/68/95e268f8-c209-2a9b-8fe7-7266934447a6/source/100x100bb.jpg', 'https://audio-ssl.itunes.apple.com/itunes-assets/AudioPreview115/v4/a2/23/a8/a223a8dc-826e-8bac-2e30-fa86a148ce34/mzaf_7138818373738553579.plus.aac.p.m4a', 'https://music.apple.com/us/album/isnt-she-lovely/1440788438?i=1440788554&uo=4', '11.99', 'USD', 'USA'),
(58, 'Beggars Banquet', 58, 7, 5, 'https://is3-ssl.mzstatic.com/image/thumb/Music125/v4/24/9a/66/249a6619-5453-7971-b7ce-54200a265262/source/100x100bb.jpg', 'https://audio-ssl.itunes.apple.com/itunes-assets/AudioPreview125/v4/19/f8/b4/19f8b482-7e22-27f3-4d5b-c345e382c868/mzaf_9360843434389312786.plus.aac.p.m4a', 'https://music.apple.com/us/album/sympathy-for-the-devil/1500643395?i=1500643398&uo=4', '9.99', 'USD', 'USA'),
(59, 'Chronicle: The 20 Greatest Hits', 59, 8, 44, 'https://is1-ssl.mzstatic.com/image/thumb/Music116/v4/4b/97/d6/4b97d67a-3e78-5158-48c1-67b990a8ed74/source/100x100bb.jpg', 'https://audio-ssl.itunes.apple.com/itunes-assets/AudioPreview125/v4/c5/1a/c9/c51ac904-8ed5-9915-15c8-e89ddc72a52b/mzaf_11851919257040385797.plus.aac.p.m4a', 'https://music.apple.com/us/album/bad-moon-rising/1440955595?i=1440955834&uo=4', '11.99', 'USD', 'USA'),
(60, 'Trout Mask Replica', 60, 10, 45, 'https://is4-ssl.mzstatic.com/image/thumb/Music125/v4/38/74/8f/38748fb9-3502-9d9b-e1f5-c8cb432837ac/source/100x100bb.jpg', 'https://audio-ssl.itunes.apple.com/itunes-assets/AudioPreview115/v4/68/8d/bb/688dbb42-36f3-bb01-aa95-cc3bf627409f/mzaf_5649233116047999179.plus.aac.p.m4a', 'https://music.apple.com/us/album/china-pig/1579587935?i=1579588580&uo=4', '9.99', 'USD', 'USA'),
(61, 'Greatest Hits', 61, 15, 46, '', '', '', '', '', ''),
(62, 'Appetite for Destruction', 62, 19, 47, 'https://is4-ssl.mzstatic.com/image/thumb/Music125/v4/0f/e8/54/0fe8541b-37c7-4b5f-7160-19416e848908/source/100x100bb.jpg', 'https://audio-ssl.itunes.apple.com/itunes-assets/AudioPreview125/v4/c8/9e/c7/c89ec750-f8e6-efb1-c926-ea5820fea494/mzaf_10037263519573560745.plus.aac.p.m4a', 'https://music.apple.com/us/album/welcome-to-the-jungle/1377813284?i=1377813288&uo=4', '9.99', 'USD', 'USA'),
(63, 'Achtung Baby', 63, 12, 21, 'https://is5-ssl.mzstatic.com/image/thumb/Music115/v4/ff/9e/04/ff9e041c-f092-6b77-9e2d-b6374e8776ed/source/100x100bb.jpg', 'https://audio-ssl.itunes.apple.com/itunes-assets/AudioPreview116/v4/24/24/77/242477f5-bc29-fa23-1825-5342e7eba0b8/mzaf_8095403564625046458.plus.aac.p.m4a', 'https://music.apple.com/us/album/one/1443063058?i=1443063492&uo=4', '9.99', 'USD', 'USA'),
(64, 'Sticky Fingers', 64, 4, 5, 'https://is5-ssl.mzstatic.com/image/thumb/Music124/v4/d2/e3/01/d2e3017f-7817-4d08-3613-251765810d3c/source/100x100bb.jpg', 'https://audio-ssl.itunes.apple.com/itunes-assets/AudioPreview125/v4/c4/db/20/c4db201c-f4d0-08d4-7906-c59c177e3b54/mzaf_13847531805214183896.plus.aac.p.m4a', 'https://music.apple.com/us/album/brown-sugar-feat-eric-clapton/1440830882?i=1440831088&uo=4', '19.99', 'USD', 'USA'),
(65, 'Back to Mono (1958-1969)', 65, 12, 48, '', '', '', '', '', ''),
(66, 'Moondance', 66, 15, 13, 'https://is2-ssl.mzstatic.com/image/thumb/Music115/v4/00/cd/9d/00cd9d37-85f1-ebdf-692a-4b713f9ab5f9/source/100x100bb.jpg', 'https://audio-ssl.itunes.apple.com/itunes-assets/AudioPreview115/v4/20/f5/75/20f5751d-aa94-610d-0347-dd1010841af3/mzaf_18180484502630087292.plus.aac.p.m4a', 'https://music.apple.com/us/album/moondance/712727450?i=712727462&uo=4', '9.99', 'USD', 'USA'),
(67, 'Kid A', 67, 26, 49, 'https://is2-ssl.mzstatic.com/image/thumb/Music126/v4/f9/53/27/f953275e-4477-b445-b022-9d85e68e725c/source/100x100bb.jpg', 'https://audio-ssl.itunes.apple.com/itunes-assets/AudioPreview115/v4/dd/17/5b/dd175b86-947b-2833-a955-526977f5c4ba/mzaf_310731774401592456.plus.aac.p.m4a', 'https://music.apple.com/us/album/kid-a/1097862870?i=1097863120&uo=4', '9.99', 'USD', 'USA'),
(68, 'Off the Wall', 68, 6, 14, 'https://is4-ssl.mzstatic.com/image/thumb/Music125/v4/9b/fe/1f/9bfe1f2d-c51e-0427-1075-21aac1f3b874/source/100x100bb.jpg', 'https://audio-ssl.itunes.apple.com/itunes-assets/AudioPreview115/v4/ae/7b/94/ae7b94c7-17fa-d86c-7fa3-e4fcbb481fed/mzaf_14962065959937483836.plus.aac.p.m4a', 'https://music.apple.com/us/album/off-the-wall-single-version/159292399?i=159293470&uo=4', '16.99', 'USD', 'USA'),
(69, '[Led Zeppelin IV]', 69, 4, 23, 'https://is5-ssl.mzstatic.com/image/thumb/Music5/v4/e3/8a/13/e38a13ca-8eaf-fb01-dcec-d2b5689cb6a7/source/100x100bb.jpg', 'https://audio-ssl.itunes.apple.com/itunes-assets/AudioPreview115/v4/85/94/09/8594098e-e951-ba39-7c18-f1d1f4fa3d6a/mzaf_3751264721846869303.plus.aac.p.m4a', 'https://music.apple.com/us/album/stairway-to-heaven/902620286?i=902620521&uo=4', '13.99', 'USD', 'USA'),
(70, 'The Stranger', 70, 18, 50, 'https://is3-ssl.mzstatic.com/image/thumb/Music115/v4/7a/24/30/7a2430bc-e87f-9209-954e-c50572df686a/source/100x100bb.jpg', 'https://audio-ssl.itunes.apple.com/itunes-assets/AudioPreview125/v4/ab/48/3c/ab483c3b-b28b-13c6-f926-2ecde37bb279/mzaf_9383185475934944556.plus.aac.p.m4a', 'https://music.apple.com/us/album/vienna/158617952?i=158618071&uo=4', '8.99', 'USD', 'USA'),
(71, 'Graceland', 71, 27, 51, 'https://is5-ssl.mzstatic.com/image/thumb/Music115/v4/27/68/72/27687239-4ff9-0fca-efab-5a5b3b158e58/source/100x100bb.jpg', 'https://audio-ssl.itunes.apple.com/itunes-assets/AudioPreview125/v4/2a/4c/5f/2a4c5f73-c914-b347-981e-64f3b69e52d2/mzaf_11375779244769210829.plus.aac.p.m4a', 'https://music.apple.com/us/album/graceland/529574560?i=529574613&uo=4', '9.99', 'USD', 'USA'),
(72, 'Superfly', 72, 5, 52, 'https://is1-ssl.mzstatic.com/image/thumb/Music115/v4/55/79/8f/55798f16-1edf-728f-9640-3718c3105803/source/100x100bb.jpg', 'https://audio-ssl.itunes.apple.com/itunes-assets/AudioPreview115/v4/ef/0d/1a/ef0d1ab1-1d6d-7b05-2b44-abb9879be8d1/mzaf_14544742334898738751.plus.aac.p.m4a', 'https://music.apple.com/us/album/superfly-single-mix/40059051?i=40059081&uo=4', '11.99', 'USD', 'USA'),
(73, 'Physical Graffiti', 73, 11, 23, 'https://is3-ssl.mzstatic.com/image/thumb/Music1/v4/fa/05/b6/fa05b6bf-b73e-e386-61fc-48b0fc41e98b/source/100x100bb.jpg', 'https://audio-ssl.itunes.apple.com/itunes-assets/AudioPreview125/v4/33/86/6b/33866b44-f3e8-b865-b9d1-bfc4a2fb6f51/mzaf_9598889325677928709.plus.aac.p.m4a', 'https://music.apple.com/us/album/kashmir/952919341?i=952919352&uo=4', '15.99', 'USD', 'USA'),
(74, 'After the Gold Rush', 74, 15, 53, 'https://is2-ssl.mzstatic.com/image/thumb/Music114/v4/d8/f9/36/d8f93646-1fd6-09c5-1036-a1792ba40670/source/100x100bb.jpg', 'https://audio-ssl.itunes.apple.com/itunes-assets/AudioPreview115/v4/a3/57/af/a357af9e-d22d-951f-0e92-ed7474ca7f13/mzaf_10154304083337859824.plus.aac.p.m4a', 'https://music.apple.com/us/album/after-the-gold-rush/135132797?i=135132231&uo=4', '11.99', 'USD', 'USA'),
(75, 'Star Time', 75, 12, 19, '', 'https://audio-ssl.itunes.apple.com/itunes-assets/AudioPreview125/v4/c3/a1/ac/c3a1acde-c38d-33c5-de07-e1c0737b2300/mzaf_12678306615712101727.plus.aac.p.m4a', 'https://music.apple.com/us/album/let-yourself-go-1991-star-time-version/1434917747?i=1434917798&uo=4', '19.99', 'USD', 'USA'),
(76, 'Purple Rain', 76, 21, 54, 'https://is1-ssl.mzstatic.com/image/thumb/Music124/v4/d6/85/58/d68558de-cbcb-0e1f-633f-4a0a63f5301f/source/100x100bb.jpg', 'https://audio-ssl.itunes.apple.com/itunes-assets/AudioPreview125/v4/ae/ac/da/aeacda1b-f079-0ec2-24c1-f4b52025fe25/mzaf_7354252014203559340.plus.aac.p.m4a', 'https://music.apple.com/us/album/purple-rain-piano-a-microphone-1983-version/1393183394?i=1393183796&uo=4', '9.99', 'USD', 'USA'),
(77, 'Back in Black', 77, 28, 55, 'https://is4-ssl.mzstatic.com/image/thumb/Music115/v4/fa/74/65/fa74657f-392a-cb55-f83e-05dd99d9baf9/source/100x100bb.jpg', 'https://audio-ssl.itunes.apple.com/itunes-assets/AudioPreview115/v4/82/14/78/821478a0-c7cf-243f-ee78-59901cba1ffa/mzaf_10818997092660520704.plus.aac.p.m4a', 'https://music.apple.com/us/album/back-in-black/574050396?i=574050602&uo=4', '9.99', 'USD', 'USA'),
(78, 'Otis Blue: Otis Redding Sings Soul', 78, 3, 56, 'https://is2-ssl.mzstatic.com/image/thumb/Music114/v4/4a/1d/15/4a1d158d-a1b4-9bb0-30d3-f0094415b063/source/100x100bb.jpg', 'https://audio-ssl.itunes.apple.com/itunes-assets/AudioPreview115/v4/f2/aa/22/f2aa22c7-42c6-f4f5-4f20-1a2245345d8c/mzaf_12794558113289548512.plus.aac.p.m4a', 'https://music.apple.com/us/album/ive-been-loving-you-too-long/278115738?i=278115760&uo=4', '19.99', 'USD', 'USA'),
(79, 'Led Zeppelin II', 79, 10, 23, 'https://is3-ssl.mzstatic.com/image/thumb/Music125/v4/ad/9d/35/ad9d354e-268d-2226-aaf1-b7cd006305c2/source/100x100bb.jpg', 'https://audio-ssl.itunes.apple.com/itunes-assets/AudioPreview125/v4/15/bc/ec/15bcec5b-ee95-db15-f57f-2fb2352aa62f/mzaf_842313961611141705.plus.aac.p.m4a', 'https://music.apple.com/us/album/moby-dick-intro-outro-rough-mix/836967288?i=836967312&uo=4', '13.99', 'USD', 'USA'),
(80, 'Imagine', 80, 4, 57, 'https://is1-ssl.mzstatic.com/image/thumb/Music116/v4/d4/60/f7/d460f72b-938c-ce9e-c1af-9292a1e73018/source/100x100bb.jpg', 'https://audio-ssl.itunes.apple.com/itunes-assets/AudioPreview116/v4/31/53/73/315373e3-1def-cfa5-81b1-bd4b4a8c2e29/mzaf_16618064198837874234.plus.aac.p.m4a', 'https://music.apple.com/us/album/imagine/1440853752?i=1440853776&uo=4', '9.99', 'USD', 'USA'),
(81, 'The Clash', 81, 18, 6, 'https://is4-ssl.mzstatic.com/image/thumb/Music114/v4/1b/cd/6d/1bcd6dba-c8d4-c0fe-c2d9-a2a2d7565409/source/100x100bb.jpg', 'https://audio-ssl.itunes.apple.com/itunes-assets/AudioPreview125/v4/7b/f4/eb/7bf4ebc7-76b7-29d0-bb61-5cdfd0b1486e/mzaf_3169626391927243947.plus.aac.p.m4a', 'https://music.apple.com/us/album/police-thieves/684737755?i=684738128&uo=4', '9.99', 'USD', 'USA'),
(82, 'Harvest', 82, 5, 53, 'https://is5-ssl.mzstatic.com/image/thumb/Music125/v4/01/85/24/0185243d-e882-c8c2-73a5-5842473518f7/source/100x100bb.jpg', 'https://audio-ssl.itunes.apple.com/itunes-assets/AudioPreview115/v4/ef/77/c2/ef77c223-0cb3-cec8-2607-5e26d7d6a490/mzaf_12932466305139792561.plus.aac.p.m4a', 'https://music.apple.com/us/album/harvest/1015739190?i=1015739527&uo=4', '9.99', 'USD', 'USA'),
(83, 'Axis: Bold as Love', 83, 1, 10, 'https://is3-ssl.mzstatic.com/image/thumb/Music126/v4/8a/3c/eb/8a3ceb35-1a6c-d36e-30fa-5a13a62c5a65/source/100x100bb.jpg', 'https://audio-ssl.itunes.apple.com/itunes-assets/AudioPreview126/v4/79/81/6e/79816eb2-931b-008e-9973-f26d1688aa0d/mzaf_6958048449651312835.plus.aac.p.m4a', 'https://music.apple.com/us/album/little-wing/357222341?i=357222504&uo=4', '9.99', 'USD', 'USA'),
(84, 'I Never Loved a Man the Way I Love You', 84, 1, 58, 'https://is4-ssl.mzstatic.com/image/thumb/Music115/v4/65/26/74/6526741a-79f3-67c7-ce7d-8571857aeca8/source/100x100bb.jpg', 'https://audio-ssl.itunes.apple.com/itunes-assets/AudioPreview115/v4/3f/aa/24/3faa24b3-1e19-d38f-02dc-aa6ee1a5e918/mzaf_12021954007684962123.plus.aac.p.m4a', 'https://music.apple.com/us/album/i-never-loved-a-man-the-way-i-love-you/933578756?i=933582120&uo=4', '14.99', 'USD', 'USA'),
(85, 'Lady Soul', 85, 7, 58, 'https://is1-ssl.mzstatic.com/image/thumb/Music125/v4/71/20/f5/7120f5e8-0755-5da3-f9e6-e97eabad82a8/source/100x100bb.jpg', 'https://audio-ssl.itunes.apple.com/itunes-assets/AudioPreview115/v4/e4/72/ee/e472ee55-20db-c14f-eba0-f68af56220bf/mzaf_559657588344818585.plus.aac.p.m4a', 'https://music.apple.com/us/album/you-make-me-feel-like-a-natural-woman/933585548?i=933585554&uo=4', '9.99', 'USD', 'USA'),
(86, 'Born in the U.S.A.', 86, 21, 12, 'https://is4-ssl.mzstatic.com/image/thumb/Music4/v4/00/f0/00/00f000af-9718-4a52-d6a8-24d4368f0802/source/100x100bb.jpg', 'https://audio-ssl.itunes.apple.com/itunes-assets/AudioPreview125/v4/ce/ea/e2/ceeae252-427f-bedb-f516-510c26c8c5cd/mzaf_8175570757803918308.plus.aac.p.m4a', 'https://music.apple.com/us/album/born-in-the-u-s-a-live-at-la-coliseum-los-angeles/217291875?i=217295000&uo=4', '19.99', 'USD', 'USA'),
(87, 'The Wall', 87, 6, 34, 'https://is5-ssl.mzstatic.com/image/thumb/Music125/v4/89/d9/02/89d90299-4e04-f5e4-0eab-b09d0352fa31/source/100x100bb.jpg', 'https://audio-ssl.itunes.apple.com/itunes-assets/AudioPreview125/v4/f8/a2/cd/f8a2cd4a-2af9-f34f-3684-89e3304c102c/mzaf_376000686139681175.plus.aac.p.m4a', 'https://music.apple.com/us/album/another-brick-in-the-wall-pt-2/1065975633?i=1065975638&uo=4', '19.99', 'USD', 'USA'),
(88, 'At Folsom Prison', 88, 7, 59, 'https://is2-ssl.mzstatic.com/image/thumb/Music115/v4/3c/a0/22/3ca0222e-96bf-9d4d-b1e1-6db6138c7a0e/source/100x100bb.jpg', 'https://audio-ssl.itunes.apple.com/itunes-assets/AudioPreview125/v4/88/8f/5d/888f5d5a-8c09-92a4-bf2c-250200e7309b/mzaf_15717249670570928373.plus.aac.p.m4a', 'https://music.apple.com/us/album/folsom-prison-blues-live/825516828?i=825516880&uo=4', '9.99', 'USD', 'USA'),
(89, 'Dusty in Memphis', 89, 10, 60, 'https://is4-ssl.mzstatic.com/image/thumb/Music125/v4/c6/d4/4d/c6d44dfa-c613-37f9-141e-c942aae937da/source/100x100bb.jpg', 'https://audio-ssl.itunes.apple.com/itunes-assets/AudioPreview125/v4/26/34/bc/2634bc32-28b5-0d88-4c09-eb6a242f0fab/mzaf_5154516039900167579.plus.aac.p.m4a', 'https://music.apple.com/us/album/son-of-a-preacher-man/257837795?i=257837972&uo=4', '15.99', 'USD', 'USA'),
(90, 'Talking Book', 90, 5, 18, 'https://is4-ssl.mzstatic.com/image/thumb/Music114/v4/0c/87/2d/0c872d73-3663-edf7-d448-2088f1f46c31/source/100x100bb.jpg', 'https://audio-ssl.itunes.apple.com/itunes-assets/AudioPreview115/v4/d3/5a/69/d35a69af-ca39-e292-4cc8-e189144e2a9c/mzaf_8528836110071720537.plus.aac.p.m4a', 'https://music.apple.com/us/album/i-believe-when-i-fall-in-love-it-will-be-forever/1440808973?i=1440809175&uo=4', '6.99', 'USD', 'USA'),
(91, 'Goodbye Yellow Brick Road', 91, 16, 61, 'https://is5-ssl.mzstatic.com/image/thumb/Music124/v4/75/ff/f6/75fff67a-b768-886a-49b9-d98a2fb0b6f0/source/100x100bb.jpg', 'https://audio-ssl.itunes.apple.com/itunes-assets/AudioPreview115/v4/04/3b/85/043b85fc-e357-8848-91ea-90040af831c2/mzaf_14074539681479864958.plus.aac.p.m4a', 'https://music.apple.com/us/album/goodbye-yellow-brick-road/1440863013?i=1440863122&uo=4', '9.99', 'USD', 'USA'),
(92, '20 Golden Greats', 92, 29, 62, 'https://is1-ssl.mzstatic.com/image/thumb/Music118/v4/9a/88/03/9a8803c2-de59-86b5-873f-38f57f456f90/source/100x100bb.jpg', 'https://audio-ssl.itunes.apple.com/itunes-assets/AudioPreview125/v4/6b/59/14/6b5914c6-1fa8-82f9-0c2a-87987a279308/mzaf_15378714482383982214.plus.aac.p.m4a', 'https://music.apple.com/us/album/peggy-sue/1425246912?i=1425246920&uo=4', '9.99', 'USD', 'USA'),
(93, 'Sign \"Peace\" the Times', 93, 19, 63, '', '', '', '', '', ''),
(94, '40 Greatest Hits', 94, 21, 64, 'https://is4-ssl.mzstatic.com/image/thumb/Music118/v4/fa/81/d4/fa81d427-8bfa-601a-8f7a-8d1413d33802/source/100x100bb.jpg', 'https://audio-ssl.itunes.apple.com/itunes-assets/AudioPreview115/v4/15/64/e1/1564e1e4-5b0e-8b03-24ec-7b6c8bd51ce5/mzaf_11452093300587053055.plus.aac.p.m4a', 'https://music.apple.com/us/album/your-cheatin-heart-feat-the-drifting-cowboys-single/1434905254?i=1434905636&uo=4', '19.99', 'USD', 'USA'),
(95, 'Bitches Brew', 95, 15, 8, 'https://is5-ssl.mzstatic.com/image/thumb/Music116/v4/a3/ee/ae/a3eeaece-b28b-647e-6f31-a558111679cf/source/100x100bb.jpg', 'https://audio-ssl.itunes.apple.com/itunes-assets/AudioPreview116/v4/be/1d/ad/be1dadca-5962-2b4b-50fe-f755a63a32c6/mzaf_210792945615356768.plus.aac.p.m4a', 'https://music.apple.com/us/album/bitches-brew-feat-wayne-shorter-bennie-maupin-john/168376392?i=168376630&uo=4', '14.99', 'USD', 'USA'),
(96, 'Tommy', 96, 10, 22, 'https://is2-ssl.mzstatic.com/image/thumb/Video/v4/d1/c2/9c/d1c29cb0-a896-2f8c-d273-420170f08824/source/100x100bb.jpg', 'https://video-ssl.itunes.apple.com/itunes-assets/Video118/v4/23/c6/98/23c698c4-b3d8-1754-f382-d2b6439a7811/mzvf_3278622679138131127.640x458.h264lc.U.p.m4v', 'https://music.apple.com/us/album/pinball-wizard/1461210985?i=1461214591&uo=4', '12.99', 'USD', 'USA'),
(97, 'The Freewheelin\' Bob Dylan', 97, 17, 3, 'https://is2-ssl.mzstatic.com/image/thumb/Music/v4/10/3d/a2/103da2b8-8035-6521-7def-066b921aa6db/source/100x100bb.jpg', 'https://audio-ssl.itunes.apple.com/itunes-assets/Music/c2/8d/43/mzm.jaxnolbi.aac.p.m4a', 'https://music.apple.com/us/album/dont-think-twice-its-all-right-2010-mono-version/397221884?i=397221952&uo=4', '9.99', 'USD', 'USA'),
(98, 'This Year\'s Model', 98, 29, 65, 'https://is3-ssl.mzstatic.com/image/thumb/Music125/v4/13/ec/ed/13eced4d-211f-726e-c5e7-0f0b9c33b882/source/100x100bb.jpg', 'https://audio-ssl.itunes.apple.com/itunes-assets/AudioPreview125/v4/d0/19/37/d0193747-e417-9a58-4997-14b2048c55cc/mzaf_12641205501062795250.plus.aac.p.m4a', 'https://music.apple.com/us/album/this-years-girl-2021-remaster/1585423236?i=1585423238&uo=4', '19.99', 'USD', 'USA'),
(99, 'There\'s a Riot Goin\' On', 99, 4, 46, 'https://is4-ssl.mzstatic.com/image/thumb/Music125/v4/22/29/41/22294175-6168-3c77-6f85-fde0279d53c8/source/100x100bb.jpg', 'https://audio-ssl.itunes.apple.com/itunes-assets/AudioPreview71/v4/80/b8/5b/80b85b02-6b8f-9c5c-35ed-f7165727f40d/mzaf_5408163257053889506.plus.aac.p.m4a', 'https://music.apple.com/us/album/theres-a-riot-goin-on/216546634?i=216548125&uo=4', '9.99', 'USD', 'USA'),
(100, 'Odessey and Oracle', 100, 7, 66, 'https://is1-ssl.mzstatic.com/image/thumb/Music125/v4/fc/0b/36/fc0b365f-09be-96c8-0e57-ad6821a7674f/source/100x100bb.jpg', 'https://audio-ssl.itunes.apple.com/itunes-assets/AudioPreview125/v4/83/e8/45/83e845e7-de45-325d-d269-5e7e3fcda6d6/mzaf_8183913094567158967.plus.aac.p.m4a', 'https://music.apple.com/us/album/time-of-the-season/252723845?i=252724012&uo=4', '9.99', 'USD', 'USA'),
(101, 'In the Wee Small Hours', 101, 30, 67, 'https://is3-ssl.mzstatic.com/image/thumb/Music128/v4/26/9f/8c/269f8c5d-74a9-fb43-1e61-0c05af16148a/source/100x100bb.jpg', 'https://audio-ssl.itunes.apple.com/itunes-assets/AudioPreview125/v4/9b/60/66/9b6066be-5b81-c589-a942-f86e47facd0e/mzaf_12492479456288587345.plus.aac.p.m4a', 'https://music.apple.com/us/album/in-the-wee-small-hours-of-the-morning/1440815019?i=1440815501&uo=4', '7.99', 'USD', 'USA'),
(102, 'Fresh Cream', 102, 2, 68, 'https://is3-ssl.mzstatic.com/image/thumb/Music115/v4/9c/64/0d/9c640d00-55be-0014-d40d-af31d7f30727/source/100x100bb.jpg', 'https://audio-ssl.itunes.apple.com/itunes-assets/AudioPreview115/v4/7b/ee/54/7bee5401-b51a-32ca-e5af-4bfc8690c385/mzaf_7462109207115448651.plus.aac.p.m4a', 'https://music.apple.com/us/album/im-so-glad/1440822300?i=1440823184&uo=4', '9.99', 'USD', 'USA'),
(103, 'Giant Steps', 103, 9, 37, 'https://is1-ssl.mzstatic.com/image/thumb/Music/v4/cf/4a/2f/cf4a2f0f-6506-335d-76c9-6144ccfbd81a/source/100x100bb.jpg', 'https://audio-ssl.itunes.apple.com/itunes-assets/AudioPreview115/v4/00/54/77/005477ab-9532-4d19-b465-fa8a452aa617/mzaf_9598311367471313696.plus.aac.p.m4a', 'https://music.apple.com/us/album/giant-steps/266601952?i=266603142&uo=4', '34.99', 'USD', 'USA'),
(104, 'Sweet Baby James', 104, 15, 69, 'https://is3-ssl.mzstatic.com/image/thumb/Music128/v4/e5/88/71/e5887110-a2fb-b0b9-b23c-6cab320b2a74/source/100x100bb.jpg', 'https://audio-ssl.itunes.apple.com/itunes-assets/AudioPreview125/v4/3c/e9/c8/3ce9c88f-41b0-2ae6-9d7c-31150e700d90/mzaf_5196724268512609934.plus.aac.p.m4a', 'https://music.apple.com/us/album/sweet-baby-james-live/1440947797?i=1440948637&uo=4', '9.99', 'USD', 'USA'),
(105, 'Modern Sounds in Country and Western Music', 105, 31, 43, 'https://is3-ssl.mzstatic.com/image/thumb/Music124/v4/55/07/42/55074222-2c21-aa40-5a1e-a88985e51fba/source/100x100bb.jpg', 'https://audio-ssl.itunes.apple.com/itunes-assets/AudioPreview125/v4/dd/32/01/dd3201b4-5b8d-4b7c-0873-05a000668d60/mzaf_7698269480707518568.plus.aac.p.m4a', 'https://music.apple.com/us/album/you-dont-know-me/1477684012?i=1477684257&uo=4', '19.99', 'USD', 'USA'),
(106, 'Rocket to Russia', 106, 18, 25, 'https://is5-ssl.mzstatic.com/image/thumb/Music115/v4/ae/ac/f2/aeacf2d5-4572-be16-6e34-c44f6c9b83f0/source/100x100bb.jpg', 'https://audio-ssl.itunes.apple.com/itunes-assets/AudioPreview125/v4/b4/c4/bb/b4c4bbfd-35af-2d93-cf9e-9f5b4df21041/mzaf_5789043260756716819.plus.aac.p.m4a', 'https://music.apple.com/us/album/sheena-is-a-punk-rocker/77817086?i=77816990&uo=4', '12.99', 'USD', 'USA'),
(107, 'Portrait of a Legend 1951-1964', 107, 32, 70, 'https://is1-ssl.mzstatic.com/image/thumb/Music118/v4/a8/86/20/a88620e1-f8a6-9151-4b9a-1966945616a2/source/100x100bb.jpg', 'https://audio-ssl.itunes.apple.com/itunes-assets/AudioPreview125/v4/b8/3c/68/b83c68dc-2bfd-102c-4809-24b5582a696b/mzaf_3927757095691328062.plus.aac.p.m4a', 'https://music.apple.com/us/album/a-change-is-gonna-come/1440771554?i=1440773321&uo=4', '11.99', 'USD', 'USA'),
(108, 'Hunky Dory', 108, 4, 27, 'https://is3-ssl.mzstatic.com/image/thumb/Music125/v4/fd/37/c5/fd37c5ae-1224-905a-8cae-c8d419fc2247/source/100x100bb.jpg', 'https://audio-ssl.itunes.apple.com/itunes-assets/AudioPreview125/v4/63/6b/06/636b0642-5636-af2c-06e1-bb0dabdefcb7/mzaf_16026243431927840611.plus.aac.p.m4a', 'https://music.apple.com/us/album/life-on-mars/1039798000?i=1039798013&uo=4', '9.99', 'USD', 'USA'),
(109, 'Aftermath', 109, 2, 5, 'https://is2-ssl.mzstatic.com/image/thumb/Music115/v4/a6/5c/5d/a65c5d35-56d8-32a0-0be7-dd9df733c183/source/100x100bb.jpg', 'https://audio-ssl.itunes.apple.com/itunes-assets/AudioPreview125/v4/9d/92/59/9d92590a-e245-9673-b937-40f8fa6101a9/mzaf_5216096376867696624.plus.aac.p.m4a', 'https://music.apple.com/us/album/paint-it-black/1440745549?i=1440745782&uo=4', '8.99', 'USD', 'USA'),
(110, 'Loaded', 110, 15, 9, '', 'https://audio-ssl.itunes.apple.com/itunes-assets/AudioPreview115/v4/64/26/d1/6426d17f-ecd6-3ca4-d816-c50ee283905f/mzaf_3659350268755185977.plus.aac.p.m4a', 'https://music.apple.com/us/album/sweet-jane/1050415251?i=1050415253&uo=4', '9.99', 'USD', 'USA'),
(111, 'The Bends', 111, 33, 49, 'https://is3-ssl.mzstatic.com/image/thumb/Music125/v4/5c/81/57/5c815749-38d9-50b5-6327-00c6c4591e69/source/100x100bb.jpg', 'https://audio-ssl.itunes.apple.com/itunes-assets/AudioPreview125/v4/66/80/1c/66801c45-1802-eda2-ac66-39d2c2516d71/mzaf_1838111440824075930.plus.aac.p.m4a', 'https://music.apple.com/us/album/fake-plastic-trees/1097862703?i=1097862845&uo=4', '9.99', 'USD', 'USA'),
(112, 'If You Can Believe Your Eyes and Ears', 112, 2, 71, '', '', '', '', '', ''),
(113, 'Court and Spark', 113, 34, 24, 'https://is4-ssl.mzstatic.com/image/thumb/Music115/v4/a3/da/ce/a3dace0d-efdd-4beb-42db-41bd6de3350e/source/100x100bb.jpg', 'https://audio-ssl.itunes.apple.com/itunes-assets/AudioPreview115/v4/09/3e/fd/093efd6c-8b8a-a339-774e-63dbb1afa764/mzaf_18033814592326638516.plus.aac.p.m4a', 'https://music.apple.com/us/album/court-and-spark/1492263239?i=1492263240&uo=4', '10.99', 'USD', 'USA'),
(114, 'Disraeli Gears', 114, 1, 68, 'https://is3-ssl.mzstatic.com/image/thumb/Music115/v4/8b/4d/5e/8b4d5eeb-bbaf-3713-efe0-6db1c38d12b6/source/100x100bb.jpg', 'https://audio-ssl.itunes.apple.com/itunes-assets/AudioPreview115/v4/4a/31/ac/4a31ac3b-dd67-d975-80db-1d2f8d792ab1/mzaf_8592917163187146264.plus.aac.p.m4a', 'https://music.apple.com/us/album/sunshine-of-your-love/1440817229?i=1440817744&uo=4', '7.99', 'USD', 'USA'),
(115, 'The Who Sell Out', 115, 1, 22, 'https://is2-ssl.mzstatic.com/image/thumb/Music114/v4/fe/3e/bf/fe3ebf01-4b12-0e2a-6833-dd229e6f2555/source/100x100bb.jpg', 'https://audio-ssl.itunes.apple.com/itunes-assets/AudioPreview125/v4/05/0e/1a/050e1a72-b713-668a-9203-159f31877444/mzaf_11916894679472294568.plus.aac.p.m4a', 'https://music.apple.com/us/album/i-can-see-for-miles/1550102723?i=1550103001&uo=4', '7.99', 'USD', 'USA'),
(116, 'Out of Our Heads', 116, 3, 5, 'https://is3-ssl.mzstatic.com/image/thumb/Music124/v4/1e/fb/13/1efb1310-0c19-c27e-7281-d86f9713b058/source/100x100bb.jpg', 'https://audio-ssl.itunes.apple.com/itunes-assets/AudioPreview115/v4/19/5e/59/195e595b-56c6-fd46-9e9a-4772ca25ce11/mzaf_8335796340692379678.plus.aac.p.m4a', 'https://music.apple.com/us/album/i-cant-get-no-satisfaction/1440743344?i=1440743544&uo=4', '10.99', 'USD', 'USA'),
(117, 'Layla and Other Assorted Love Songs', 117, 15, 72, '', '', '', '', '', ''),
(118, 'Late Registration', 118, 35, 73, 'https://is5-ssl.mzstatic.com/image/thumb/Music125/v4/0c/fc/d9/0cfcd915-a6d7-810d-7778-de34e1ca8467/source/100x100bb.jpg', '', '', '', '', ''),
(119, 'At Last!', 119, 36, 74, 'https://is1-ssl.mzstatic.com/image/thumb/Music125/v4/93/ee/83/93ee8320-452c-45ec-f7b9-bee084a76df6/source/100x100bb.jpg', '', '', '', '', ''),
(120, 'Sweetheart of the Rodeo', 120, 7, 75, 'https://is1-ssl.mzstatic.com/image/thumb/Music115/v4/5d/6b/68/5d6b6800-045d-76d2-0b84-365279f74529/source/100x100bb.jpg', '', '', '', '', ''),
(121, 'Stand!', 121, 10, 46, '', '', '', '', '', ''),
(122, 'The Harder They Come', 122, 5, 76, '', '', '', '', '', ''),
(123, 'Raising Hell', 123, 27, 77, '', '', '', '', '', ''),
(124, 'Moby Grape', 124, 1, 78, 'https://is2-ssl.mzstatic.com/image/thumb/Music/v4/f6/f9/77/f6f977f7-8700-0c6e-f136-8bc3fdbad70b/source/100x100bb.jpg', '', '', '', '', ''),
(125, 'Pearl', 125, 4, 79, 'https://is1-ssl.mzstatic.com/image/thumb/Music124/v4/33/9a/cf/339acfbc-fc5a-96f2-c758-1d8a0eaf1e15/source/100x100bb.jpg', '', '', '', '', ''),
(126, 'Catch a Fire', 126, 16, 80, 'https://is3-ssl.mzstatic.com/image/thumb/Music114/v4/b2/26/5a/b2265a2c-8ca0-e1e4-36ab-5755c51b61c3/source/100x100bb.jpg', '', '', '', '', ''),
(127, 'Younger Than Yesterday', 127, 1, 75, 'https://is2-ssl.mzstatic.com/image/thumb/Music2/v4/f2/11/fa/f211fa73-d9ca-0a96-e9ea-021737be890a/source/100x100bb.jpg', '', '', '', '', ''),
(128, 'Raw Power', 128, 16, 81, 'https://is2-ssl.mzstatic.com/image/thumb/Music111/v4/33/75/fa/3375fa9a-6b61-0753-7061-099f361451fe/source/100x100bb.jpg', '', '', '', '', ''),
(129, 'Remain in Light', 129, 28, 82, 'https://is4-ssl.mzstatic.com/image/thumb/Music/v4/f0/02/4e/f0024e9d-6d68-9ab2-9408-47551e109581/source/100x100bb.jpg', '', '', '', '', ''),
(130, 'Marquee Moon', 130, 18, 83, 'https://is5-ssl.mzstatic.com/image/thumb/Music115/v4/32/2e/97/322e97c3-6146-5a9f-9e74-191f5a68a06b/source/100x100bb.jpg', '', '', '', '', ''),
(131, 'Paranoid', 131, 15, 84, 'https://is2-ssl.mzstatic.com/image/thumb/Music115/v4/79/e5/3d/79e53dbe-f180-780f-a693-91c019899930/source/100x100bb.jpg', '', '', '', '', ''),
(132, 'Saturday Night Fever: The Original Movie Sound Track', 132, 18, 76, '', '', '', '', '', ''),
(133, 'The Wild, the Innocent & the E Street Shuffle', 133, 16, 12, 'https://is4-ssl.mzstatic.com/image/thumb/Music115/v4/42/f0/de/42f0deb4-cdf8-706c-f86d-d69fcb978f9d/source/100x100bb.jpg', '', '', '', '', ''),
(134, 'Ready to Die', 134, 37, 85, 'https://is3-ssl.mzstatic.com/image/thumb/Music115/v4/55/1d/b9/551db9fc-5caa-65cb-fd0b-604709acacea/source/100x100bb.jpg', '', '', '', '', ''),
(135, 'Slanted and Enchanted', 135, 38, 86, 'https://is2-ssl.mzstatic.com/image/thumb/Music115/v4/00/1f/93/001f939d-3e1b-31fc-8124-1c6840ae5ca0/source/100x100bb.jpg', '', '', '', '', ''),
(136, 'Greatest Hits', 136, 34, 61, '', '', '', '', '', ''),
(137, 'Tim', 137, 39, 87, 'https://is1-ssl.mzstatic.com/image/thumb/Music6/v4/e0/6f/d4/e06fd4d9-0b09-f1f1-2712-493af1931b63/source/100x100bb.jpg', '', '', '', '', ''),
(138, 'The Chronic', 138, 38, 88, 'https://is5-ssl.mzstatic.com/image/thumb/Music125/v4/76/df/44/76df4445-9a1a-0c17-60bb-2da8d358996d/source/100x100bb.jpg', '', '', '', '', '');
INSERT INTO `album` (`album_id`, `album_name`, `album_ranking`, `year_id`, `artist_id`, `album_image_url`, `album_preview_url`, `album_collection_view_url`, `album_collection_price`, `album_price_currency`, `album_country`) VALUES
(139, 'Rejuvenation', 139, 34, 89, 'https://is5-ssl.mzstatic.com/image/thumb/Music125/v4/86/76/9e/86769ebf-ae80-2f4e-dc56-923ea3db005a/source/100x100bb.jpg', '', '', '', '', ''),
(140, 'Parallel Lines', 140, 29, 90, 'https://is4-ssl.mzstatic.com/image/thumb/Music115/v4/6e/4a/19/6e4a1986-dc6e-14f7-92c6-a5a0626320d4/source/100x100bb.jpg', '', '', '', '', ''),
(141, 'Live at the Regal', 141, 3, 91, 'https://is2-ssl.mzstatic.com/image/thumb/Music128/v4/5d/5a/92/5d5a9272-0c4a-4f88-c744-f3a15656e377/source/100x100bb.jpg', '', '', '', '', ''),
(142, 'A Christmas Gift for You From Phil Spector', 142, 17, 48, 'https://is3-ssl.mzstatic.com/image/thumb/Music115/v4/8c/25/dc/8c25dca1-bb8d-42e5-617f-f0fd810e5257/source/100x100bb.jpg', '', '', '', '', ''),
(143, 'Gris-Gris', 143, 7, 92, 'https://is5-ssl.mzstatic.com/image/thumb/Music115/v4/7a/bc/1a/7abc1aae-e115-c6db-521d-ce6400a78834/source/100x100bb.jpg', '', '', '', '', ''),
(144, 'Straight Outta Compton', 144, 22, 93, 'https://is4-ssl.mzstatic.com/image/thumb/Music115/v4/ec/08/1d/ec081de6-9905-07d9-04db-b5ca36e8e86b/source/100x100bb.jpg', '', '', '', '', ''),
(145, 'Aja', 145, 18, 94, 'https://is2-ssl.mzstatic.com/image/thumb/Music115/v4/bb/12/83/bb1283d5-b501-6c63-163f-37375c33eeef/source/100x100bb.jpg', '', '', '', '', ''),
(146, 'Surrealistic Pillow', 146, 1, 95, 'https://is2-ssl.mzstatic.com/image/thumb/Music125/v4/8c/e1/27/8ce1273e-1b32-577a-b25b-44b53cae16dd/source/100x100bb.jpg', '', '', '', '', ''),
(147, 'Deja vu', 147, 15, 96, 'https://is1-ssl.mzstatic.com/image/thumb/Music125/v4/30/f3/d6/30f3d631-0066-546c-c3ce-51af4bc5840d/source/100x100bb.jpg', '', '', '', '', ''),
(148, 'Houses of the Holy', 148, 16, 23, 'https://is1-ssl.mzstatic.com/image/thumb/Music62/v4/14/bc/e7/14bce756-cb44-d4b3-ffee-762d25d1ab88/source/100x100bb.jpg', '', '', '', '', ''),
(149, 'Santana', 149, 10, 97, 'https://is3-ssl.mzstatic.com/image/thumb/Music124/v4/43/2a/56/432a5663-3d48-aa71-84ef-7d66a698e841/source/100x100bb.jpg', '', '', '', '', ''),
(150, 'Darkness on the Edge of Town', 150, 29, 12, 'https://is5-ssl.mzstatic.com/image/thumb/Music124/v4/bb/3e/a4/bb3ea419-104f-0f94-9860-75c4b7fcce3b/source/100x100bb.jpg', '', '', '', '', ''),
(151, 'Funeral', 151, 40, 98, 'https://is4-ssl.mzstatic.com/image/thumb/Music125/v4/73/59/a6/7359a6e5-0e54-ca81-8367-cd055ff75c5a/source/100x100bb.jpg', '', '', '', '', ''),
(152, 'The B 52\'s / Play Loud', 152, 6, 99, '', '', '', '', '', ''),
(153, 'The Low End Theory', 153, 12, 100, 'https://is4-ssl.mzstatic.com/image/thumb/Music125/v4/cc/54/91/cc5491c9-5c27-83a0-b409-383a4a9b9249/source/100x100bb.jpg', '', '', '', '', ''),
(154, 'Moanin\' in the Moonlight', 154, 41, 101, 'https://is2-ssl.mzstatic.com/image/thumb/Music125/v4/41/47/e2/4147e241-a67d-6f9f-c0a7-25e5c924e401/source/100x100bb.jpg', '', '', '', '', ''),
(155, 'Pretenders', 155, 28, 102, 'https://is1-ssl.mzstatic.com/image/thumb/Music124/v4/7c/2a/47/7c2a4750-fe2b-1ee8-1345-9ad4033960c5/source/100x100bb.jpg', '', '', '', '', ''),
(156, 'Paul\'s Boutique', 156, 42, 103, 'https://is2-ssl.mzstatic.com/image/thumb/Music123/v4/57/8f/a7/578fa75d-7252-ef43-5023-523dc53696e6/source/100x100bb.jpg', '', '', '', '', ''),
(157, 'Closer', 157, 28, 104, '', '', '', '', '', ''),
(158, 'Captain Fantastic and the Brown Dirt Cowboy', 158, 11, 61, 'https://is4-ssl.mzstatic.com/image/thumb/Music125/v4/89/21/1a/89211a67-3447-612f-34a2-b9d37a92de37/source/100x100bb.jpg', '', '', '', '', ''),
(159, 'Alive!', 159, 11, 105, '', '', '', '', '', ''),
(160, 'Electric Warrior', 160, 4, 106, 'https://is2-ssl.mzstatic.com/image/thumb/Music115/v4/1b/dd/53/1bdd53b1-93b8-a4a8-fe53-24467d56949b/source/100x100bb.jpg', '', '', '', '', ''),
(161, 'The Dock of the Bay', 161, 7, 56, 'https://is3-ssl.mzstatic.com/image/thumb/Music114/v4/5f/32/2a/5f322aaa-a12c-9de3-6288-8c3f913b6510/source/100x100bb.jpg', '', '', '', '', ''),
(162, 'OK Computer', 162, 43, 49, 'https://is3-ssl.mzstatic.com/image/thumb/Music114/v4/44/9a/48/449a4859-3cdc-d23f-1173-5a6f3f6becbf/source/100x100bb.jpg', '', '', '', '', ''),
(163, '1999', 163, 13, 63, 'https://is2-ssl.mzstatic.com/image/thumb/Music124/v4/50/c7/01/50c70161-4fc9-15a8-cd23-bf1b1fd65ab8/source/100x100bb.jpg', '', '', '', '', ''),
(164, 'The Very Best of Linda Ronstadt', 164, 44, 107, 'https://is1-ssl.mzstatic.com/image/thumb/Music123/v4/2a/d8/4b/2ad84b87-eb77-344e-fb69-745c6b508fe2/source/100x100bb.jpg', '', '', '', '', ''),
(165, 'Let\'s Get It On', 165, 16, 4, 'https://is4-ssl.mzstatic.com/image/thumb/Music114/v4/66/a8/c1/66a8c1b6-b09f-7c3c-37b1-20f0439b4cf0/source/100x100bb.jpg', '', '', '', '', ''),
(166, 'Imperial Bedroom', 166, 13, 108, 'https://is3-ssl.mzstatic.com/image/thumb/Music128/v4/ff/98/2c/ff982c12-fee9-fc44-689a-c95d7259e348/source/100x100bb.jpg', '', '', '', '', ''),
(167, 'Master of Puppets', 167, 27, 109, 'https://is3-ssl.mzstatic.com/image/thumb/Music124/v4/dc/c9/30/dcc93088-bda8-63eb-e9f3-f21886a3ba3a/source/100x100bb.jpg', '', '', '', '', ''),
(168, 'My Aim Is True', 168, 18, 65, 'https://is1-ssl.mzstatic.com/image/thumb/Music115/v4/bb/dd/63/bbdd632e-1213-9d65-16fd-8fe86d7bb8fa/source/100x100bb.jpg', '', '', '', '', ''),
(169, 'Exodus', 169, 18, 36, 'https://is1-ssl.mzstatic.com/image/thumb/Music123/v4/63/96/ef/6396ef3c-b058-e999-96a9-e4ee7f03ddb2/source/100x100bb.jpg', '', '', '', '', ''),
(170, 'Live at Leeds', 170, 15, 22, 'https://is5-ssl.mzstatic.com/image/thumb/Music118/v4/5e/5a/65/5e5a65dd-b9e3-91b7-df17-e9b6908d4c47/source/100x100bb.jpg', '', '', '', '', ''),
(171, 'The Notorious Byrd Brothers', 171, 7, 75, 'https://is1-ssl.mzstatic.com/image/thumb/Music/v4/7b/9b/a4/7b9ba4c7-7e13-d4fd-b75c-9f8739187e34/source/100x100bb.jpg', '', '', '', '', ''),
(172, 'Every Picture Tells a Story', 172, 4, 110, 'https://is1-ssl.mzstatic.com/image/thumb/Music125/v4/aa/d0/06/aad0063a-e01e-9245-8398-5072902a7a1c/source/100x100bb.jpg', '', '', '', '', ''),
(173, 'Something/Anything?', 173, 5, 111, 'https://is5-ssl.mzstatic.com/image/thumb/Music124/v4/31/06/d7/3106d72e-1fec-bcbc-aae9-411ee9125479/source/100x100bb.jpg', '', '', '', '', ''),
(174, 'Desire', 174, 8, 3, 'https://is2-ssl.mzstatic.com/image/thumb/Music115/v4/0e/6d/fc/0e6dfc53-386a-bb21-1998-5d157ca87d56/source/100x100bb.jpg', '', '', '', '', ''),
(175, 'Close to You', 175, 15, 112, 'https://is5-ssl.mzstatic.com/image/thumb/Music116/v4/51/7c/df/517cdff9-e8ed-5a9e-03f3-6ac8f385f582/source/100x100bb.jpg', '', '', '', '', ''),
(176, 'Rocks', 176, 8, 113, 'https://is4-ssl.mzstatic.com/image/thumb/Music114/v4/4c/a2/00/4ca2008d-fafd-9afe-55f0-2b8013dde868/source/100x100bb.jpg', '', '', '', '', ''),
(177, 'One Nation Under a Groove', 177, 29, 114, 'https://is1-ssl.mzstatic.com/image/thumb/Music124/v4/30/e4/9e/30e49e44-1b92-b0cc-da6e-db6d16054cc9/source/100x100bb.jpg', '', '', '', '', ''),
(178, 'The Anthology: 1961-1977', 178, 38, 115, '', '', '', '', '', ''),
(179, 'The Definitive Collection', 179, 20, 116, '', '', '', '', '', ''),
(180, 'The Rolling Stones, Now!', 180, 3, 5, 'https://is1-ssl.mzstatic.com/image/thumb/Music114/v4/ab/c5/94/abc59480-0ef4-f8af-3006-98f6d52d21b3/source/100x100bb.jpg', '', '', '', '', ''),
(181, 'Natty Dread', 181, 34, 36, 'https://is5-ssl.mzstatic.com/image/thumb/Music115/v4/5d/78/c6/5d78c607-91b7-8737-8e28-aad3642bae1e/source/100x100bb.jpg', '', '', '', '', ''),
(182, 'Fleetwood Mac', 182, 11, 20, 'https://is5-ssl.mzstatic.com/image/thumb/Music3/v4/e2/8f/e1/e28fe1ac-5e18-dcb0-6509-f7eb71c82b98/source/100x100bb.jpg', '', '', '', '', ''),
(183, 'Red Headed Stranger', 183, 11, 117, 'https://is2-ssl.mzstatic.com/image/thumb/Music49/v4/d1/0b/bf/d10bbfd4-47e6-3d8d-edc8-ae6cb57b04e3/source/100x100bb.jpg', '', '', '', '', ''),
(184, 'The Immaculate Collection', 184, 14, 118, 'https://is4-ssl.mzstatic.com/image/thumb/Music114/v4/24/2a/94/242a9475-33ac-367a-f063-6785460e218f/source/100x100bb.jpg', '', '', '', '', ''),
(185, 'The Stooges', 185, 10, 119, 'https://is1-ssl.mzstatic.com/image/thumb/Music124/v4/c1/86/29/c186297b-298e-8e6b-f884-8fdf0edfc254/source/100x100bb.jpg', '', '', '', '', ''),
(186, 'Fresh', 186, 16, 46, 'https://is4-ssl.mzstatic.com/image/thumb/Music115/v4/da/0c/c9/da0cc940-6440-b0bf-e332-72c364dc19d4/source/100x100bb.jpg', '', '', '', '', ''),
(187, 'So', 187, 27, 120, 'https://is5-ssl.mzstatic.com/image/thumb/Music125/v4/fe/8c/bf/fe8cbf98-a092-b505-1cec-a4d17f2dc9e2/source/100x100bb.jpg', '', '', '', '', ''),
(188, 'Buffalo Springfield Again', 188, 1, 121, 'https://is1-ssl.mzstatic.com/image/thumb/Music/v4/2e/30/98/2e3098ba-fefd-16c6-e5d5-fec11723b2f1/source/100x100bb.jpg', '', '', '', '', ''),
(189, 'Happy Trails', 189, 10, 122, 'https://is5-ssl.mzstatic.com/image/thumb/Music114/v4/fb/ee/2b/fbee2b3b-0966-34c8-e856-16db567eee1d/source/100x100bb.jpg', '', '', '', '', ''),
(190, 'From Elvis in Memphis', 190, 10, 7, 'https://is5-ssl.mzstatic.com/image/thumb/Music124/v4/c1/06/52/c1065212-de19-3c33-2dfb-9ee7c7756026/source/100x100bb.jpg', '', '', '', '', ''),
(191, 'Fun House', 191, 15, 119, 'https://is4-ssl.mzstatic.com/image/thumb/Music114/v4/06/41/c2/0641c252-cb31-12a8-94b5-69fd01a82ca6/source/100x100bb.jpg', '', '', '', '', ''),
(192, 'The Gilded Palace of Sin', 192, 10, 123, 'https://is5-ssl.mzstatic.com/image/thumb/Music115/v4/d2/01/8e/d2018e73-b8f2-5b37-f8ae-fd6f540679ea/source/100x100bb.jpg', '', '', '', '', ''),
(193, 'Dookie', 193, 37, 124, 'https://is2-ssl.mzstatic.com/image/thumb/Music125/v4/3a/3c/20/3a3c207c-67f8-b624-8d93-3277880d717b/source/100x100bb.jpg', '', '', '', '', ''),
(194, 'Transformer', 194, 5, 125, 'https://is4-ssl.mzstatic.com/image/thumb/Music125/v4/27/b6/e6/27b6e6f0-b996-7d35-04a3-8a7662861812/source/100x100bb.jpg', '', '', '', '', ''),
(195, 'Blues Breakers With Eric Clapton (\"The Beano Album\")', 195, 2, 126, '', '', '', '', '', ''),
(196, 'Nuggets: Original Artyfacts From the First Psychedelic Era, 1965-1968', 196, 45, 76, '', '', '', '', '', ''),
(197, 'Murmur', 197, 46, 127, 'https://is3-ssl.mzstatic.com/image/thumb/Music124/v4/2b/19/49/2b194948-fa46-931a-4e75-99ab521196cd/source/100x100bb.jpg', '', '', '', '', ''),
(198, 'The Best of Little Walter', 198, 1, 128, 'https://is2-ssl.mzstatic.com/image/thumb/Music115/v4/b6/81/82/b68182d0-e9f8-fe2c-7091-a3336e6f6383/source/100x100bb.jpg', '', '', '', '', ''),
(199, 'Is This It', 199, 20, 129, 'https://is4-ssl.mzstatic.com/image/thumb/Music115/v4/1d/87/74/1d877440-5b3a-f213-8e29-32ed8a12a811/source/100x100bb.jpg', '', '', '', '', ''),
(200, 'Highway to Hell', 200, 6, 55, 'https://is1-ssl.mzstatic.com/image/thumb/Music115/v4/55/83/41/5583416c-dc96-b68c-567f-3b8235dfca7d/source/100x100bb.jpg', '', '', '', '', ''),
(201, 'The Downward Spiral', 201, 37, 130, 'https://is4-ssl.mzstatic.com/image/thumb/Music115/v4/a8/bf/f5/a8bff58b-cd79-0d04-6f84-d6b0e3e394f4/source/100x100bb.jpg', '', '', '', '', ''),
(202, 'Parsley, Sage, Rosemary and Thyme', 202, 2, 41, 'https://is5-ssl.mzstatic.com/image/thumb/Music113/v4/25/7c/f9/257cf9d5-ed2b-16dc-e945-b01fce11f73b/source/100x100bb.jpg', '', '', '', '', ''),
(203, 'Bad', 203, 19, 14, 'https://is4-ssl.mzstatic.com/image/thumb/Music125/v4/9b/fe/1f/9bfe1f2d-c51e-0427-1075-21aac1f3b874/source/100x100bb.jpg', '', '', '', '', ''),
(204, 'Modern Times', 204, 47, 3, 'https://is1-ssl.mzstatic.com/image/thumb/Music124/v4/77/97/4c/77974cf2-8e0f-d747-74e1-2e9cc0bc16e0/source/100x100bb.jpg', '', '', '', '', ''),
(205, 'Wheels of Fire', 205, 7, 68, 'https://is1-ssl.mzstatic.com/image/thumb/Music125/v4/b2/96/37/b29637d7-514d-e49a-38bb-5adfdaabd125/source/100x100bb.jpg', '', '', '', '', ''),
(206, 'Dirty Mind', 206, 28, 63, 'https://is3-ssl.mzstatic.com/image/thumb/Music124/v4/f8/67/b2/f867b20d-3914-0e17-8553-bb6cb0be931e/source/100x100bb.jpg', '', '', '', '', ''),
(207, 'Abraxas', 207, 15, 97, 'https://is3-ssl.mzstatic.com/image/thumb/Music115/v4/6d/2a/20/6d2a204f-9ee1-3b44-7384-2f738026005a/source/100x100bb.jpg', '', '', '', '', ''),
(208, 'Tea for the Tillerman', 208, 15, 131, 'https://is3-ssl.mzstatic.com/image/thumb/Music125/v4/43/19/bf/4319bfd6-1ccf-dc70-d361-e9a221167986/source/100x100bb.jpg', '', '', '', '', ''),
(209, 'Ten', 209, 12, 132, '', '', '', '', '', ''),
(210, 'Everybody Knows This Is Nowhere', 210, 10, 133, 'https://is3-ssl.mzstatic.com/image/thumb/Music125/v4/26/93/fe/2693feba-85f0-35de-6761-e74e6313a4d7/source/100x100bb.jpg', '', '', '', '', ''),
(211, 'Wish You Were Here', 211, 11, 34, 'https://is3-ssl.mzstatic.com/image/thumb/Music69/v4/d9/c3/66/d9c36649-1d1f-a2a7-c7f9-2bbe36cf3cd6/source/100x100bb.jpg', '', '', '', '', ''),
(212, 'Crooked Rain Crooked Rain', 212, 37, 86, 'https://is2-ssl.mzstatic.com/image/thumb/Music125/v4/b6/e7/ff/b6e7ff5f-3ffc-ab1b-0acc-f8327aef3c0a/source/100x100bb.jpg', '', '', '', '', ''),
(213, 'Tattoo You', 213, 48, 5, 'https://is1-ssl.mzstatic.com/image/thumb/Music124/v4/21/57/2a/21572a26-73c9-ad60-13a5-9347f62ea2ef/source/100x100bb.jpg', '', '', '', '', ''),
(214, 'Proud Mary: The Best of Ike and Tina Turner', 214, 12, 134, 'https://is3-ssl.mzstatic.com/image/thumb/Music114/v4/48/1e/1a/481e1a3f-10f2-00c6-a475-b1b7f3970273/source/100x100bb.jpg', '', '', '', '', ''),
(215, 'New York Dolls', 215, 16, 135, 'https://is2-ssl.mzstatic.com/image/thumb/Music114/v4/e2/df/e7/e2dfe750-4290-689b-31c6-bdd87f3b1099/source/100x100bb.jpg', '', '', '', '', ''),
(216, 'Bo Diddley / Go Bo Diddley', 216, 27, 136, 'https://is5-ssl.mzstatic.com/image/thumb/Music118/v4/bf/54/cf/bf54cf17-5aeb-f2a0-05c8-017c63e6c329/source/100x100bb.jpg', '', '', '', '', ''),
(217, 'Two Steps From the Blues', 217, 49, 137, 'https://is5-ssl.mzstatic.com/image/thumb/Music/v4/d4/d5/ee/d4d5ee6c-6406-f938-9569-2b9313d328bb/source/100x100bb.jpg', '', '', '', '', ''),
(218, 'The Queen Is Dead', 218, 27, 138, 'https://is2-ssl.mzstatic.com/image/thumb/Music115/v4/c6/2e/aa/c62eaaa5-59eb-0585-74ef-b442f03a3168/source/100x100bb.jpg', '', '', '', '', ''),
(219, 'Licensed to Ill', 219, 27, 103, 'https://is1-ssl.mzstatic.com/image/thumb/Music114/v4/69/66/34/6966343d-8f4c-b69a-ae1b-92cdb8bf7540/source/100x100bb.jpg', '', '', '', '', ''),
(220, 'Look-Ka Py Py', 220, 15, 89, 'https://is2-ssl.mzstatic.com/image/thumb/Music/v4/83/60/4a/83604aac-0e65-066c-8b73-24d517db5afb/source/100x100bb.jpg', '', '', '', '', ''),
(221, 'Loveless', 221, 12, 139, 'https://is1-ssl.mzstatic.com/image/thumb/Music125/v4/a9/26/55/a92655e7-a17d-9f9f-c07d-f265e0bc1646/source/100x100bb.jpg', '', '', '', '', ''),
(222, 'New Orleans Piano', 222, 5, 140, 'https://is1-ssl.mzstatic.com/image/thumb/Music3/v4/13/ed/25/13ed2546-c5ed-1ebe-81df-bb097e289256/source/100x100bb.jpg', '', '', '', '', ''),
(223, 'War', 223, 46, 21, 'https://is1-ssl.mzstatic.com/image/thumb/Music115/v4/7b/25/47/7b254742-adf4-53f2-f941-901f14310112/source/100x100bb.jpg', '', '', '', '', ''),
(224, 'The Neil Diamond Collection', 224, 50, 141, 'https://is5-ssl.mzstatic.com/image/thumb/Music128/v4/49/9a/a2/499aa298-e7e4-6ee9-4757-ae0fb58ca52c/source/100x100bb.jpg', '', '', '', '', ''),
(225, 'American Idiot', 225, 40, 124, 'https://is2-ssl.mzstatic.com/image/thumb/Music/v4/dd/39/7a/dd397a2a-21b7-be2f-53f0-c727bd1441c3/source/100x100bb.jpg', '', '', '', '', ''),
(226, 'Nebraska', 226, 13, 12, 'https://is3-ssl.mzstatic.com/image/thumb/Music124/v4/f2/1f/af/f21fafe0-d0b9-414c-d97d-94ac81f9a74b/source/100x100bb.jpg', '', '', '', '', ''),
(227, 'Doolittle', 227, 42, 142, 'https://is3-ssl.mzstatic.com/image/thumb/Music116/v4/b5/ed/16/b5ed16d1-4244-06ba-0f1a-c000da8fb27f/source/100x100bb.jpg', '', '', '', '', ''),
(228, 'Paid in Full', 228, 19, 143, 'https://is1-ssl.mzstatic.com/image/thumb/Music125/v4/f1/9d/c2/f19dc2f2-5b47-1ba9-dd6e-6a8864cc4253/source/100x100bb.jpg', '', '', '', '', ''),
(229, 'Toys in the Attic', 229, 11, 113, 'https://is4-ssl.mzstatic.com/image/thumb/Music123/v4/dc/a5/4b/dca54b49-2f14-e29c-df2f-dd397430e1d4/source/100x100bb.jpg', '', '', '', '', ''),
(230, 'Nick of Time', 230, 42, 144, 'https://is3-ssl.mzstatic.com/image/thumb/Music118/v4/ee/f0/b5/eef0b5f5-09a3-a355-7bbc-8588d415e3cf/source/100x100bb.jpg', '', '', '', '', ''),
(231, 'A Night at the Opera', 231, 11, 145, 'https://is5-ssl.mzstatic.com/image/thumb/Music115/v4/28/6c/15/286c154d-65b0-0ded-74bf-c94df726be5d/source/100x100bb.jpg', '', '', '', '', ''),
(232, 'The Kink Kronikles', 232, 5, 146, 'https://is5-ssl.mzstatic.com/image/thumb/Music124/v4/9e/54/d8/9e54d86c-22c0-1683-1df2-40bdd2658d84/source/100x100bb.jpg', '', '', '', '', ''),
(233, 'Mr. Tambourine Man', 233, 3, 75, 'https://is3-ssl.mzstatic.com/image/thumb/Music/v4/08/39/a4/0839a4b2-69ca-942d-b5ee-55aefe491d20/source/100x100bb.jpg', '', '', '', '', ''),
(234, 'Bookends', 234, 7, 41, 'https://is1-ssl.mzstatic.com/image/thumb/Music115/v4/26/9a/f7/269af7c3-7b54-4e0d-9fb2-478bfb169ba0/source/100x100bb.jpg', '', '', '', '', ''),
(235, 'The Ultimate Collection', 235, 26, 147, '', '', '', '', '', ''),
(236, 'Mr. Excitement!', 236, 38, 148, 'https://is4-ssl.mzstatic.com/image/thumb/Music125/v4/33/4c/76/334c76cb-8888-64ec-8e2b-8f3ca37e805e/source/100x100bb.jpg', '', '', '', '', ''),
(237, 'My Generation', 237, 3, 22, 'https://is1-ssl.mzstatic.com/image/thumb/Music114/v4/fc/44/e3/fc44e3da-16b5-3347-26a4-50965454babe/source/100x100bb.jpg', '', '', '', '', ''),
(238, 'Howlin\' Wolf', 238, 31, 101, 'https://is2-ssl.mzstatic.com/image/thumb/Music124/v4/94/1b/20/941b205d-93d7-206b-2bf4-a9053e631f93/source/100x100bb.jpg', '', '', '', '', ''),
(239, 'Like a Prayer', 239, 42, 118, 'https://is2-ssl.mzstatic.com/image/thumb/Music114/v4/bc/e5/25/bce525db-0afa-c9d6-103e-9443490bb1c9/source/100x100bb.jpg', '', '', '', '', ''),
(240, 'Can\'t Buy a Thrill', 240, 5, 94, 'https://is5-ssl.mzstatic.com/image/thumb/Music115/v4/fb/01/14/fb0114f2-e2b0-52a3-eb8e-26000f89ee0e/source/100x100bb.jpg', '', '', '', '', ''),
(241, 'Let It Be', 241, 21, 87, 'https://is4-ssl.mzstatic.com/image/thumb/Music115/v4/37/f7/37/37f737fc-5055-1311-debc-f8176b5f5444/source/100x100bb.jpg', '', '', '', '', ''),
(242, 'Run D.M.C.', 242, 21, 77, '', '', '', '', '', ''),
(243, 'Black Sabbath', 243, 15, 84, 'https://is5-ssl.mzstatic.com/image/thumb/Music114/v4/ae/b8/f5/aeb8f502-cd95-3d49-d0a2-83a06c99341c/source/100x100bb.jpg', '', '', '', '', ''),
(244, 'The Marshall Mathers LP', 244, 26, 149, 'https://is5-ssl.mzstatic.com/image/thumb/Music115/v4/47/94/ee/4794ee30-5a59-e8e5-a67a-cd2b7db7a8ad/source/100x100bb.jpg', '', '', '', '', ''),
(245, 'All Killer No Filler! The Jerry Lee Lewis Anthology', 245, 51, 150, '', '', '', '', '', ''),
(246, 'Freak Out!', 246, 2, 151, 'https://is4-ssl.mzstatic.com/image/thumb/Music128/v4/7f/7c/b1/7f7cb138-fd47-c8c2-e5ca-5d6bd4f148dd/source/100x100bb.jpg', '', '', '', '', ''),
(247, 'Live/Dead', 247, 10, 152, 'https://is4-ssl.mzstatic.com/image/thumb/Music124/v4/64/33/b8/6433b805-f7e1-2a6e-0bd6-ecad351ff45e/source/100x100bb.jpg', '', '', '', '', ''),
(248, 'The Shape of Jazz to Come', 248, 9, 153, 'https://is5-ssl.mzstatic.com/image/thumb/Music124/v4/62/b6/e5/62b6e562-27f5-fd7d-7b50-157377487df4/source/100x100bb.jpg', '', '', '', '', ''),
(249, 'Automatic for the People', 249, 38, 127, 'https://is5-ssl.mzstatic.com/image/thumb/Music115/v4/b3/4e/10/b34e104c-19c6-8d82-d551-ddbe56b675ea/source/100x100bb.jpg', '', '', '', '', ''),
(250, 'Reasonable Doubt', 250, 52, 154, '', '', '', '', '', ''),
(251, 'Low', 251, 18, 27, 'https://is5-ssl.mzstatic.com/image/thumb/Music124/v4/8b/b3/bc/8bb3bcf5-da27-903d-64f1-749d8c0b7d13/source/100x100bb.jpg', '', '', '', '', ''),
(252, 'The Blueprint', 252, 20, 154, '', '', '', '', '', ''),
(253, 'The River', 253, 28, 12, 'https://is5-ssl.mzstatic.com/image/thumb/Music125/v4/9b/c2/ab/9bc2ab79-1b1c-084d-8638-dcb1e4bfcddf/source/100x100bb.jpg', '', '', '', '', ''),
(254, 'Complete & Unbelievable: The Otis Redding Dictionary of Soul', 254, 2, 56, 'https://is5-ssl.mzstatic.com/image/thumb/Music124/v4/22/27/0f/22270fa7-c5d2-1e82-432c-4c3fde939269/source/100x100bb.jpg', '', '', '', '', ''),
(255, 'Metallica (\"The Black Album\")', 255, 12, 109, 'https://is3-ssl.mzstatic.com/image/thumb/Music115/v4/f0/a2/22/f0a2222e-15f9-df46-e6e0-e8b0b53aad57/source/100x100bb.jpg', '', '', '', '', ''),
(256, 'Trans Europa Express', 256, 18, 155, 'https://is3-ssl.mzstatic.com/image/thumb/Music125/v4/c2/ba/b4/c2bab4fd-2633-9d2a-f642-cb69b48782f5/source/100x100bb.jpg', '', '', '', '', ''),
(257, 'Whitney Houston', 257, 39, 156, 'https://is5-ssl.mzstatic.com/image/thumb/Music125/v4/e9/d7/f9/e9d7f958-6657-172c-ad2d-16ea2003218f/source/100x100bb.jpg', '', '', '', '', ''),
(258, 'The Kinks Are The Village Green Preservation Society', 258, 7, 146, 'https://is3-ssl.mzstatic.com/image/thumb/Music118/v4/3e/b5/7e/3eb57e57-3557-546a-b064-93d0a0e2908f/source/100x100bb.jpg', '', '', '', '', ''),
(259, 'The Velvet Rope', 259, 43, 157, 'https://is5-ssl.mzstatic.com/image/thumb/Music125/v4/b8/b7/fe/b8b7fe0a-dc27-4d8c-f9d2-461fc99dafa5/source/100x100bb.jpg', '', '', '', '', ''),
(260, 'Stardust', 260, 29, 117, 'https://is4-ssl.mzstatic.com/image/thumb/Music113/v4/f0/1f/6f/f01f6fe3-b8c2-69ad-283d-fdfcf53a0532/source/100x100bb.jpg', '', '', '', '', ''),
(261, 'American Beauty', 261, 15, 158, 'https://is5-ssl.mzstatic.com/image/thumb/Music125/v4/e6/e4/0c/e6e40c97-ac21-0f23-ed09-16ea71109fa8/source/100x100bb.jpg', '', '', '', '', ''),
(262, 'Crosby, Stills & Nash', 262, 10, 159, 'https://is3-ssl.mzstatic.com/image/thumb/Music115/v4/08/19/88/08198871-d765-bc29-e958-774871c6147c/source/100x100bb.jpg', '', '', '', '', ''),
(263, 'Tracy Chapman', 263, 22, 160, 'https://is4-ssl.mzstatic.com/image/thumb/Music115/v4/d1/4f/9c/d14f9c25-08e8-ff76-e746-d46723974546/source/100x100bb.jpg', '', '', '', '', ''),
(264, 'Workingman\'s Dead', 264, 15, 158, 'https://is4-ssl.mzstatic.com/image/thumb/Music124/v4/e4/21/4f/e4214f99-b0fd-908e-a858-119c4585bb90/source/100x100bb.jpg', '', '', '', '', ''),
(265, 'The Genius of Ray Charles', 265, 9, 43, 'https://is5-ssl.mzstatic.com/image/thumb/Music125/v4/f5/6d/c7/f56dc7cc-1746-8dc8-674d-5bfd169e3e9e/source/100x100bb.jpg', '', '', '', '', ''),
(266, 'Child Is Father to the Man', 266, 7, 161, 'https://is2-ssl.mzstatic.com/image/thumb/Music/v4/3b/a6/85/3ba68573-d841-1576-380c-6081f9b59cf6/source/100x100bb.jpg', '', '', '', '', ''),
(267, 'Quadrophenia', 267, 16, 22, 'https://is2-ssl.mzstatic.com/image/thumb/Music125/v4/25/03/a0/2503a07b-ccc0-c83f-e055-0d92462e8b0c/source/100x100bb.jpg', '', '', '', '', ''),
(268, 'Paul Simon', 268, 5, 51, 'https://is4-ssl.mzstatic.com/image/thumb/Music125/v4/cf/3a/1a/cf3a1a9c-70d3-1eea-cab3-98a8ced69624/source/100x100bb.jpg', '', '', '', '', ''),
(269, 'Psychocandy', 269, 39, 162, 'https://is3-ssl.mzstatic.com/image/thumb/Music116/v4/1e/61/aa/1e61aad3-5c55-b015-aa9e-f6437f4b6b2d/source/100x100bb.jpg', '', '', '', '', ''),
(270, 'Some Girls', 270, 29, 5, 'https://is3-ssl.mzstatic.com/image/thumb/Music125/v4/6b/62/a7/6b62a78e-1c52-68a1-a388-7b53f78c13d8/source/100x100bb.jpg', '', '', '', '', ''),
(271, 'The Beach Boys Today!', 271, 3, 2, 'https://is5-ssl.mzstatic.com/image/thumb/Music118/v4/79/c5/28/79c52872-5027-0f03-edce-489eeab9c733/source/100x100bb.jpg', '', '', '', '', ''),
(272, 'Dig Me Out', 272, 43, 163, '', '', '', '', '', ''),
(273, 'Going to a Go-Go', 273, 2, 164, 'https://is2-ssl.mzstatic.com/image/thumb/Music118/v4/f4/ff/33/f4ff3307-2e3c-685a-eeba-f827b94b7e75/source/100x100bb.jpg', '', '', '', '', ''),
(274, 'Nightbirds', 274, 34, 165, 'https://is2-ssl.mzstatic.com/image/thumb/Music125/v4/14/51/cc/1451cc2c-9997-e48e-54bc-3fd55ea7ed8a/source/100x100bb.jpg', '', '', '', '', ''),
(275, 'The Slim Shady LP', 275, 50, 149, 'https://is2-ssl.mzstatic.com/image/thumb/Music114/v4/2f/63/18/2f6318f4-df33-e086-992c-51fc732dd555/source/100x100bb.jpg', '', '', '', '', ''),
(276, 'Mothership Connection', 276, 11, 166, 'https://is1-ssl.mzstatic.com/image/thumb/Music118/v4/47/ea/9c/47ea9c84-354b-a81f-ce4f-92d7ae1760bf/source/100x100bb.jpg', '', '', '', '', ''),
(277, 'Rhythm Nation 1814', 277, 42, 167, 'https://is1-ssl.mzstatic.com/image/thumb/Music114/v4/4b/f6/d4/4bf6d435-80bc-37e3-8741-c70db704f5dc/source/100x100bb.jpg', '', '', '', '', ''),
(278, 'Anthology of American Folk Music', 278, 43, 168, '', '', '', '', '', ''),
(279, 'Aladdin Sane', 279, 16, 27, 'https://is1-ssl.mzstatic.com/image/thumb/Music115/v4/9e/e6/14/9ee61419-f8ca-2c10-30fd-e30c15464100/source/100x100bb.jpg', '', '', '', '', ''),
(280, 'All That You Can\'t Leave Behind', 280, 26, 21, 'https://is1-ssl.mzstatic.com/image/thumb/Music124/v4/99/c5/fd/99c5fd8e-7312-a64c-ee3c-2aca96e86b70/source/100x100bb.jpg', '', '', '', '', ''),
(281, 'My Life', 281, 37, 169, 'https://is5-ssl.mzstatic.com/image/thumb/Music124/v4/4f/70/8e/4f708e8f-5ee6-c810-7d51-4df8f1cd8494/source/100x100bb.jpg', '', '', '', '', ''),
(282, 'Folk Singer', 282, 24, 30, 'https://is4-ssl.mzstatic.com/image/thumb/Music128/v4/ea/3c/de/ea3cde2c-6417-7763-7cab-db9bb5e032ac/source/100x100bb.jpg', '', '', '', '', ''),
(283, 'Can\'t Get Enough', 283, 34, 170, 'https://is2-ssl.mzstatic.com/image/thumb/Music125/v4/74/e9/ce/74e9cedd-1a72-107a-1881-5f06d012d6f5/source/100x100bb.jpg', '', '', '', '', ''),
(284, 'The Cars', 284, 29, 171, 'https://is3-ssl.mzstatic.com/image/thumb/Music125/v4/06/7b/2a/067b2ad2-4e96-ae01-cc67-d413f9a3a649/source/100x100bb.jpg', '', '', '', '', ''),
(285, 'Music of My Mind', 285, 5, 18, 'https://is3-ssl.mzstatic.com/image/thumb/Music128/v4/67/0f/96/670f96f9-e68d-069c-1eac-6e79223673e2/source/100x100bb.jpg', '', '', '', '', ''),
(286, 'I\'m Still in Love With You', 286, 5, 42, 'https://is5-ssl.mzstatic.com/image/thumb/Music116/v4/e5/93/13/e5931303-e084-493c-9842-06f054d323e2/source/100x100bb.jpg', '', '', '', '', ''),
(287, 'Los Angeles', 287, 28, 172, 'https://is5-ssl.mzstatic.com/image/thumb/Music115/v4/78/2b/3c/782b3cf1-42dc-21fb-d449-226fa482eb3c/source/100x100bb.jpg', '', '', '', '', ''),
(288, 'Anthem of the Sun', 288, 7, 158, 'https://is4-ssl.mzstatic.com/image/thumb/Music124/v4/6e/40/28/6e402805-e825-047a-c017-e301f9e9182f/source/100x100bb.jpg', '', '', '', '', ''),
(289, 'Something Else by The Kinks', 289, 1, 146, 'https://is5-ssl.mzstatic.com/image/thumb/Music114/v4/49/15/ba/4915baf9-5c58-1293-e130-0f6ec7e12709/source/100x100bb.jpg', '', '', '', '', ''),
(290, 'Call Me', 290, 16, 42, '', '', '', '', '', ''),
(291, 'Talking Heads: 77', 291, 18, 82, 'https://is2-ssl.mzstatic.com/image/thumb/Music124/v4/94/90/51/949051dc-02e2-d792-c459-c6035c4da277/source/100x100bb.jpg', '', '', '', '', ''),
(292, 'The Basement Tapes', 292, 11, 173, 'https://is2-ssl.mzstatic.com/image/thumb/Music4/v4/a3/1c/b8/a31cb85c-1671-26df-e0e7-6ee11f892be7/source/100x100bb.jpg', '', '', '', '', ''),
(293, 'White Light/White Heat', 293, 7, 9, 'https://is1-ssl.mzstatic.com/image/thumb/Music115/v4/f6/20/52/f620527b-cbe7-d1c7-34df-6ae0d06d49a7/source/100x100bb.jpg', '', '', '', '', ''),
(294, 'Kick Out the Jams', 294, 10, 174, 'https://is4-ssl.mzstatic.com/image/thumb/Music124/v4/c3/6c/74/c36c7438-6c39-66e8-0e9e-1044995236ea/source/100x100bb.jpg', '', '', '', '', ''),
(295, 'Songs of Love and Hate', 295, 15, 175, 'https://is5-ssl.mzstatic.com/image/thumb/Music125/v4/5b/ca/18/5bca18c8-af21-5889-7b43-36db0161d55d/source/100x100bb.jpg', '', '', '', '', ''),
(296, 'Meat Is Murder', 296, 39, 138, 'https://is2-ssl.mzstatic.com/image/thumb/Music124/v4/7a/f7/db/7af7dbab-9b03-e4ef-59e6-5615f9982a0c/source/100x100bb.jpg', '', '', '', '', ''),
(297, 'We\'re Only in It for the Money', 297, 7, 151, 'https://is3-ssl.mzstatic.com/image/thumb/Music118/v4/fa/58/77/fa58776c-9f2d-f48a-db01-1cc1116a1b3b/source/100x100bb.jpg', '', '', '', '', ''),
(298, 'The College Dropout', 298, 32, 73, 'https://is2-ssl.mzstatic.com/image/thumb/Music124/v4/47/58/a7/4758a7a3-1588-528e-6a83-37145d1c4ca2/source/100x100bb.jpg', '', '', '', '', ''),
(299, 'Weezer (Blue Album)', 299, 37, 176, 'https://is3-ssl.mzstatic.com/image/thumb/Music124/v4/83/a1/4e/83a14e26-5c09-4e99-351f-67b3b7e46545/source/100x100bb.jpg', '', '', '', '', ''),
(300, 'Master of Reality', 300, 4, 84, 'https://is3-ssl.mzstatic.com/image/thumb/Music114/v4/e7/be/bc/e7bebcb3-97d1-eaa9-f0da-2ecbfefa51a3/source/100x100bb.jpg', '', '', '', '', ''),
(301, 'Coat of Many Colors', 301, 4, 177, 'https://is3-ssl.mzstatic.com/image/thumb/Music/v4/f0/fb/d5/f0fbd59f-3b55-d7b0-46e0-f87ce8da5745/source/100x100bb.jpg', '', '', '', '', ''),
(302, 'Fear of a Black Planet', 302, 14, 38, 'https://is3-ssl.mzstatic.com/image/thumb/Music115/v4/95/b9/a7/95b9a799-ca3a-6eef-58df-e2fd56307006/source/100x100bb.jpg', '', '', '', '', ''),
(303, 'John Wesley Harding', 303, 1, 3, 'https://is5-ssl.mzstatic.com/image/thumb/Music125/v4/fa/48/28/fa48287b-db61-0e83-9f84-6bd18bc6da36/source/100x100bb.jpg', '', '', '', '', ''),
(304, 'Grace', 304, 37, 178, 'https://is3-ssl.mzstatic.com/image/thumb/Music6/v4/b6/63/ce/b663ce62-4b1e-fd95-ed02-7252e0ff6ccb/source/100x100bb.jpg', '', '', '', '', ''),
(305, 'Car Wheels on a Gravel Road', 305, 45, 179, 'https://is4-ssl.mzstatic.com/image/thumb/Music114/v4/c3/6c/da/c36cda80-296f-8f70-f0a1-b76f34fae4b5/source/100x100bb.jpg', '', '', '', '', ''),
(306, 'Odelay', 306, 52, 180, 'https://is5-ssl.mzstatic.com/image/thumb/Music125/v4/c4/f9/f6/c4f9f61f-aadb-a33b-5a54-c3973328af03/source/100x100bb.jpg', '', '', '', '', ''),
(307, 'A Hard Day\'s Night', 307, 24, 1, 'https://is1-ssl.mzstatic.com/image/thumb/Music116/v4/fb/f5/6f/fbf56f09-8ea6-6d00-873f-f325e112b8cc/source/100x100bb.jpg', '', '', '', '', ''),
(308, 'Songs for Swingin\' Lovers!', 308, 25, 67, 'https://is5-ssl.mzstatic.com/image/thumb/Music125/v4/f8/65/62/f86562c6-29df-d29c-d4d4-37483996ffc1/source/100x100bb.jpg', '', '', '', '', ''),
(309, 'Willy and the Poor Boys', 309, 10, 44, 'https://is1-ssl.mzstatic.com/image/thumb/Music115/v4/92/9e/15/929e15c2-1bb7-e597-f3d4-3b51f81049c5/source/100x100bb.jpg', '', '', '', '', ''),
(310, 'Blood Sugar Sex Magik', 310, 12, 181, 'https://is1-ssl.mzstatic.com/image/thumb/Music115/v4/93/e5/e4/93e5e492-6594-9147-4b36-e4d742b9b85b/source/100x100bb.jpg', '', '', '', '', ''),
(311, 'The Sun Records Collection', 311, 37, 168, '', '', '', '', '', ''),
(312, 'Nothing\'s Shocking', 312, 22, 182, 'https://is4-ssl.mzstatic.com/image/thumb/Music124/v4/8d/13/04/8d1304b3-b9d4-c413-c057-bfe7c48f473a/source/100x100bb.jpg', '', '', '', '', ''),
(313, 'MTV Unplugged in New York', 313, 37, 11, 'https://is2-ssl.mzstatic.com/image/thumb/Music115/v4/6b/80/82/6b808262-1f95-a926-3d2d-ac71fc0b675a/source/100x100bb.jpg', '', '', '', '', ''),
(314, 'The Miseducation of Lauryn Hill', 314, 45, 183, 'https://is5-ssl.mzstatic.com/image/thumb/Music115/v4/45/c7/25/45c725ff-9ff3-90d0-6246-be8dd9cc9544/source/100x100bb.jpg', '', '', '', '', ''),
(315, 'Damn the Torpedoes', 315, 6, 184, '', '', '', '', '', ''),
(316, 'The Velvet Underground', 316, 10, 9, 'https://is2-ssl.mzstatic.com/image/thumb/Music124/v4/70/a6/63/70a6630d-8dd7-c1a3-656c-f88c80cbbf52/source/100x100bb.jpg', '', '', '', '', ''),
(317, 'Surfer Rosa', 317, 22, 142, 'https://is3-ssl.mzstatic.com/image/thumb/Music125/v4/37/cd/fd/37cdfd47-89d2-6f7b-209d-01763173ff22/source/100x100bb.jpg', '', '', '', '', ''),
(318, 'Back Stabbers', 318, 5, 185, 'https://is1-ssl.mzstatic.com/image/thumb/Music115/v4/02/de/44/02de449f-97bb-851e-19f0-c21762d82734/source/100x100bb.jpg', '', '', '', '', ''),
(319, 'Burnin\'', 319, 16, 80, 'https://is3-ssl.mzstatic.com/image/thumb/Music114/v4/ca/8e/13/ca8e13d6-a527-0e79-8466-7d9da7a83965/source/100x100bb.jpg', '', '', '', '', ''),
(320, 'Amnesiac', 320, 20, 49, 'https://is1-ssl.mzstatic.com/image/thumb/Music116/v4/4f/e2/da/4fe2da7d-b3ad-5318-4d20-c36c2e1e06ab/source/100x100bb.jpg', '', '', '', '', ''),
(321, 'Pink Moon', 321, 5, 186, 'https://is5-ssl.mzstatic.com/image/thumb/Music124/v4/d2/f5/27/d2f527a1-e262-3d64-6449-02b135ace9a6/source/100x100bb.jpg', '', '', '', '', ''),
(322, 'Sail Away', 322, 5, 187, 'https://is5-ssl.mzstatic.com/image/thumb/Music/v4/ec/a7/d9/eca7d915-2d0a-cca2-4e31-2c1557c58fd7/source/100x100bb.jpg', '', '', '', '', ''),
(323, 'Ghost in the Machine', 323, 48, 188, '', '', '', '', '', ''),
(324, 'Station to Station', 324, 8, 27, 'https://is4-ssl.mzstatic.com/image/thumb/Music128/v4/9a/ac/85/9aac8564-feef-a69e-6b4c-716da5027a02/source/100x100bb.jpg', '', '', '', '', ''),
(325, 'Slowhand', 325, 18, 189, 'https://is2-ssl.mzstatic.com/image/thumb/Music125/v4/9e/0b/0e/9e0b0e69-73df-0edb-d3c0-a1f5b3c5c5c1/source/100x100bb.jpg', '', '', '', '', ''),
(326, 'Disintegration', 326, 42, 190, 'https://is5-ssl.mzstatic.com/image/thumb/Music/v4/5b/12/b6/5b12b668-3900-65c3-02f0-f7dee35603a4/source/100x100bb.jpg', '', '', '', '', ''),
(327, 'Exile in Guyville', 327, 51, 191, 'https://is3-ssl.mzstatic.com/image/thumb/Music125/v4/2f/81/3b/2f813b9e-5262-e513-e3cf-0bb978f5e2b5/source/100x100bb.jpg', '', '', '', '', ''),
(328, 'Daydream Nation', 328, 22, 192, 'https://is2-ssl.mzstatic.com/image/thumb/Music124/v4/4f/a5/cf/4fa5cf68-af32-4900-42cf-c59d1e926695/source/100x100bb.jpg', '', '', '', '', ''),
(329, 'In the Jungle Groove', 329, 27, 19, 'https://is4-ssl.mzstatic.com/image/thumb/Music115/v4/f5/6a/bc/f56abcb9-1e24-e11c-713c-fcf85259f66f/source/100x100bb.jpg', '', '', '', '', ''),
(330, 'Tonight\'s the Night', 330, 11, 53, 'https://is5-ssl.mzstatic.com/image/thumb/Music/v4/e1/58/ed/e158ed24-2fe4-43f9-a528-df5ec2562e35/source/100x100bb.jpg', '', '', '', '', ''),
(331, 'Help!', 331, 3, 1, 'https://is1-ssl.mzstatic.com/image/thumb/Music116/v4/fb/f5/6f/fbf56f09-8ea6-6d00-873f-f325e112b8cc/source/100x100bb.jpg', '', '', '', '', ''),
(332, 'Shoot Out the Lights', 332, 13, 193, 'https://is3-ssl.mzstatic.com/image/thumb/Music1/v4/4c/84/64/4c8464ba-0483-4d83-0dd3-b9ce7df55eb1/source/100x100bb.jpg', '', '', '', '', ''),
(333, 'Wild Gift', 333, 48, 172, 'https://is4-ssl.mzstatic.com/image/thumb/Music124/v4/2e/bd/74/2ebd7467-9388-5ce2-e44c-062fa9dcb9a3/source/100x100bb.jpg', '', '', '', '', ''),
(334, 'Squeezing Out Sparks', 334, 6, 194, 'https://is1-ssl.mzstatic.com/image/thumb/Music114/v4/1d/d7/38/1dd73826-9e6b-7ae6-09c8-f1ce01dc762d/source/100x100bb.jpg', '', '', '', '', ''),
(335, 'Superunknown', 335, 37, 195, 'https://is2-ssl.mzstatic.com/image/thumb/Music125/v4/ee/f2/9a/eef29a84-df66-c429-bbfb-ac6773b7fb1e/source/100x100bb.jpg', '', '', '', '', ''),
(336, 'In Rainbows', 336, 53, 49, 'https://is5-ssl.mzstatic.com/image/thumb/Music125/v4/56/4c/eb/564cebd3-0f19-1ad1-e208-548e98ab1bc3/source/100x100bb.jpg', '', '', '', '', ''),
(337, 'Aqualung', 337, 4, 196, 'https://is4-ssl.mzstatic.com/image/thumb/Music115/v4/ec/2b/c9/ec2bc99d-f7a6-7e0f-0062-43d34ecffc09/source/100x100bb.jpg', '', '', '', '', ''),
(338, 'Cheap Thrills', 338, 7, 197, 'https://is2-ssl.mzstatic.com/image/thumb/Music125/v4/38/45/ec/3845ec81-9b4f-fff4-f791-57aea84059d6/source/100x100bb.jpg', '', '', '', '', ''),
(339, 'The Heart of Saturday Night', 339, 34, 198, 'https://is2-ssl.mzstatic.com/image/thumb/Music115/v4/74/c5/78/74c578e1-7a4f-e1e2-3791-1dd0d6463c3a/source/100x100bb.jpg', '', '', '', '', ''),
(340, 'Damaged', 340, 48, 199, 'https://is1-ssl.mzstatic.com/image/thumb/Music115/v4/95/4b/98/954b9825-4aaf-1953-9133-ac490bde33d9/source/100x100bb.jpg', '', '', '', '', ''),
(341, 'Play', 341, 50, 200, 'https://is2-ssl.mzstatic.com/image/thumb/Music125/v4/a1/9e/b1/a19eb183-b0a5-6765-ec6d-463d40c07e66/source/100x100bb.jpg', '', '', '', '', ''),
(342, 'Violator', 342, 14, 201, 'https://is5-ssl.mzstatic.com/image/thumb/Music125/v4/65/6c/ec/656cec87-860a-9e15-987d-968d3e401ddc/source/100x100bb.jpg', '', '', '', '', ''),
(343, 'Bat Out of Hell', 343, 18, 202, 'https://is5-ssl.mzstatic.com/image/thumb/Music115/v4/c5/e2/3a/c5e23a0d-c0c7-c49c-d676-754b8236976a/source/100x100bb.jpg', '', '', '', '', ''),
(344, 'Berlin', 344, 16, 125, 'https://is5-ssl.mzstatic.com/image/thumb/Music5/v4/c7/0c/8f/c70c8f20-4311-7662-ff57-2b4c369437ab/source/100x100bb.jpg', '', '', '', '', ''),
(345, 'Stop Making Sense', 345, 21, 82, 'https://is4-ssl.mzstatic.com/image/thumb/Music124/v4/ae/5a/b3/ae5ab36d-2164-8d0c-687a-3ed7eaf609aa/source/100x100bb.jpg', '', '', '', '', ''),
(346, '3 Feet High and Rising', 346, 42, 203, '', '', '', '', '', ''),
(347, 'The Piper at the Gates of Dawn', 347, 1, 34, 'https://is4-ssl.mzstatic.com/image/thumb/Music7/v4/98/aa/cf/98aacf1a-1135-0449-bc3b-8520239c57fd/source/100x100bb.jpg', '', '', '', '', ''),
(348, 'Muddy Waters at Newport 1960', 348, 36, 30, 'https://is1-ssl.mzstatic.com/image/thumb/Music123/v4/e3/18/5d/e3185d6f-2bed-f8d9-7e5a-6a7ffe7e9139/source/100x100bb.jpg', '', '', '', '', ''),
(349, 'The Black Album', 349, 32, 154, '', '', '', '', '', ''),
(350, 'Roger the Engineer', 350, 2, 204, 'https://is4-ssl.mzstatic.com/image/thumb/Music124/v4/bc/36/0e/bc360ea4-0a4c-6b9e-48ef-4b986ac425e9/source/100x100bb.jpg', '', '', '', '', ''),
(351, 'Rust Never Sleeps', 351, 6, 133, 'https://is3-ssl.mzstatic.com/image/thumb/Music7/v4/9c/b1/a8/9cb1a89b-b502-e34f-5aff-7d30e55862b1/source/100x100bb.jpg', '', '', '', '', ''),
(352, 'Brothers in Arms', 352, 39, 205, 'https://is5-ssl.mzstatic.com/image/thumb/Music124/v4/8b/f8/58/8bf8584c-a0c0-7a1a-ef81-91acf91919e8/source/100x100bb.jpg', '', '', '', '', ''),
(353, 'My Beautiful Dark Twisted Fantasy', 353, 54, 73, 'https://is4-ssl.mzstatic.com/image/thumb/Music115/v4/d8/cc/c3/d8ccc3c1-d62a-8bd4-425d-650bc81b5cbc/source/100x100bb.jpg', '', '', '', '', ''),
(354, '52nd Street', 354, 29, 50, 'https://is5-ssl.mzstatic.com/image/thumb/Music115/v4/71/96/28/719628ef-7aee-98e5-2998-04a59a3c0686/source/100x100bb.jpg', '', '', '', '', ''),
(355, 'Having a Rave Up', 355, 3, 204, 'https://is3-ssl.mzstatic.com/image/thumb/Music113/v4/16/87/96/168796de-d3b1-4449-c815-f9de8dd5cd26/source/100x100bb.jpg', '', '', '', '', ''),
(356, '12 Songs', 356, 15, 187, 'https://is5-ssl.mzstatic.com/image/thumb/Music4/v4/28/58/4b/28584bb0-8285-0ad1-dae7-b4ff7e0f8cf3/source/100x100bb.jpg', '', '', '', '', ''),
(357, 'Between the Buttons', 357, 1, 5, 'https://is5-ssl.mzstatic.com/image/thumb/Music118/v4/e5/bf/76/e5bf7664-877b-c5e7-0205-36930cedb3c8/source/100x100bb.jpg', '', '', '', '', ''),
(358, 'Sketches of Spain', 358, 36, 8, 'https://is4-ssl.mzstatic.com/image/thumb/Music/v4/84/c6/0f/84c60fb9-1fb4-1d02-2d7e-5e7b9e7bcb73/source/100x100bb.jpg', '', '', '', '', ''),
(359, 'Honky Chateau', 359, 5, 61, 'https://is4-ssl.mzstatic.com/image/thumb/Music115/v4/2d/16/18/2d161850-dd7d-c5e2-4a44-d6dfedd82a9c/source/100x100bb.jpg', '', '', '', '', ''),
(360, 'Singles Going Steady', 360, 6, 206, 'https://is5-ssl.mzstatic.com/image/thumb/Music124/v4/67/7f/16/677f16be-a863-7395-0514-70d68670b610/source/100x100bb.jpg', '', '', '', '', ''),
(361, 'Stankonia', 361, 26, 207, 'https://is5-ssl.mzstatic.com/image/thumb/Music113/v4/3f/d1/94/3fd19490-a4f0-419d-477d-210fb3c73d43/source/100x100bb.jpg', '', '', '', '', ''),
(362, 'Siamese Dream', 362, 51, 208, 'https://is3-ssl.mzstatic.com/image/thumb/Music124/v4/c6/12/00/c612003e-842d-597e-ed84-3d3b5b96acf1/source/100x100bb.jpg', '', '', '', '', ''),
(363, 'Substance 1987', 363, 19, 209, '', '', '', '', '', ''),
(364, 'L.A. Woman', 364, 4, 33, 'https://is1-ssl.mzstatic.com/image/thumb/Music115/v4/16/70/3c/16703cf4-2cb1-b90f-d64d-ecbb428713a4/source/100x100bb.jpg', '', '', '', '', ''),
(365, 'Rage Against the Machine', 365, 38, 210, 'https://is5-ssl.mzstatic.com/image/thumb/Music125/v4/19/f1/15/19f115a7-bc4d-bfdc-2c69-0787463e8419/source/100x100bb.jpg', '', '', '', '', ''),
(366, 'American Recordings', 366, 37, 59, 'https://is3-ssl.mzstatic.com/image/thumb/Music124/v4/d9/5b/10/d95b105e-17e3-435c-cb18-e9defb410a03/source/100x100bb.jpg', '', '', '', '', ''),
(367, 'Ray of Light', 367, 45, 118, 'https://is5-ssl.mzstatic.com/image/thumb/Music115/v4/27/23/82/27238285-4449-eaff-a3de-e528cd7f4f2a/source/100x100bb.jpg', '', '', '', '', ''),
(368, 'Eagles', 368, 5, 29, 'https://is4-ssl.mzstatic.com/image/thumb/Music125/v4/b5/0a/7a/b50a7a10-3ac5-6951-5527-9dbb5e9dc7fd/source/100x100bb.jpg', '', '', '', '', ''),
(369, 'Louder Than Bombs', 369, 19, 138, 'https://is3-ssl.mzstatic.com/image/thumb/Music115/v4/92/7a/bf/927abf79-7614-3c83-9238-93452853d07b/source/100x100bb.jpg', '', '', '', '', ''),
(370, 'Mott', 370, 16, 211, 'https://is5-ssl.mzstatic.com/image/thumb/Music/v4/0c/82/c4/0c82c433-a378-f4e6-3060-e18d0c5ebf65/source/100x100bb.jpg', '', '', '', '', ''),
(371, 'Whatever People Say I Am, That\'s What I\'m Not', 371, 47, 212, 'https://is2-ssl.mzstatic.com/image/thumb/Music114/v4/cf/c2/57/cfc257d9-2af7-2626-4032-33652227f0f4/source/100x100bb.jpg', '', '', '', '', ''),
(372, 'Reggatta de Blanc', 372, 6, 188, 'https://is2-ssl.mzstatic.com/image/thumb/Music114/v4/d5/33/db/d533db25-ba93-042f-7feb-ae615dc2cb10/source/100x100bb.jpg', '', '', '', '', ''),
(373, 'Volunteers', 373, 10, 95, 'https://is1-ssl.mzstatic.com/image/thumb/Music124/v4/c9/96/e6/c996e631-1a3f-d1c5-4a58-7d5b2aa336cb/source/100x100bb.jpg', '', '', '', '', ''),
(374, 'Siren', 374, 11, 213, 'https://is3-ssl.mzstatic.com/image/thumb/Music128/v4/f8/8a/12/f88a120d-750b-5861-8d43-c24e1957e332/source/100x100bb.jpg', '', '', '', '', ''),
(375, 'Late for the Sky', 375, 34, 214, 'https://is3-ssl.mzstatic.com/image/thumb/Music124/v4/31/32/02/31320230-6f59-7808-95b8-031692af95d6/source/100x100bb.jpg', '', '', '', '', ''),
(376, 'Post', 376, 33, 215, '', '', '', '', '', ''),
(377, 'The Ultimate Collection: 1948-1990', 377, 12, 216, '', '', '', '', '', ''),
(378, '(What\'s the Story) Morning Glory?', 378, 33, 217, 'https://is2-ssl.mzstatic.com/image/thumb/Music113/v4/f1/91/ef/f191effe-4cf2-932b-f2cf-a724454d2d49/source/100x100bb.jpg', '', '', '', '', ''),
(379, 'CrazySexyCool', 379, 37, 218, 'https://is4-ssl.mzstatic.com/image/thumb/Music125/v4/37/4e/87/374e8747-6059-add5-b3d7-8bdc9a56090b/source/100x100bb.jpg', '', '', '', '', ''),
(380, 'Funky Kingston', 380, 16, 219, 'https://is3-ssl.mzstatic.com/image/thumb/Music124/v4/2d/51/62/2d5162d3-fa2a-b7c2-1737-93d1ae83f4c3/source/100x100bb.jpg', '', '', '', '', ''),
(381, 'The Smile Sessions', 381, 55, 2, 'https://is4-ssl.mzstatic.com/image/thumb/Music4/v4/64/e5/bb/64e5bb1b-d7e3-9b4d-4a05-fa8b8e808837/source/100x100bb.jpg', '', '', '', '', ''),
(382, 'The Modern Lovers', 382, 8, 220, 'https://is1-ssl.mzstatic.com/image/thumb/Music125/v4/10/00/59/1000596e-b645-0c28-f970-2b5cdfc6cba8/source/100x100bb.jpg', '', '', '', '', ''),
(383, 'More Songs About Buildings and Food', 383, 29, 82, 'https://is4-ssl.mzstatic.com/image/thumb/Music/v4/ee/0d/1a/ee0d1a01-cb52-006f-69b6-b737660e8fcf/source/100x100bb.jpg', '', '', '', '', ''),
(384, 'A Quick One', 384, 2, 22, 'https://is3-ssl.mzstatic.com/image/thumb/Music128/v4/6c/63/83/6c63833d-4c43-46d1-ce9a-c77aba22228f/source/100x100bb.jpg', '', '', '', '', ''),
(385, '\"Love and Theft\"', 385, 20, 3, 'https://is1-ssl.mzstatic.com/image/thumb/Music/v4/99/7c/1a/997c1a2b-669f-d510-bd52-a44cc071a2e0/source/100x100bb.jpg', '', '', '', '', ''),
(386, 'Pretzel Logic', 386, 34, 94, 'https://is3-ssl.mzstatic.com/image/thumb/Music115/v4/cf/3f/c7/cf3fc739-3b30-2502-5963-200116007cd8/source/100x100bb.jpg', '', '', '', '', ''),
(387, 'Enter the Wu_Tang: 36 Chambers', 387, 51, 221, '', '', '', '', '', ''),
(388, 'The Indestructible Beat of Soweto', 388, 39, 76, '', '', '', '', '', ''),
(389, 'The End of the Innocence', 389, 42, 222, 'https://is2-ssl.mzstatic.com/image/thumb/Music115/v4/02/ef/6a/02ef6a1d-7152-ce74-2f94-4e55c0ac5e7f/source/100x100bb.jpg', '', '', '', '', ''),
(390, 'Elephant', 390, 32, 223, 'https://is2-ssl.mzstatic.com/image/thumb/Music124/v4/d6/79/1a/d6791a08-ded6-3d0c-8532-5ad156980006/source/100x100bb.jpg', '', '', '', '', ''),
(391, 'The Pretender', 391, 8, 214, 'https://is1-ssl.mzstatic.com/image/thumb/Music/v4/63/e8/ed/63e8ed6a-fc70-d09f-33b6-ff5284ce03e8/source/100x100bb.jpg', '', '', '', '', ''),
(392, 'Let It Be', 392, 15, 1, 'https://is5-ssl.mzstatic.com/image/thumb/Music115/v4/69/79/c2/6979c26c-4fe5-3b45-0b9e-588cc9cd0687/source/100x100bb.jpg', '', '', '', '', ''),
(393, 'Kala', 393, 53, 224, 'https://is4-ssl.mzstatic.com/image/thumb/Music115/v4/5e/9c/31/5e9c31b3-d510-c737-4419-6757d7b6457d/source/100x100bb.jpg', '', '', '', '', ''),
(394, 'Good Old Boys', 394, 34, 187, 'https://is1-ssl.mzstatic.com/image/thumb/Music124/v4/81/aa/ef/81aaef35-cc99-b4a5-c927-86ef6faaa981/source/100x100bb.jpg', '', '', '', '', ''),
(395, 'Sound of Silver', 395, 53, 225, 'https://is1-ssl.mzstatic.com/image/thumb/Music125/v4/82/99/00/829900af-5e26-4b70-9bf8-a0989286a03a/source/100x100bb.jpg', '', '', '', '', ''),
(396, 'For Your Pleasure', 396, 16, 213, 'https://is2-ssl.mzstatic.com/image/thumb/Music124/v4/64/9a/11/649a1182-a3ab-0c27-e030-32dd53abdba2/source/100x100bb.jpg', '', '', '', '', ''),
(397, 'Blue Lines', 397, 12, 226, 'https://is3-ssl.mzstatic.com/image/thumb/Music115/v4/59/a1/eb/59a1ebfe-8a87-683d-9e60-1f4cd12df7e4/source/100x100bb.jpg', '', '', '', '', ''),
(398, 'Eliminator', 398, 46, 227, 'https://is1-ssl.mzstatic.com/image/thumb/Music115/v4/c9/34/f4/c934f41a-4211-a8c7-36c2-8b8812c3cb26/source/100x100bb.jpg', '', '', '', '', ''),
(399, 'Rain Dogs', 399, 39, 198, 'https://is4-ssl.mzstatic.com/image/thumb/Music114/v4/cf/db/90/cfdb9084-d29d-5ee7-c23d-2cf8802e59c2/source/100x100bb.jpg', '', '', '', '', ''),
(400, 'Anthology: The Best of The Temptations', 400, 33, 228, '', '', '', '', '', ''),
(401, 'Californication', 401, 50, 181, 'https://is3-ssl.mzstatic.com/image/thumb/Music125/v4/4f/fe/e6/4ffee641-1876-29c6-2307-0dcdc660cd9a/source/100x100bb.jpg', '', '', '', '', ''),
(402, 'Illmatic', 402, 37, 229, 'https://is1-ssl.mzstatic.com/image/thumb/Music115/v4/e8/98/bb/e898bb07-354d-a91e-cc25-2e46815397a8/source/100x100bb.jpg', '', '', '', '', ''),
(403, '(pronounced \'leh-\'nerd \'skin-\'nerd)', 403, 16, 230, 'https://is5-ssl.mzstatic.com/image/thumb/Music125/v4/47/5f/5c/475f5c1b-3d43-89be-8a31-bf297dcdcf84/source/100x100bb.jpg', '', '', '', '', ''),
(404, 'Dr. John\'s Gumbo', 404, 5, 231, 'https://is5-ssl.mzstatic.com/image/thumb/Music/v4/90/c9/49/90c9497c-6467-8379-07d9-cb387109f9d0/source/100x100bb.jpg', '', '', '', '', ''),
(405, 'Radio City', 405, 34, 232, 'https://is4-ssl.mzstatic.com/image/thumb/Music115/v4/ac/2b/66/ac2b6638-abea-b6ff-05d7-54150bd4a9f2/source/100x100bb.jpg', '', '', '', '', ''),
(406, 'Rid of Me', 406, 51, 233, 'https://is4-ssl.mzstatic.com/image/thumb/Music124/v4/d2/c0/8a/d2c08a14-39ab-9f29-e67e-60dd50748607/source/100x100bb.jpg', '', '', '', '', ''),
(407, 'Sandinista!', 407, 28, 6, 'https://is1-ssl.mzstatic.com/image/thumb/Music124/v4/f1/db/4b/f1db4b09-091c-d38e-018a-91c9c43cab68/source/100x100bb.jpg', '', '', '', '', ''),
(408, 'I Do Not Want What I Haven\'t Got', 408, 42, 234, '', '', '', '', '', ''),
(409, 'Strange Days', 409, 1, 33, 'https://is1-ssl.mzstatic.com/image/thumb/Music115/v4/16/70/3c/16703cf4-2cb1-b90f-d64d-ecbb428713a4/source/100x100bb.jpg', '', '', '', '', ''),
(410, 'Time Out of Mind', 410, 43, 3, 'https://is1-ssl.mzstatic.com/image/thumb/Music/v4/28/c9/72/28c97299-2ce3-f149-df5a-d1eda41b0972/source/100x100bb.jpg', '', '', '', '', ''),
(411, '461 Ocean Boulevard', 411, 34, 189, 'https://is3-ssl.mzstatic.com/image/thumb/Music115/v4/6a/b7/7e/6ab77e90-ea78-ee9b-4b17-42c9ec94f68a/source/100x100bb.jpg', '', '', '', '', ''),
(412, 'Pink Flag', 412, 18, 235, 'https://is2-ssl.mzstatic.com/image/thumb/Music115/v4/91/fe/8d/91fe8d2e-534f-ec5e-bf7c-6601e467063a/source/100x100bb.jpg', '', '', '', '', ''),
(413, 'Double Nickels on the Dime', 413, 21, 236, 'https://is5-ssl.mzstatic.com/image/thumb/Music115/v4/16/32/a4/1632a4c9-5703-9274-0f82-a0a87523003e/source/100x100bb.jpg', '', '', '', '', ''),
(414, 'Beauty and the Beat', 414, 48, 237, NULL, '', '', '', '', ''),
(415, 'Van Halen', 415, 29, 238, 'https://is3-ssl.mzstatic.com/image/thumb/Music125/v4/a4/54/f5/a454f539-b695-de25-9b04-48c0e7b470eb/source/100x100bb.jpg', '', '', '', '', ''),
(416, 'Mule Variations', 416, 50, 198, 'https://is1-ssl.mzstatic.com/image/thumb/Music124/v4/87/35/a6/8735a6b0-7132-c6f2-0869-31af6e002cd0/source/100x100bb.jpg', '', '', '', '', ''),
(417, 'Boy', 417, 28, 21, 'https://is1-ssl.mzstatic.com/image/thumb/Music115/v4/33/d4/7e/33d47e48-7016-8a21-d8a0-e4e06a41ab38/source/100x100bb.jpg', '', '', '', '', ''),
(418, 'Band on the Run', 418, 16, 239, 'https://is4-ssl.mzstatic.com/image/thumb/Music114/v4/f1/58/be/f158be79-35af-7bf8-6933-7fbc2098ace0/source/100x100bb.jpg', '', '', '', '', ''),
(419, 'Dummy', 419, 37, 240, 'https://is5-ssl.mzstatic.com/image/thumb/Music125/v4/a4/e1/0d/a4e10de6-e7df-3fd0-1801-c34ba837bf81/source/100x100bb.jpg', '', '', '', '', ''),
(420, 'The \"Chirping\" Crickets', 420, 23, 241, 'https://is4-ssl.mzstatic.com/image/thumb/Music115/v4/77/28/ca/7728ca24-5e62-25d1-4882-b5488614ca54/source/100x100bb.jpg', '', '', '', '', ''),
(421, 'The Best of the Girl Groups, Volume 1', 421, 14, 76, NULL, '', '', '', '', ''),
(422, 'Presenting the Fabulous Ronettes Featuring Veronica', 422, 17, 242, 'https://is4-ssl.mzstatic.com/image/thumb/Music115/v4/1d/95/17/1d95177e-0007-8e77-8fb4-a280b9821690/source/100x100bb.jpg', '', '', '', '', ''),
(423, 'Anthology', 423, 20, 243, 'https://is5-ssl.mzstatic.com/image/thumb/Music124/v4/c4/e6/f0/c4e6f098-1125-2232-3012-b5792485c460/source/100x100bb.jpg', '', '', '', '', ''),
(424, 'The Rising', 424, 44, 12, 'https://is4-ssl.mzstatic.com/image/thumb/Music124/v4/ca/58/0b/ca580b39-828b-9af1-ec92-f0191e421338/source/100x100bb.jpg', '', '', '', '', ''),
(425, 'Grievous Angel', 425, 34, 244, 'https://is5-ssl.mzstatic.com/image/thumb/Music125/v4/77/a0/a4/77a0a4f0-41d6-1ad8-52c8-5d8dc8ad4212/source/100x100bb.jpg', '', '', '', '', ''),
(426, 'Cheap Trick at Budokan', 426, 29, 245, 'https://is3-ssl.mzstatic.com/image/thumb/Music125/v4/e8/8c/65/e88c6542-a27d-e5e3-afe2-44412176c33b/source/100x100bb.jpg', '', '', '', '', ''),
(427, 'Sleepless', 427, 44, 246, 'https://is4-ssl.mzstatic.com/image/thumb/Music/v4/3f/b2/97/3fb297af-2377-1490-348f-cf04e24ec3ac/source/100x100bb.jpg', '', '', '', '', ''),
(428, 'Outlandos d\'Amour', 428, 29, 188, 'https://is1-ssl.mzstatic.com/image/thumb/Music126/v4/54/6f/85/546f85aa-740b-8724-5839-2a9e180a9578/source/100x100bb.jpg', '', '', '', '', ''),
(429, 'Another Green World', 429, 11, 247, 'https://is4-ssl.mzstatic.com/image/thumb/Music115/v4/96/8e/d6/968ed635-0550-2ce9-e7b9-39a921d64cc5/source/100x100bb.jpg', '', '', '', '', ''),
(430, 'Vampire Weekend', 430, 53, 248, 'https://is5-ssl.mzstatic.com/image/thumb/Music115/v4/e4/df/95/e4df9571-a8f9-fd06-0c5c-d35dc8788dd7/source/100x100bb.jpg', '', '', '', '', '');
INSERT INTO `album` (`album_id`, `album_name`, `album_ranking`, `year_id`, `artist_id`, `album_image_url`, `album_preview_url`, `album_collection_view_url`, `album_collection_price`, `album_price_currency`, `album_country`) VALUES
(431, 'Stories From the City, Stories From the Sea', 431, 26, 233, 'https://is5-ssl.mzstatic.com/image/thumb/Music128/v4/3f/4d/31/3f4d31a3-bdce-4b9e-4ab2-c1064f35ff49/source/100x100bb.jpg', '', '', '', '', ''),
(432, 'Here Come the Warm Jets', 432, 16, 247, 'https://is4-ssl.mzstatic.com/image/thumb/Music125/v4/e9/e2/85/e9e28511-e5c5-5c2e-277e-bbef3d2b2279/source/100x100bb.jpg', '', '', '', '', ''),
(433, 'All Things Must Pass', 433, 15, 249, 'https://is4-ssl.mzstatic.com/image/thumb/Music124/v4/d9/21/e1/d921e17b-5e60-0bf1-e3e6-ab9b71327fde/source/100x100bb.jpg', '', '', '', '', ''),
(434, '#1 Record', 434, 5, 232, 'https://is1-ssl.mzstatic.com/image/thumb/Music128/v4/02/7b/49/027b4970-fc6e-540c-c89f-cbf79081597c/source/100x100bb.jpg', '', '', '', '', ''),
(435, 'In Utero', 435, 51, 11, 'https://is3-ssl.mzstatic.com/image/thumb/Music125/v4/d7/09/b7/d709b782-a5ae-55c0-9e58-cf2e69498197/source/100x100bb.jpg', '', '', '', '', ''),
(436, 'Sea Change', 436, 44, 180, 'https://is3-ssl.mzstatic.com/image/thumb/Music115/v4/6e/79/c0/6e79c033-67e7-946e-e7cc-b80dcc9f1a16/source/100x100bb.jpg', '', '', '', '', ''),
(437, 'Tha Carter III', 437, 56, 250, 'https://is5-ssl.mzstatic.com/image/thumb/Music114/v4/79/87/5d/79875de2-f9d9-835a-546f-3470401120dc/source/100x100bb.jpg', '', '', '', '', ''),
(438, 'Boys Don\'t Cry', 438, 6, 190, 'https://is2-ssl.mzstatic.com/image/thumb/Music124/v4/56/43/63/5643634d-1b48-56db-b363-1a01a5bdda14/source/100x100bb.jpg', '', '', '', '', ''),
(439, 'Live at the Harlem Square Club, 1963', 439, 39, 70, 'https://is2-ssl.mzstatic.com/image/thumb/Music124/v4/12/8d/dc/128ddc42-b730-8b03-d8c8-393bc1ff1948/source/100x100bb.jpg', '', '', '', '', ''),
(440, 'Rum Sodomy & the Lash', 440, 39, 251, 'https://is4-ssl.mzstatic.com/image/thumb/Music/v4/d8/1c/59/d81c591e-8068-a022-5426-9c6aa9c3ce56/source/100x100bb.jpg', '', '', '', '', ''),
(441, 'Suicide', 441, 18, 252, NULL, '', '', '', '', ''),
(442, 'Q: Are We Not Men? A: We Are Devo!', 442, 29, 253, 'https://is4-ssl.mzstatic.com/image/thumb/Music124/v4/56/df/fe/56dffea5-78d8-d297-e8b8-1dfed4279824/source/100x100bb.jpg', '', '', '', '', ''),
(443, 'In Color', 443, 18, 245, 'https://is2-ssl.mzstatic.com/image/thumb/Music115/v4/d3/5d/f2/d35df2e0-0cfc-2ec2-1a2a-5845f24a0322/source/100x100bb.jpg', '', '', '', '', ''),
(444, 'The World Is a Ghetto', 444, 5, 254, 'https://is2-ssl.mzstatic.com/image/thumb/Music124/v4/10/97/1b/10971be0-6cf7-b2ea-1ca4-a89244d8ebc0/source/100x100bb.jpg', '', '', '', '', ''),
(445, 'Fly Like an Eagle', 445, 8, 255, 'https://is2-ssl.mzstatic.com/image/thumb/Music125/v4/46/57/7c/46577cef-1800-e914-f4ed-5def6e81e89d/source/100x100bb.jpg', '', '', '', '', ''),
(446, 'Back in the USA', 446, 15, 174, 'https://is5-ssl.mzstatic.com/image/thumb/Music/v4/4e/07/f9/4e07f96e-7d7a-1491-a3ce-9df3b06064c5/source/100x100bb.jpg', '', '', '', '', ''),
(447, 'Getz / Gilberto', 447, 24, 256, 'https://is1-ssl.mzstatic.com/image/thumb/Music124/v4/53/60/f3/5360f370-018c-82eb-7288-f58ff5c672a3/source/100x100bb.jpg', '', '', '', '', ''),
(448, 'Synchronicity', 448, 46, 188, 'https://is5-ssl.mzstatic.com/image/thumb/Music125/v4/06/5f/d4/065fd4a9-816d-2bb8-7ecc-e523c64c7943/source/100x100bb.jpg', '', '', '', '', ''),
(449, 'Third/Sister Lovers', 449, 29, 232, NULL, '', '', '', '', ''),
(450, 'For Everyman', 450, 16, 214, 'https://is1-ssl.mzstatic.com/image/thumb/Music/v4/63/e8/ed/63e8ed6a-fc70-d09f-33b6-ff5284ce03e8/source/100x100bb.jpg', '', '', '', '', ''),
(451, 'Back to Black', 451, 47, 257, 'https://is3-ssl.mzstatic.com/image/thumb/Music125/v4/fc/cc/14/fccc1413-d196-51ad-4c83-25a59ee8fad7/source/100x100bb.jpg', '', '', '', '', ''),
(452, 'John Prine', 452, 4, 258, 'https://is2-ssl.mzstatic.com/image/thumb/Music5/v4/c3/63/6e/c3636eee-cc09-6203-5de0-81840bffffe4/source/100x100bb.jpg', '', '', '', '', ''),
(453, 'Strictly Business', 453, 19, 259, 'https://is2-ssl.mzstatic.com/image/thumb/Music118/v4/00/d9/fe/00d9fe46-2dc7-1839-2ad4-459baf4f7d32/source/100x100bb.jpg', '', '', '', '', ''),
(454, 'Love It to Death', 454, 4, 260, 'https://is5-ssl.mzstatic.com/image/thumb/Music124/v4/ab/2f/40/ab2f4029-b07b-8178-ec39-dc42cfe94ca9/source/100x100bb.jpg', '', '', '', '', ''),
(455, 'How Will the Wolf Survive?', 455, 21, 261, 'https://is1-ssl.mzstatic.com/image/thumb/Music115/v4/db/c4/77/dbc47743-ad19-d539-1fe5-218eeda309b4/source/100x100bb.jpg', '', '', '', '', ''),
(456, 'Here, My Dear', 456, 29, 4, 'https://is3-ssl.mzstatic.com/image/thumb/Music124/v4/c5/a4/ef/c5a4ef3a-92ab-612d-4c05-3f17a459502f/source/100x100bb.jpg', '', '', '', '', ''),
(457, 'Z', 457, 35, 262, 'https://is3-ssl.mzstatic.com/image/thumb/Music125/v4/07/18/67/0718674c-c92b-95fc-bd8c-5a0af5941e06/source/100x100bb.jpg', '', '', '', '', ''),
(458, 'Tumbleweed Connection', 458, 15, 61, 'https://is2-ssl.mzstatic.com/image/thumb/Music128/v4/5a/7b/b3/5a7bb370-e1a2-8fad-c2a9-66dc367b0601/source/100x100bb.jpg', '', '', '', '', ''),
(459, 'The Drifters\' Golden Hits', 459, 7, 263, 'https://is4-ssl.mzstatic.com/image/thumb/Music125/v4/fd/7d/03/fd7d032d-5e89-8e74-49e8-c9a33c358434/source/100x100bb.jpg', '', '', '', '', ''),
(460, 'Live Through This', 460, 37, 264, 'https://is3-ssl.mzstatic.com/image/thumb/Music114/v4/15/91/1b/15911bb5-a1c4-98cb-36d5-d6a166ea36e6/source/100x100bb.jpg', '', '', '', '', ''),
(461, 'Metal Box', 461, 6, 265, NULL, '', '', '', '', ''),
(462, 'Document', 462, 19, 127, 'https://is3-ssl.mzstatic.com/image/thumb/Music125/v4/39/a9/85/39a9851a-9e07-f392-d178-b76c00e85944/source/100x100bb.jpg', '', '', '', '', ''),
(463, 'Heaven Up Here', 463, 48, 266, NULL, '', '', '', '', ''),
(464, 'Hysteria', 464, 19, 267, 'https://is4-ssl.mzstatic.com/image/thumb/Music/v4/7b/e4/8c/7be48cfe-7cb3-5e72-211f-bf8230504d73/source/100x100bb.jpg', '', '', '', '', ''),
(465, '69 Love Songs', 465, 50, 268, 'https://is2-ssl.mzstatic.com/image/thumb/Music124/v4/f0/e8/ba/f0e8bae9-b952-e9d9-3f56-78a497bafc2b/source/100x100bb.jpg', '', '', '', '', ''),
(466, 'A Rush of Blood to the Head', 466, 44, 269, 'https://is4-ssl.mzstatic.com/image/thumb/Music115/v4/85/3e/f0/853ef08a-f96a-61f8-f7a8-1e59af0af0cd/source/100x100bb.jpg', '', '', '', '', ''),
(467, 'Tunnel of Love', 467, 19, 12, 'https://is2-ssl.mzstatic.com/image/thumb/Music124/v4/2f/4b/c3/2f4bc3e2-77d8-ab4c-ac53-e7989f142e14/source/100x100bb.jpg', '', '', '', '', ''),
(468, 'The Paul Butterfield Blues Band', 468, 3, 270, 'https://is2-ssl.mzstatic.com/image/thumb/Music115/v4/e5/06/86/e5068624-1804-55bf-4aeb-fe741c836a1d/source/100x100bb.jpg', '', '', '', '', ''),
(469, 'The Score', 469, 52, 271, 'https://is4-ssl.mzstatic.com/image/thumb/Music115/v4/0c/ba/e4/0cbae4f4-384b-a7a6-9de9-11e9a8418630/source/100x100bb.jpg', '', '', '', '', ''),
(470, 'Radio', 470, 39, 272, NULL, '', '', '', '', ''),
(471, 'I Want to See the Bright Lights Tonight', 471, 34, 193, 'https://is3-ssl.mzstatic.com/image/thumb/Music125/v4/f9/43/b4/f943b4e0-ead3-a6d2-8439-d35830a32ea4/source/100x100bb.jpg', '', '', '', '', ''),
(472, 'Faith', 472, 19, 273, 'https://is3-ssl.mzstatic.com/image/thumb/Music125/v4/bc/f3/6a/bcf36a9d-ac79-0b77-9033-ef733a64d355/source/100x100bb.jpg', '', '', '', '', ''),
(473, 'The Smiths', 473, 21, 138, 'https://is4-ssl.mzstatic.com/image/thumb/Music114/v4/c2/a5/56/c2a5567e-bd8d-f346-d442-51f42921e0af/source/100x100bb.jpg', '', '', '', '', ''),
(474, 'Proxima estacion: Esperanza', 474, 20, 274, 'https://is1-ssl.mzstatic.com/image/thumb/Music124/v4/90/f0/73/90f073f1-4fb0-20f3-f380-e3e76b006c5a/source/100x100bb.jpg', '', '', '', '', ''),
(475, 'Armed Forces', 475, 6, 108, 'https://is1-ssl.mzstatic.com/image/thumb/Music124/v4/74/e4/58/74e458dc-dc55-3d82-9c58-077c54a5fb65/source/100x100bb.jpg', '', '', '', '', ''),
(476, 'Life After Death', 476, 43, 85, 'https://is4-ssl.mzstatic.com/image/thumb/Music/v4/56/89/73/56897322-612e-d284-6ad2-85de85e26936/source/100x100bb.jpg', '', '', '', '', ''),
(477, 'Down Every Road', 477, 52, 275, 'https://is3-ssl.mzstatic.com/image/thumb/Music124/v4/af/a3/d8/afa3d813-f14a-7378-091f-6d9bc4b14fec/source/100x100bb.jpg', '', '', '', '', ''),
(478, 'All Time Greatest Hits', 478, 44, 276, NULL, '', '', '', '', ''),
(479, 'Maggot Brain', 479, 4, 114, 'https://is4-ssl.mzstatic.com/image/thumb/Music116/v4/f0/a6/d1/f0a6d1be-7577-7552-80ff-525fdcb95cc3/source/100x100bb.jpg', '', '', '', '', ''),
(480, 'Only Built 4 Cuban Linx', 480, 33, 277, 'https://is1-ssl.mzstatic.com/image/thumb/Music6/v4/a5/60/f0/a560f0b3-c46a-b0fe-aebe-114c400a24e3/source/100x100bb.jpg', '', '', '', '', ''),
(481, 'Voodoo', 481, 26, 278, 'https://is5-ssl.mzstatic.com/image/thumb/Music115/v4/16/8a/7e/168a7e87-aec5-744d-4225-466edeae6d53/source/100x100bb.jpg', '', '', '', '', ''),
(482, 'Guitar Town', 482, 27, 279, 'https://is2-ssl.mzstatic.com/image/thumb/Music128/v4/0b/19/de/0b19de44-5ad3-58dc-89e6-4ac2d6251dfd/source/100x100bb.jpg', '', '', '', '', ''),
(483, 'Entertainment!', 483, 6, 280, NULL, '', '', '', '', ''),
(484, 'All the Young Dudes', 484, 5, 211, 'https://is3-ssl.mzstatic.com/image/thumb/Music124/v4/06/c2/1d/06c21d1d-a55c-638c-cbeb-8208f41b7ae8/source/100x100bb.jpg', '', '', '', '', ''),
(485, 'Vitalogy', 485, 37, 132, 'https://is2-ssl.mzstatic.com/image/thumb/Music125/v4/c5/84/6f/c5846fb0-7be6-0084-2a7e-c085b2bbb7bb/source/100x100bb.jpg', '', '', '', '', ''),
(486, 'That\'s the Way of the World', 486, 11, 281, 'https://is3-ssl.mzstatic.com/image/thumb/Music123/v4/71/11/48/711148e1-a934-f2d9-0913-0901f7411f51/source/100x100bb.jpg', '', '', '', '', ''),
(487, 'She\'s So Unusual', 487, 46, 282, 'https://is4-ssl.mzstatic.com/image/thumb/Music125/v4/20/39/80/20398098-856e-07c7-2c7b-d55e8f4f365c/source/100x100bb.jpg', '', '', '', '', ''),
(488, 'New Day Rising', 488, 39, 283, NULL, '', '', '', '', ''),
(489, 'Destroyer', 489, 8, 105, 'https://is1-ssl.mzstatic.com/image/thumb/Music116/v4/02/df/b0/02dfb01e-104e-d30b-0b34-eae8bec74a32/source/100x100bb.jpg', '', '', '', '', ''),
(490, 'Tres hombres', 490, 16, 227, 'https://is5-ssl.mzstatic.com/image/thumb/Music115/v4/f9/09/72/f9097239-885b-b98d-37e5-8c3b9010f1da/source/100x100bb.jpg', '', '', '', '', ''),
(491, 'Born Under a Bad Sign', 491, 1, 284, 'https://is5-ssl.mzstatic.com/image/thumb/Music124/v4/91/ad/3b/91ad3b36-1dfc-8f9f-1c90-43f691af9e35/source/100x100bb.jpg', '', '', '', '', ''),
(492, 'Touch', 492, 46, 285, NULL, '', '', '', '', ''),
(493, 'Yankee Hotel Foxtrot', 493, 44, 286, 'https://is4-ssl.mzstatic.com/image/thumb/Music115/v4/53/c2/da/53c2da4b-c68a-7018-57fd-fbb66bf81014/source/100x100bb.jpg', '', '', '', '', ''),
(494, 'Oracular Spectacular', 494, 53, 287, 'https://is5-ssl.mzstatic.com/image/thumb/Music115/v4/ec/14/9b/ec149b32-fa72-888b-5bdd-f88caac452ef/source/100x100bb.jpg', '', '', '', '', ''),
(495, 'Give It Up', 495, 5, 144, NULL, '', '', '', '', ''),
(496, 'Boz Scaggs', 496, 10, 288, 'https://is2-ssl.mzstatic.com/image/thumb/Music124/v4/1a/0b/1d/1a0b1d67-7fdc-79e7-01c1-0c1b6da2802d/source/100x100bb.jpg', '', '', '', '', ''),
(497, 'White Blood Cells', 497, 20, 223, 'https://is5-ssl.mzstatic.com/image/thumb/Music115/v4/1f/d4/94/1fd49421-f567-c930-87c2-4f736dc57a6c/source/100x100bb.jpg', '', '', '', '', ''),
(498, 'The Stone Roses', 498, 42, 289, 'https://is4-ssl.mzstatic.com/image/thumb/Music/v4/70/2f/74/702f74a1-35cb-e4da-490f-742e05ed37e4/source/100x100bb.jpg', '', '', '', '', ''),
(499, 'Live in Cook County Jail', 499, 4, 91, 'https://is4-ssl.mzstatic.com/image/thumb/Music118/v4/1d/09/b6/1d09b6b7-cdac-3fe8-b9a3-9641bc97ef86/source/100x100bb.jpg', '', '', '', '', ''),
(500, 'Aquemini', 500, 45, 207, 'https://is5-ssl.mzstatic.com/image/thumb/Music125/v4/c2/ba/11/c2ba11d9-7811-0e6c-532e-6ee56eb3e682/source/100x100bb.jpg', '', '', '', '', '');

-- --------------------------------------------------------

--
-- Table structure for table `album_genre`
--

CREATE TABLE `album_genre` (
  `album_genre_id` int(11) NOT NULL,
  `album_id` int(11) NOT NULL,
  `genre_id` int(11) NOT NULL
) ENGINE=InnoDB DEFAULT CHARSET=utf8;

--
-- Dumping data for table `album_genre`
--

INSERT INTO `album_genre` (`album_genre_id`, `album_id`, `genre_id`) VALUES
(1, 1, 1),
(2, 2, 1),
(3, 3, 1),
(4, 4, 1),
(5, 5, 1),
(6, 5, 2),
(7, 6, 3),
(8, 7, 1),
(9, 8, 1),
(10, 9, 1),
(11, 9, 4),
(12, 10, 1),
(13, 11, 1),
(14, 12, 5),
(15, 13, 1),
(16, 14, 1),
(17, 15, 1),
(18, 15, 4),
(19, 16, 1),
(20, 17, 1),
(21, 18, 1),
(22, 19, 5),
(23, 19, 1),
(24, 19, 4),
(25, 19, 6),
(26, 19, 7),
(27, 19, 8),
(28, 20, 3),
(29, 20, 2),
(30, 21, 1),
(31, 22, 4),
(32, 23, 1),
(33, 24, 3),
(34, 25, 3),
(35, 26, 1),
(36, 27, 1),
(37, 28, 1),
(38, 29, 1),
(39, 30, 2),
(40, 31, 1),
(41, 31, 6),
(42, 31, 7),
(43, 31, 8),
(44, 32, 1),
(45, 33, 1),
(46, 34, 1),
(47, 35, 1),
(48, 36, 1),
(49, 36, 2),
(50, 37, 1),
(51, 38, 6),
(52, 38, 7),
(53, 38, 8),
(54, 39, 1),
(55, 40, 1),
(56, 41, 1),
(57, 42, 1),
(58, 43, 1),
(59, 44, 1),
(60, 45, 9),
(61, 45, 10),
(62, 46, 11),
(63, 47, 5),
(64, 48, 12),
(65, 49, 1),
(66, 49, 4),
(67, 50, 1),
(68, 50, 4),
(69, 51, 1),
(70, 52, 3),
(71, 53, 1),
(72, 54, 5),
(73, 54, 3),
(74, 55, 1),
(75, 55, 4),
(76, 56, 1),
(77, 57, 3),
(78, 58, 1),
(79, 58, 3),
(80, 58, 2),
(81, 59, 1),
(82, 60, 1),
(83, 60, 4),
(84, 61, 3),
(85, 62, 1),
(86, 63, 13),
(87, 63, 1),
(88, 64, 1),
(89, 65, 1),
(90, 65, 3),
(91, 65, 2),
(92, 66, 5),
(93, 66, 1),
(94, 66, 3),
(95, 66, 6),
(96, 66, 7),
(97, 66, 8),
(98, 67, 13),
(99, 67, 1),
(100, 68, 3),
(101, 68, 2),
(102, 69, 1),
(103, 70, 1),
(104, 71, 5),
(105, 71, 1),
(106, 71, 3),
(107, 71, 2),
(108, 71, 6),
(109, 71, 7),
(110, 71, 8),
(111, 72, 3),
(112, 72, 10),
(113, 73, 1),
(114, 74, 1),
(115, 75, 3),
(116, 76, 13),
(117, 76, 1),
(118, 76, 3),
(119, 76, 10),
(120, 77, 1),
(121, 78, 3),
(122, 79, 1),
(123, 80, 1),
(124, 81, 1),
(125, 82, 1),
(126, 83, 1),
(127, 84, 3),
(128, 85, 3),
(129, 86, 1),
(130, 87, 1),
(131, 88, 6),
(132, 88, 7),
(133, 88, 8),
(134, 89, 1),
(135, 89, 3),
(136, 90, 3),
(137, 91, 1),
(138, 92, 1),
(139, 93, 1),
(140, 93, 11),
(141, 94, 6),
(142, 94, 7),
(143, 94, 8),
(144, 95, 5),
(145, 96, 1),
(146, 97, 6),
(147, 97, 7),
(148, 97, 8),
(149, 98, 1),
(150, 99, 3),
(151, 100, 1),
(152, 101, 5),
(153, 101, 2),
(154, 102, 1),
(155, 102, 4),
(156, 103, 5),
(157, 104, 1),
(158, 105, 3),
(159, 105, 6),
(160, 105, 7),
(161, 105, 8),
(162, 106, 1),
(163, 107, 14),
(164, 107, 3),
(165, 108, 1),
(166, 109, 1),
(167, 110, 1),
(168, 111, 1),
(169, 112, 1),
(170, 113, 1),
(171, 114, 1),
(172, 115, 1),
(173, 116, 1),
(174, 117, 1),
(175, 118, 12),
(176, 119, 3),
(177, 119, 4),
(178, 120, 1),
(179, 121, 3),
(180, 122, 11),
(181, 122, 2),
(182, 122, 6),
(183, 122, 7),
(184, 122, 8),
(185, 122, 10),
(186, 123, 12),
(187, 124, 1),
(188, 125, 1),
(189, 125, 4),
(190, 126, 11),
(191, 127, 1),
(192, 128, 1),
(193, 129, 13),
(194, 129, 1),
(195, 130, 1),
(196, 131, 1),
(197, 132, 13),
(198, 132, 10),
(199, 133, 1),
(200, 134, 12),
(201, 135, 1),
(202, 136, 1),
(203, 137, 1),
(204, 138, 12),
(205, 139, 3),
(206, 140, 13),
(207, 140, 1),
(208, 141, 4),
(209, 142, 1),
(210, 142, 3),
(211, 142, 2),
(212, 143, 5),
(213, 143, 1),
(214, 143, 3),
(215, 143, 4),
(216, 144, 12),
(217, 145, 5),
(218, 145, 1),
(219, 146, 1),
(220, 147, 1),
(221, 148, 1),
(222, 149, 1),
(223, 149, 14),
(224, 149, 3),
(225, 150, 1),
(226, 151, 1),
(227, 152, 13),
(228, 152, 1),
(229, 152, 2),
(230, 153, 12),
(231, 154, 4),
(232, 155, 1),
(233, 156, 12),
(234, 156, 1),
(235, 156, 3),
(236, 157, 1),
(237, 158, 1),
(238, 159, 1),
(239, 160, 1),
(240, 161, 3),
(241, 162, 13),
(242, 162, 1),
(243, 163, 3),
(244, 163, 2),
(245, 164, 1),
(246, 164, 2),
(247, 165, 3),
(248, 166, 1),
(249, 167, 1),
(250, 168, 1),
(251, 169, 11),
(252, 170, 1),
(253, 171, 1),
(254, 172, 1),
(255, 173, 1),
(256, 174, 1),
(257, 175, 1),
(258, 175, 2),
(259, 176, 1),
(260, 177, 3),
(261, 178, 3),
(262, 179, 13),
(263, 179, 2),
(264, 180, 1),
(265, 180, 4),
(266, 180, 2),
(267, 181, 11),
(268, 182, 1),
(269, 182, 2),
(270, 183, 6),
(271, 183, 7),
(272, 183, 8),
(273, 184, 13),
(274, 184, 2),
(275, 185, 1),
(276, 186, 3),
(277, 187, 13),
(278, 187, 1),
(279, 187, 3),
(280, 187, 2),
(281, 188, 1),
(282, 188, 2),
(283, 189, 1),
(284, 190, 1),
(285, 190, 3),
(286, 190, 6),
(287, 190, 7),
(288, 190, 8),
(289, 191, 1),
(290, 192, 1),
(291, 192, 6),
(292, 192, 7),
(293, 192, 8),
(294, 193, 1),
(295, 194, 1),
(296, 195, 1),
(297, 195, 4),
(298, 196, 1),
(299, 197, 1),
(300, 198, 4),
(301, 199, 1),
(302, 200, 1),
(303, 201, 13),
(304, 201, 1),
(305, 202, 1),
(306, 202, 2),
(307, 202, 6),
(308, 202, 7),
(309, 202, 8),
(310, 203, 3),
(311, 203, 2),
(312, 204, 1),
(313, 205, 1),
(314, 205, 4),
(315, 206, 3),
(316, 207, 1),
(317, 207, 14),
(318, 208, 1),
(319, 208, 10),
(320, 209, 1),
(321, 210, 1),
(322, 211, 1),
(323, 212, 1),
(324, 213, 1),
(325, 214, 3),
(326, 215, 1),
(327, 216, 1),
(328, 216, 4),
(329, 217, 3),
(330, 217, 4),
(331, 218, 1),
(332, 218, 2),
(333, 219, 12),
(334, 220, 3),
(335, 221, 1),
(336, 222, 3),
(337, 222, 4),
(338, 223, 1),
(339, 224, 1),
(340, 224, 2),
(341, 225, 1),
(342, 226, 1),
(343, 227, 1),
(344, 228, 12),
(345, 229, 1),
(346, 230, 1),
(347, 230, 2),
(348, 231, 1),
(349, 232, 1),
(350, 233, 1),
(351, 234, 1),
(352, 235, 6),
(353, 235, 7),
(354, 235, 8),
(355, 236, 3),
(356, 237, 1),
(357, 238, 4),
(358, 239, 13),
(359, 239, 2),
(360, 240, 1),
(361, 241, 1),
(362, 242, 12),
(363, 243, 1),
(364, 244, 12),
(365, 245, 1),
(366, 245, 4),
(367, 245, 6),
(368, 245, 7),
(369, 245, 8),
(370, 246, 13),
(371, 246, 1),
(372, 247, 1),
(373, 248, 5),
(374, 249, 1),
(375, 250, 12),
(376, 251, 13),
(377, 251, 1),
(378, 252, 12),
(379, 253, 1),
(380, 254, 3),
(381, 255, 1),
(382, 256, 13),
(383, 257, 3),
(384, 257, 2),
(385, 258, 1),
(386, 259, 13),
(387, 259, 3),
(388, 259, 2),
(389, 260, 2),
(390, 260, 6),
(391, 260, 7),
(392, 260, 8),
(393, 261, 1),
(394, 262, 1),
(395, 262, 6),
(396, 262, 7),
(397, 262, 8),
(398, 263, 1),
(399, 264, 1),
(400, 265, 5),
(401, 265, 2),
(402, 266, 1),
(403, 267, 1),
(404, 268, 1),
(405, 269, 1),
(406, 270, 1),
(407, 271, 1),
(408, 272, 1),
(409, 273, 3),
(410, 274, 3),
(411, 275, 12),
(412, 276, 3),
(413, 277, 13),
(414, 277, 12),
(415, 277, 2),
(416, 278, 4),
(417, 278, 6),
(418, 278, 7),
(419, 278, 8),
(420, 279, 1),
(421, 280, 1),
(422, 281, 12),
(423, 282, 4),
(424, 283, 3),
(425, 284, 13),
(426, 284, 1),
(427, 285, 3),
(428, 286, 3),
(429, 287, 1),
(430, 288, 1),
(431, 289, 1),
(432, 290, 3),
(433, 291, 1),
(434, 292, 1),
(435, 293, 1),
(436, 294, 1),
(437, 295, 6),
(438, 295, 7),
(439, 295, 8),
(440, 296, 1),
(441, 297, 13),
(442, 297, 1),
(443, 298, 12),
(444, 299, 1),
(445, 300, 1),
(446, 301, 6),
(447, 301, 7),
(448, 301, 8),
(449, 302, 12),
(450, 303, 1),
(451, 304, 1),
(452, 305, 6),
(453, 305, 7),
(454, 305, 8),
(455, 306, 13),
(456, 306, 12),
(457, 306, 3),
(458, 306, 2),
(459, 307, 1),
(460, 307, 10),
(461, 308, 5),
(462, 308, 2),
(463, 309, 1),
(464, 310, 1),
(465, 311, 1),
(466, 311, 3),
(467, 311, 4),
(468, 311, 2),
(469, 311, 6),
(470, 311, 7),
(471, 311, 8),
(472, 312, 1),
(473, 313, 1),
(474, 314, 12),
(475, 315, 1),
(476, 316, 1),
(477, 317, 1),
(478, 318, 3),
(479, 319, 11),
(480, 320, 13),
(481, 320, 1),
(482, 321, 1),
(483, 321, 6),
(484, 321, 7),
(485, 321, 8),
(486, 322, 1),
(487, 322, 2),
(488, 323, 1),
(489, 323, 2),
(490, 324, 1),
(491, 324, 3),
(492, 325, 1),
(493, 326, 13),
(494, 326, 1),
(495, 327, 1),
(496, 328, 1),
(497, 329, 3),
(498, 330, 1),
(499, 331, 1),
(500, 331, 10),
(501, 332, 1),
(502, 332, 6),
(503, 332, 7),
(504, 332, 8),
(505, 333, 1),
(506, 334, 1),
(507, 334, 4),
(508, 335, 1),
(509, 336, 13),
(510, 336, 1),
(511, 337, 1),
(512, 338, 1),
(513, 339, 5),
(514, 339, 2),
(515, 339, 6),
(516, 339, 7),
(517, 339, 8),
(518, 340, 1),
(519, 341, 13),
(520, 342, 13),
(521, 343, 1),
(522, 344, 1),
(523, 345, 1),
(524, 345, 3),
(525, 346, 12),
(526, 347, 1),
(527, 348, 1),
(528, 348, 4),
(529, 349, 12),
(530, 350, 1),
(531, 350, 4),
(532, 351, 1),
(533, 352, 1),
(534, 353, 12),
(535, 354, 5),
(536, 354, 1),
(537, 354, 2),
(538, 355, 1),
(539, 356, 1),
(540, 356, 2),
(541, 357, 1),
(542, 358, 5),
(543, 359, 1),
(544, 360, 1),
(545, 361, 12),
(546, 361, 3),
(547, 362, 1),
(548, 363, 13),
(549, 364, 1),
(550, 365, 12),
(551, 365, 1),
(552, 366, 6),
(553, 366, 7),
(554, 366, 8),
(555, 367, 13),
(556, 367, 2),
(557, 368, 1),
(558, 369, 1),
(559, 370, 1),
(560, 371, 1),
(561, 372, 1),
(562, 372, 2),
(563, 373, 1),
(564, 374, 1),
(565, 375, 1),
(566, 376, 13),
(567, 377, 4),
(568, 378, 1),
(569, 378, 2),
(570, 379, 13),
(571, 379, 12),
(572, 379, 3),
(573, 380, 11),
(574, 381, 1),
(575, 382, 1),
(576, 383, 1),
(577, 384, 1),
(578, 385, 1),
(579, 386, 5),
(580, 386, 1),
(581, 387, 12),
(582, 388, 3),
(583, 388, 6),
(584, 388, 7),
(585, 388, 8),
(586, 389, 1),
(587, 390, 1),
(588, 391, 1),
(589, 392, 1),
(590, 393, 13),
(591, 393, 12),
(592, 393, 11),
(593, 393, 2),
(594, 394, 1),
(595, 394, 2),
(596, 395, 13),
(597, 395, 1),
(598, 396, 1),
(599, 397, 13),
(600, 397, 11),
(601, 398, 1),
(602, 399, 1),
(603, 399, 4),
(604, 400, 13),
(605, 400, 3),
(606, 401, 1),
(607, 402, 12),
(608, 403, 1),
(609, 404, 3),
(610, 405, 1),
(611, 406, 1),
(612, 407, 1),
(613, 407, 11),
(614, 408, 1),
(615, 408, 3),
(616, 408, 4),
(617, 409, 1),
(618, 410, 1),
(619, 410, 4),
(620, 411, 1),
(621, 412, 1),
(622, 413, 1),
(623, 414, 1),
(624, 415, 1),
(625, 416, 13),
(626, 416, 1),
(627, 417, 1),
(628, 418, 1),
(629, 419, 13),
(630, 420, 1),
(631, 420, 2),
(632, 421, 1),
(633, 421, 2),
(634, 422, 1),
(635, 422, 2),
(636, 423, 13),
(637, 423, 3),
(638, 424, 1),
(639, 425, 1),
(640, 425, 6),
(641, 425, 7),
(642, 425, 8),
(643, 426, 1),
(644, 427, 1),
(645, 427, 4),
(646, 427, 2),
(647, 428, 1),
(648, 429, 13),
(649, 430, 1),
(650, 431, 1),
(651, 432, 1),
(652, 433, 1),
(653, 434, 1),
(654, 435, 1),
(655, 436, 1),
(656, 437, 12),
(657, 437, 3),
(658, 438, 1),
(659, 439, 3),
(660, 440, 1),
(661, 440, 6),
(662, 440, 7),
(663, 440, 8),
(664, 441, 13),
(665, 441, 1),
(666, 442, 1),
(667, 443, 1),
(668, 444, 3),
(669, 445, 1),
(670, 446, 1),
(671, 447, 5),
(672, 448, 1),
(673, 448, 2),
(674, 449, 1),
(675, 450, 1),
(676, 451, 3),
(677, 451, 2),
(678, 452, 6),
(679, 452, 7),
(680, 452, 8),
(681, 453, 12),
(682, 454, 1),
(683, 455, 1),
(684, 455, 14),
(685, 456, 3),
(686, 457, 1),
(687, 458, 1),
(688, 458, 6),
(689, 458, 7),
(690, 458, 8),
(691, 459, 1),
(692, 459, 3),
(693, 460, 1),
(694, 461, 13),
(695, 461, 1),
(696, 462, 1),
(697, 463, 1),
(698, 464, 1),
(699, 465, 13),
(700, 465, 1),
(701, 466, 1),
(702, 467, 1),
(703, 468, 1),
(704, 468, 4),
(705, 469, 12),
(706, 470, 12),
(707, 471, 1),
(708, 472, 13),
(709, 472, 1),
(710, 472, 3),
(711, 472, 4),
(712, 472, 2),
(713, 473, 1),
(714, 474, 1),
(715, 474, 11),
(716, 474, 14),
(717, 475, 1),
(718, 476, 12),
(719, 477, 6),
(720, 477, 7),
(721, 477, 8),
(722, 478, 6),
(723, 478, 7),
(724, 478, 8),
(725, 479, 1),
(726, 479, 3),
(727, 480, 12),
(728, 481, 12),
(729, 481, 3),
(730, 482, 1),
(731, 482, 6),
(732, 482, 7),
(733, 482, 8),
(734, 483, 1),
(735, 484, 1),
(736, 485, 1),
(737, 486, 3),
(738, 487, 13),
(739, 487, 1),
(740, 488, 1),
(741, 489, 1),
(742, 490, 1),
(743, 491, 3),
(744, 491, 4),
(745, 492, 13),
(746, 492, 2),
(747, 493, 1),
(748, 494, 13),
(749, 494, 1),
(750, 494, 2),
(751, 495, 1),
(752, 496, 1),
(753, 497, 1),
(754, 498, 1),
(755, 499, 4),
(756, 500, 12);

-- --------------------------------------------------------

--
-- Table structure for table `album_rating`
--

CREATE TABLE `album_rating` (
  `album_rating_id` int(11) NOT NULL,
  `album_rating` int(11) NOT NULL,
  `album_id` int(11) NOT NULL
) ENGINE=InnoDB DEFAULT CHARSET=utf8;

-- --------------------------------------------------------

--
-- Table structure for table `album_subgenre`
--

CREATE TABLE `album_subgenre` (
  `album_subgenre_id` int(11) NOT NULL,
  `album_id` int(11) NOT NULL,
  `sub_genre_id` int(11) NOT NULL
) ENGINE=InnoDB DEFAULT CHARSET=utf8;

--
-- Dumping data for table `album_subgenre`
--

INSERT INTO `album_subgenre` (`album_subgenre_id`, `album_id`, `sub_genre_id`) VALUES
(1, 1, 1),
(2, 1, 2),
(3, 2, 3),
(4, 2, 2),
(5, 3, 2),
(6, 3, 3),
(7, 4, 4),
(8, 4, 5),
(9, 5, 3),
(10, 6, 6),
(11, 7, 5),
(12, 7, 1),
(13, 7, 7),
(14, 8, 8),
(15, 8, 9),
(16, 9, 4),
(17, 9, 10),
(18, 10, 1),
(19, 10, 3),
(20, 10, 2),
(21, 10, 11),
(22, 11, 1),
(23, 12, 12),
(24, 13, 13),
(25, 13, 14),
(26, 13, 11),
(27, 14, 2),
(28, 14, 7),
(29, 14, 3),
(30, 15, 5),
(31, 15, 2),
(32, 16, 4),
(33, 16, 15),
(34, 16, 16),
(35, 17, 17),
(36, 17, 18),
(37, 18, 3),
(38, 19, 15),
(39, 19, 7),
(40, 19, 19),
(41, 20, 20),
(42, 21, 1),
(43, 22, 21),
(44, 23, 3),
(45, 24, 6),
(46, 25, 10),
(47, 25, 6),
(48, 26, 3),
(49, 27, 17),
(50, 27, 3),
(51, 28, 22),
(52, 28, 23),
(53, 28, 24),
(54, 28, 2),
(55, 29, 5),
(56, 29, 22),
(57, 30, 15),
(58, 30, 16),
(59, 30, 25),
(60, 31, 4),
(61, 31, 25),
(62, 32, 5),
(63, 32, 22),
(64, 33, 1),
(65, 33, 8),
(66, 34, 4),
(67, 34, 15),
(68, 34, 5),
(69, 35, 7),
(70, 35, 26),
(71, 36, 4),
(72, 36, 27),
(73, 37, 7),
(74, 38, 25),
(75, 39, 28),
(76, 39, 1),
(77, 40, 4),
(78, 40, 2),
(79, 41, 8),
(80, 42, 2),
(81, 43, 24),
(82, 44, 14),
(83, 45, 29),
(84, 45, 30),
(85, 45, 31),
(86, 45, 32),
(87, 46, 33),
(88, 46, 34),
(89, 47, 35),
(90, 47, 36),
(91, 47, 12),
(92, 48, 37),
(93, 49, 5),
(94, 50, 1),
(95, 50, 10),
(96, 51, 4),
(97, 51, 7),
(98, 52, 6),
(99, 53, 28),
(100, 53, 1),
(101, 54, 10),
(102, 54, 38),
(103, 54, 6),
(104, 54, 39),
(105, 55, 40),
(106, 55, 2),
(107, 56, 1),
(108, 56, 41),
(109, 57, 6),
(110, 57, 20),
(111, 58, 5),
(112, 58, 42),
(113, 58, 7),
(114, 59, 43),
(115, 60, 44),
(116, 60, 45),
(117, 60, 46),
(118, 60, 40),
(119, 60, 2),
(120, 60, 11),
(121, 61, 10),
(122, 61, 47),
(123, 62, 22),
(124, 62, 48),
(125, 63, 3),
(126, 63, 49),
(127, 63, 17),
(128, 63, 50),
(129, 64, 7),
(130, 65, 51),
(131, 65, 3),
(132, 65, 16),
(133, 65, 10),
(134, 66, 4),
(135, 66, 10),
(136, 66, 7),
(137, 66, 52),
(138, 67, 17),
(139, 67, 53),
(140, 67, 11),
(141, 68, 20),
(142, 68, 6),
(143, 68, 16),
(144, 69, 22),
(145, 69, 7),
(146, 69, 5),
(147, 70, 3),
(148, 71, 4),
(149, 71, 3),
(150, 71, 54),
(151, 71, 55),
(152, 71, 56),
(153, 71, 47),
(154, 71, 10),
(155, 72, 29),
(156, 72, 6),
(157, 73, 7),
(158, 74, 1),
(159, 74, 57),
(160, 75, 6),
(161, 75, 47),
(162, 75, 20),
(163, 76, 3),
(164, 76, 47),
(165, 76, 29),
(166, 76, 49),
(167, 77, 22),
(168, 78, 6),
(169, 79, 5),
(170, 79, 7),
(171, 79, 22),
(172, 80, 3),
(173, 81, 8),
(174, 82, 4),
(175, 82, 57),
(176, 82, 7),
(177, 83, 2),
(178, 83, 40),
(179, 84, 6),
(180, 85, 6),
(181, 86, 3),
(182, 87, 17),
(183, 87, 24),
(184, 88, 58),
(185, 89, 3),
(186, 89, 6),
(187, 90, 6),
(188, 90, 47),
(189, 91, 3),
(190, 91, 7),
(191, 92, 1),
(192, 93, 59),
(193, 93, 60),
(194, 94, 58),
(195, 95, 61),
(196, 96, 2),
(197, 97, 25),
(198, 98, 9),
(199, 99, 10),
(200, 99, 47),
(201, 100, 2),
(202, 101, 38),
(203, 101, 16),
(204, 102, 5),
(205, 102, 40),
(206, 103, 36),
(207, 104, 4),
(208, 104, 15),
(209, 104, 27),
(210, 105, 58),
(211, 105, 10),
(212, 106, 1),
(213, 106, 8),
(214, 107, 6),
(215, 107, 10),
(216, 107, 62),
(217, 107, 63),
(218, 108, 7),
(219, 108, 26),
(220, 109, 5),
(221, 109, 3),
(222, 110, 14),
(223, 110, 7),
(224, 111, 17),
(225, 112, 4),
(226, 112, 3),
(227, 113, 27),
(228, 113, 3),
(229, 114, 2),
(230, 114, 5),
(231, 115, 2),
(232, 115, 23),
(233, 116, 5),
(234, 116, 1),
(235, 117, 5),
(236, 118, 43),
(237, 119, 10),
(238, 119, 6),
(239, 120, 4),
(240, 120, 57),
(241, 121, 47),
(242, 121, 64),
(243, 121, 20),
(244, 122, 33),
(245, 122, 65),
(246, 122, 66),
(247, 122, 67),
(248, 122, 68),
(249, 123, 43),
(250, 124, 4),
(251, 124, 2),
(252, 125, 5),
(253, 126, 34),
(254, 127, 4),
(255, 127, 2),
(256, 128, 13),
(257, 128, 22),
(258, 128, 8),
(259, 129, 9),
(260, 129, 14),
(261, 129, 47),
(262, 130, 9),
(263, 130, 8),
(264, 131, 22),
(265, 131, 48),
(266, 132, 29),
(267, 132, 69),
(268, 133, 43),
(269, 134, 70),
(270, 135, 17),
(271, 136, 7),
(272, 137, 71),
(273, 138, 72),
(274, 139, 73),
(275, 139, 6),
(276, 140, 9),
(277, 140, 3),
(278, 140, 8),
(279, 140, 20),
(280, 141, 74),
(281, 142, 3),
(282, 143, 39),
(283, 143, 75),
(284, 143, 61),
(285, 143, 73),
(286, 144, 72),
(287, 145, 76),
(288, 145, 7),
(289, 146, 4),
(290, 146, 2),
(291, 147, 7),
(292, 148, 7),
(293, 149, 77),
(294, 149, 2),
(295, 150, 3),
(296, 151, 71),
(297, 152, 9),
(298, 152, 8),
(299, 152, 23),
(300, 153, 37),
(301, 154, 74),
(302, 155, 17),
(303, 155, 9),
(304, 156, 17),
(305, 156, 78),
(306, 156, 64),
(307, 157, 79),
(308, 157, 9),
(309, 158, 3),
(310, 158, 7),
(311, 159, 22),
(312, 159, 26),
(313, 160, 26),
(314, 160, 7),
(315, 161, 10),
(316, 161, 6),
(317, 162, 17),
(318, 163, 43),
(319, 164, 27),
(320, 164, 3),
(321, 165, 6),
(322, 166, 17),
(323, 166, 9),
(324, 167, 80),
(325, 167, 81),
(326, 168, 9),
(327, 168, 3),
(328, 169, 33),
(329, 169, 34),
(330, 170, 7),
(331, 170, 5),
(332, 170, 22),
(333, 171, 2),
(334, 171, 4),
(335, 171, 57),
(336, 171, 3),
(337, 172, 3),
(338, 173, 82),
(339, 173, 3),
(340, 173, 24),
(341, 174, 4),
(342, 175, 3),
(343, 175, 83),
(344, 176, 22),
(345, 176, 7),
(346, 177, 84),
(347, 178, 10),
(348, 178, 6),
(349, 178, 47),
(350, 179, 85),
(351, 179, 49),
(352, 179, 20),
(353, 180, 3),
(354, 180, 10),
(355, 180, 1),
(356, 181, 33),
(357, 181, 34),
(358, 182, 4),
(359, 182, 3),
(360, 183, 58),
(361, 184, 49),
(362, 185, 13),
(363, 185, 8),
(364, 186, 10),
(365, 186, 47),
(366, 187, 14),
(367, 187, 3),
(368, 187, 49),
(369, 187, 47),
(370, 188, 57),
(371, 189, 86),
(372, 189, 2),
(373, 190, 58),
(374, 190, 6),
(375, 191, 13),
(376, 191, 8),
(377, 192, 57),
(378, 193, 17),
(379, 193, 87),
(380, 193, 8),
(381, 194, 26),
(382, 195, 5),
(383, 195, 88),
(384, 195, 89),
(385, 196, 13),
(386, 196, 90),
(387, 197, 17),
(388, 198, 74),
(389, 199, 71),
(390, 200, 22),
(391, 201, 91),
(392, 202, 4),
(393, 202, 3),
(394, 203, 3),
(395, 203, 16),
(396, 203, 47),
(397, 203, 6),
(398, 204, 5),
(399, 204, 4),
(400, 205, 5),
(401, 205, 2),
(402, 205, 7),
(403, 206, 43),
(404, 207, 61),
(405, 207, 22),
(406, 207, 2),
(407, 208, 4),
(408, 208, 3),
(409, 209, 18),
(410, 210, 4),
(411, 210, 57),
(412, 210, 7),
(413, 211, 7),
(414, 211, 24),
(415, 212, 17),
(416, 212, 71),
(417, 213, 7),
(418, 214, 10),
(419, 214, 73),
(420, 214, 6),
(421, 215, 26),
(422, 216, 10),
(423, 216, 1),
(424, 217, 10),
(425, 217, 6),
(426, 218, 71),
(427, 219, 43),
(428, 220, 73),
(429, 220, 6),
(430, 220, 47),
(431, 221, 17),
(432, 221, 92),
(433, 222, 93),
(434, 223, 3),
(435, 224, 27),
(436, 224, 16),
(437, 225, 3),
(438, 225, 8),
(439, 226, 15),
(440, 227, 71),
(441, 228, 43),
(442, 229, 22),
(443, 229, 5),
(444, 230, 5),
(445, 230, 3),
(446, 231, 22),
(447, 231, 3),
(448, 231, 24),
(449, 232, 1),
(450, 232, 3),
(451, 233, 4),
(452, 233, 13),
(453, 233, 3),
(454, 234, 4),
(455, 234, 7),
(456, 235, 43),
(457, 236, 43),
(458, 237, 23),
(459, 238, 43),
(460, 239, 49),
(461, 240, 7),
(462, 241, 17),
(463, 241, 82),
(464, 241, 8),
(465, 241, 71),
(466, 242, 43),
(467, 243, 5),
(468, 243, 48),
(469, 244, 78),
(470, 244, 94),
(471, 244, 95),
(472, 245, 96),
(473, 245, 1),
(474, 245, 10),
(475, 246, 97),
(476, 246, 46),
(477, 246, 98),
(478, 246, 10),
(479, 246, 2),
(480, 246, 11),
(481, 246, 99),
(482, 247, 4),
(483, 247, 57),
(484, 247, 2),
(485, 247, 11),
(486, 248, 35),
(487, 249, 17),
(488, 250, 43),
(489, 251, 14),
(490, 251, 100),
(491, 251, 11),
(492, 252, 43),
(493, 253, 4),
(494, 253, 3),
(495, 253, 7),
(496, 254, 6),
(497, 255, 48),
(498, 256, 101),
(499, 257, 49),
(500, 257, 10),
(501, 258, 2),
(502, 258, 3),
(503, 259, 102),
(504, 259, 103),
(505, 260, 83),
(506, 261, 4),
(507, 262, 4),
(508, 262, 7),
(509, 263, 43),
(510, 264, 4),
(511, 264, 57),
(512, 264, 7),
(513, 265, 39),
(514, 265, 38),
(515, 266, 5),
(516, 266, 76),
(517, 266, 7),
(518, 267, 22),
(519, 267, 7),
(520, 267, 23),
(521, 268, 4),
(522, 268, 3),
(523, 269, 104),
(524, 270, 5),
(525, 270, 1),
(526, 270, 7),
(527, 270, 20),
(528, 271, 3),
(529, 271, 2),
(530, 272, 71),
(531, 273, 6),
(532, 274, 47),
(533, 274, 20),
(534, 275, 43),
(535, 276, 84),
(536, 276, 47),
(537, 277, 102),
(538, 277, 103),
(539, 277, 49),
(540, 278, 105),
(541, 278, 58),
(542, 278, 45),
(543, 278, 62),
(544, 278, 21),
(545, 278, 25),
(546, 279, 26),
(547, 280, 3),
(548, 281, 102),
(549, 282, 21),
(550, 283, 6),
(551, 283, 20),
(552, 284, 9),
(553, 284, 3),
(554, 284, 49),
(555, 285, 39),
(556, 285, 6),
(557, 286, 10),
(558, 286, 6),
(559, 287, 8),
(560, 287, 1),
(561, 288, 2),
(562, 289, 3),
(563, 289, 2),
(564, 289, 23),
(565, 290, 10),
(566, 290, 6),
(567, 291, 9),
(568, 292, 4),
(569, 292, 57),
(570, 292, 7),
(571, 293, 46),
(572, 293, 11),
(573, 294, 13),
(574, 294, 22),
(575, 294, 8),
(576, 294, 5),
(577, 295, 4),
(578, 295, 25),
(579, 295, 16),
(580, 296, 17),
(581, 296, 71),
(582, 297, 30),
(583, 297, 46),
(584, 297, 2),
(585, 297, 11),
(586, 297, 99),
(587, 298, 78),
(588, 298, 37),
(589, 298, 106),
(590, 299, 17),
(591, 299, 107),
(592, 300, 22),
(593, 300, 48),
(594, 301, 58),
(595, 302, 37),
(596, 303, 4),
(597, 303, 57),
(598, 304, 17),
(599, 304, 4),
(600, 305, 58),
(601, 305, 25),
(602, 306, 101),
(603, 306, 103),
(604, 306, 108),
(605, 306, 20),
(606, 306, 55),
(607, 306, 109),
(608, 307, 29),
(609, 307, 28),
(610, 307, 3),
(611, 308, 83),
(612, 308, 110),
(613, 309, 5),
(614, 309, 1),
(615, 309, 7),
(616, 310, 17),
(617, 310, 111),
(618, 311, 96),
(619, 311, 1),
(620, 311, 41),
(621, 312, 17),
(622, 313, 4),
(623, 313, 15),
(624, 313, 18),
(625, 314, 102),
(626, 314, 37),
(627, 315, 27),
(628, 315, 22),
(629, 315, 3),
(630, 316, 13),
(631, 316, 14),
(632, 316, 11),
(633, 317, 17),
(634, 318, 6),
(635, 319, 33),
(636, 320, 17),
(637, 320, 11),
(638, 321, 25),
(639, 321, 4),
(640, 321, 15),
(641, 322, 43),
(642, 323, 17),
(643, 323, 9),
(644, 323, 3),
(645, 324, 7),
(646, 324, 6),
(647, 324, 47),
(648, 324, 14),
(649, 325, 43),
(650, 326, 9),
(651, 326, 17),
(652, 327, 112),
(653, 327, 71),
(654, 328, 17),
(655, 328, 71),
(656, 329, 6),
(657, 329, 47),
(658, 330, 5),
(659, 330, 4),
(660, 330, 7),
(661, 331, 28),
(662, 331, 29),
(663, 331, 3),
(664, 332, 4),
(665, 333, 1),
(666, 333, 8),
(667, 334, 43),
(668, 335, 17),
(669, 336, 17),
(670, 336, 14),
(671, 337, 7),
(672, 337, 24),
(673, 338, 4),
(674, 338, 5),
(675, 338, 2),
(676, 339, 52),
(677, 339, 113),
(678, 340, 114),
(679, 340, 8),
(680, 341, 115),
(681, 341, 116),
(682, 341, 103),
(683, 342, 49),
(684, 343, 3),
(685, 344, 22),
(686, 345, 47),
(687, 345, 71),
(688, 345, 9),
(689, 346, 43),
(690, 347, 2),
(691, 348, 5),
(692, 348, 74),
(693, 349, 43),
(694, 350, 5),
(695, 350, 3),
(696, 351, 22),
(697, 351, 50),
(698, 352, 117),
(699, 352, 7),
(700, 353, 43),
(701, 354, 3),
(702, 354, 16),
(703, 354, 118),
(704, 355, 5),
(705, 355, 2),
(706, 356, 3),
(707, 356, 83),
(708, 357, 5),
(709, 357, 2),
(710, 357, 3),
(711, 358, 12),
(712, 359, 3),
(713, 359, 119),
(714, 360, 8),
(715, 361, 72),
(716, 361, 84),
(717, 361, 120),
(718, 361, 37),
(719, 362, 17),
(720, 363, 49),
(721, 364, 5),
(722, 364, 7),
(723, 365, 111),
(724, 366, 58),
(725, 366, 62),
(726, 366, 25),
(727, 367, 121),
(728, 367, 122),
(729, 367, 103),
(730, 367, 83),
(731, 367, 100),
(732, 368, 57),
(733, 368, 7),
(734, 369, 17),
(735, 369, 71),
(736, 370, 7),
(737, 371, 71),
(738, 372, 9),
(739, 372, 3),
(740, 373, 2),
(741, 373, 4),
(742, 373, 57),
(743, 373, 123),
(744, 374, 14),
(745, 374, 3),
(746, 374, 26),
(747, 375, 3),
(748, 376, 115),
(749, 376, 53),
(750, 376, 101),
(751, 377, 96),
(752, 377, 40),
(753, 377, 74),
(754, 377, 124),
(755, 378, 125),
(756, 379, 102),
(757, 380, 126),
(758, 380, 33),
(759, 380, 34),
(760, 380, 127),
(761, 381, 3),
(762, 381, 2),
(763, 382, 14),
(764, 382, 71),
(765, 383, 9),
(766, 383, 71),
(767, 384, 23),
(768, 384, 28),
(769, 384, 2),
(770, 385, 4),
(771, 385, 5),
(772, 386, 76),
(773, 386, 3),
(774, 386, 7),
(775, 387, 72),
(776, 388, 54),
(777, 389, 3),
(778, 390, 5),
(779, 390, 13),
(780, 390, 17),
(781, 391, 27),
(782, 391, 3),
(783, 392, 3),
(784, 393, 128),
(785, 393, 129),
(786, 393, 108),
(787, 393, 130),
(788, 394, 3),
(789, 394, 83),
(790, 395, 116),
(791, 395, 17),
(792, 395, 101),
(793, 395, 20),
(794, 396, 14),
(795, 396, 46),
(796, 396, 26),
(797, 397, 131),
(798, 397, 103),
(799, 398, 3),
(800, 399, 5),
(801, 400, 6),
(802, 400, 20),
(803, 401, 17),
(804, 401, 111),
(805, 402, 43),
(806, 403, 5),
(807, 403, 22),
(808, 403, 42),
(809, 404, 73),
(810, 404, 47),
(811, 404, 10),
(812, 405, 82),
(813, 406, 71),
(814, 407, 1),
(815, 407, 131),
(816, 407, 8),
(817, 408, 5),
(818, 408, 10),
(819, 408, 6),
(820, 409, 2),
(821, 410, 5),
(822, 411, 5),
(823, 412, 8),
(824, 413, 17),
(825, 413, 114),
(826, 413, 8),
(827, 414, 3),
(828, 415, 22),
(829, 416, 109),
(830, 416, 14),
(831, 417, 9),
(832, 417, 3),
(833, 418, 3),
(834, 419, 132),
(835, 419, 103),
(836, 420, 41),
(837, 420, 1),
(838, 421, 3),
(839, 421, 83),
(840, 422, 1),
(841, 422, 83),
(842, 423, 3),
(843, 423, 6),
(844, 423, 20),
(845, 424, 4),
(846, 424, 7),
(847, 425, 57),
(848, 425, 123),
(849, 426, 82),
(850, 426, 3),
(851, 426, 50),
(852, 426, 22),
(853, 427, 5),
(854, 427, 3),
(855, 427, 16),
(856, 428, 17),
(857, 428, 9),
(858, 428, 8),
(859, 429, 11),
(860, 429, 100),
(861, 430, 71),
(862, 431, 71),
(863, 432, 14),
(864, 432, 26),
(865, 433, 3),
(866, 434, 82),
(867, 435, 18),
(868, 435, 17),
(869, 436, 17),
(870, 436, 133),
(871, 437, 102),
(872, 437, 134),
(873, 437, 78),
(874, 437, 70),
(875, 438, 9),
(876, 438, 79),
(877, 439, 6),
(878, 440, 4),
(879, 440, 135),
(880, 440, 8),
(881, 441, 9),
(882, 441, 11),
(883, 442, 9),
(884, 443, 82),
(885, 443, 3),
(886, 443, 22),
(887, 444, 47),
(888, 445, 3),
(889, 446, 13),
(890, 446, 1),
(891, 447, 136),
(892, 447, 137),
(893, 448, 9),
(894, 448, 3),
(895, 449, 112),
(896, 449, 138),
(897, 450, 3),
(898, 450, 7),
(899, 451, 6),
(900, 452, 58),
(901, 452, 25),
(902, 453, 43),
(903, 454, 7),
(904, 455, 5),
(905, 456, 6),
(906, 457, 17),
(907, 458, 27),
(908, 458, 57),
(909, 459, 10),
(910, 459, 6),
(911, 460, 18),
(912, 461, 79),
(913, 461, 131),
(914, 461, 46),
(915, 461, 11),
(916, 462, 43),
(917, 463, 9),
(918, 463, 71),
(919, 464, 22),
(920, 464, 50),
(921, 465, 49),
(922, 465, 71),
(923, 466, 17),
(924, 466, 3),
(925, 467, 43),
(926, 468, 5),
(927, 468, 40),
(928, 468, 74),
(929, 468, 139),
(930, 468, 140),
(931, 469, 78),
(932, 469, 37),
(933, 470, 43),
(934, 471, 7),
(935, 471, 4),
(936, 472, 103),
(937, 472, 27),
(938, 472, 3),
(939, 472, 49),
(940, 473, 71),
(941, 474, 4),
(942, 474, 33),
(943, 474, 60),
(944, 475, 9),
(945, 475, 3),
(946, 476, 43),
(947, 477, 58),
(948, 478, 58),
(949, 479, 84),
(950, 479, 2),
(951, 480, 43),
(952, 481, 6),
(953, 481, 47),
(954, 481, 141),
(955, 482, 58),
(956, 482, 123),
(957, 483, 79),
(958, 483, 9),
(959, 484, 7),
(960, 484, 26),
(961, 485, 17),
(962, 485, 22),
(963, 486, 6),
(964, 486, 47),
(965, 486, 20),
(966, 487, 3),
(967, 487, 49),
(968, 488, 17),
(969, 488, 114),
(970, 488, 8),
(971, 489, 22),
(972, 490, 5),
(973, 490, 7),
(974, 491, 40),
(975, 491, 10),
(976, 491, 6),
(977, 492, 9),
(978, 492, 49),
(979, 493, 17),
(980, 494, 49),
(981, 494, 71),
(982, 495, 5),
(983, 496, 3),
(984, 497, 71),
(985, 497, 17),
(986, 497, 5),
(987, 497, 13),
(988, 498, 71),
(989, 499, 40),
(990, 500, 33),
(991, 500, 72),
(992, 500, 6),
(993, 500, 37);

-- --------------------------------------------------------

--
-- Table structure for table `artist`
--

CREATE TABLE `artist` (
  `artist_id` int(11) NOT NULL,
  `artist_name` varchar(255) NOT NULL,
  `no_albums_on_list` int(11) DEFAULT NULL,
  `highest_rank_on_list` int(11) DEFAULT NULL,
  `highest_album_on_list` varchar(255) DEFAULT NULL,
  `artist_view_url` varchar(255) NOT NULL
) ENGINE=InnoDB DEFAULT CHARSET=utf8;

--
-- Dumping data for table `artist`
--

INSERT INTO `artist` (`artist_id`, `artist_name`, `no_albums_on_list`, `highest_rank_on_list`, `highest_album_on_list`, `artist_view_url`) VALUES
(1, 'The Beatles', NULL, NULL, NULL, 'https://music.apple.com/us/artist/the-beatles/136975?uo=4'),
(2, 'The Beach Boys', NULL, NULL, NULL, 'https://music.apple.com/us/artist/the-beach-boys/562555?uo=4'),
(3, 'Bob Dylan', NULL, NULL, NULL, 'https://music.apple.com/us/artist/bob-dylan/462006?uo=4'),
(4, 'Marvin Gaye', NULL, NULL, NULL, 'https://music.apple.com/us/artist/marvin-gaye/127329?uo=4'),
(5, 'The Rolling Stones', NULL, NULL, NULL, 'https://music.apple.com/us/artist/the-rolling-stones/1249595?uo=4'),
(6, 'The Clash', NULL, NULL, NULL, 'https://music.apple.com/us/artist/the-clash/522000?uo=4'),
(7, 'Elvis Presley', NULL, NULL, NULL, 'https://music.apple.com/us/artist/elvis-presley/197443?uo=4'),
(8, 'Miles Davis', NULL, NULL, NULL, 'https://music.apple.com/us/artist/miles-davis/44984?uo=4'),
(9, 'The Velvet Underground', NULL, NULL, NULL, 'https://music.apple.com/us/artist/the-velvet-underground/136829?uo=4'),
(10, 'The Jimi Hendrix Experience', NULL, NULL, NULL, 'https://music.apple.com/us/artist/the-jimi-hendrix-experience/62819?uo=4'),
(11, 'Nirvana', NULL, NULL, NULL, 'https://music.apple.com/us/artist/nirvana/112018?uo=4'),
(12, 'Bruce Springsteen', NULL, NULL, NULL, 'https://music.apple.com/us/artist/bruce-springsteen/178834?uo=4'),
(13, 'Van Morrison', NULL, NULL, NULL, 'https://music.apple.com/us/artist/van-morrison/253638?uo=4'),
(14, 'Michael Jackson', NULL, NULL, NULL, 'https://music.apple.com/us/artist/michael-jackson/32940?uo=4'),
(15, 'Chuck Berry', NULL, NULL, NULL, 'https://music.apple.com/us/artist/chuck-berry/343170?uo=4'),
(16, 'Robert Johnson', NULL, NULL, NULL, 'https://music.apple.com/us/artist/robert-johnson/314626?uo=4'),
(17, 'John Lennon / Plastic Ono Band', NULL, NULL, NULL, 'https://music.apple.com/us/artist/john-lennon/4416594?uo=4'),
(18, 'Stevie Wonder', NULL, NULL, NULL, 'https://music.apple.com/us/artist/stevie-wonder/46726?uo=4'),
(19, 'James Brown', NULL, NULL, NULL, 'https://music.apple.com/us/artist/james-brown/117118?uo=4'),
(20, 'Fleetwood Mac', NULL, NULL, NULL, 'https://music.apple.com/us/artist/fleetwood-mac/158038?uo=4'),
(21, 'U2', NULL, NULL, NULL, 'https://music.apple.com/us/artist/u2/78500?uo=4'),
(22, 'The Who', NULL, NULL, NULL, 'https://music.apple.com/us/artist/the-who/61499?uo=4'),
(23, 'Led Zeppelin', NULL, NULL, NULL, 'https://music.apple.com/us/artist/led-zeppelin/994656?uo=4'),
(24, 'Joni Mitchell', NULL, NULL, NULL, 'https://music.apple.com/us/artist/joni-mitchell/203373?uo=4'),
(25, 'Ramones', NULL, NULL, NULL, 'https://music.apple.com/us/artist/ramones/60715?uo=4'),
(26, 'The Band', NULL, NULL, NULL, 'https://music.apple.com/us/artist/the-band/556583?uo=4'),
(27, 'David Bowie', NULL, NULL, NULL, 'https://music.apple.com/us/artist/david-bowie/551695?uo=4'),
(28, 'Carole King', NULL, NULL, NULL, 'https://music.apple.com/us/artist/carole-king/34495?uo=4'),
(29, 'Eagles', NULL, NULL, NULL, 'https://music.apple.com/us/artist/eagles/1053549?uo=4'),
(30, 'Muddy Waters', NULL, NULL, NULL, 'https://music.apple.com/us/artist/muddy-waters/26643?uo=4'),
(31, 'Love', NULL, NULL, NULL, 'https://music.apple.com/us/artist/love/432307585?uo=4'),
(32, 'Sex Pistols', NULL, NULL, NULL, 'https://music.apple.com/us/artist/sex-pistols/3184277?uo=4'),
(33, 'The Doors', NULL, NULL, NULL, 'https://music.apple.com/us/artist/the-doors/1248588?uo=4'),
(34, 'Pink Floyd', NULL, NULL, NULL, 'https://music.apple.com/us/artist/pink-floyd/487143?uo=4'),
(35, 'Patti Smith', NULL, NULL, NULL, 'https://music.apple.com/us/artist/patti-smith/13762?uo=4'),
(36, 'Bob Marley & The Wailers', NULL, NULL, NULL, 'https://music.apple.com/us/artist/bob-marley-the-wailers/3174628?uo=4'),
(37, 'John Coltrane', NULL, NULL, NULL, 'https://music.apple.com/us/artist/john-coltrane/120199?uo=4'),
(38, 'Public Enemy', NULL, NULL, NULL, 'https://music.apple.com/us/artist/public-enemy/36954?uo=4'),
(39, 'The Allman Brothers Band', NULL, NULL, NULL, 'https://music.apple.com/us/artist/the-allman-brothers-band/127835?uo=4'),
(40, 'Little Richard', NULL, NULL, NULL, 'https://music.apple.com/us/artist/little-richard/1168275?uo=4'),
(41, 'Simon & Garfunkel', NULL, NULL, NULL, 'https://music.apple.com/us/artist/simon-garfunkel/461503?uo=4'),
(42, 'Al Green', NULL, NULL, NULL, 'https://music.apple.com/us/artist/al-green/99603?uo=4'),
(43, 'Ray Charles', NULL, NULL, NULL, 'https://music.apple.com/us/artist/ray-charles/160926?uo=4'),
(44, 'Creedence Clearwater Revival', NULL, NULL, NULL, 'https://music.apple.com/us/artist/creedence-clearwater-revival/2083606?uo=4'),
(45, 'Captain Beefheart & His Magic Band', NULL, NULL, NULL, 'https://music.apple.com/us/artist/captain-beefheart-his-magic-band/196223996?uo=4'),
(46, 'Sly & The Family Stone', NULL, NULL, NULL, 'https://music.apple.com/us/artist/sly-the-family-stone/651583?uo=4'),
(47, 'Guns N\' Roses', NULL, NULL, NULL, 'https://music.apple.com/us/artist/guns-n-roses/106621?uo=4'),
(48, 'Phil Spector', NULL, NULL, NULL, ''),
(49, 'Radiohead', NULL, NULL, NULL, 'https://music.apple.com/us/artist/radiohead/657515?uo=4'),
(50, 'Billy Joel', NULL, NULL, NULL, 'https://music.apple.com/us/artist/billy-joel/485953?uo=4'),
(51, 'Paul Simon', NULL, NULL, NULL, 'https://music.apple.com/us/artist/paul-simon/152016?uo=4'),
(52, 'Curtis Mayfield', NULL, NULL, NULL, 'https://music.apple.com/us/artist/curtis-mayfield/169711?uo=4'),
(53, 'Neil Young', NULL, NULL, NULL, 'https://music.apple.com/us/artist/neil-young/147370?uo=4'),
(54, 'Prince and the Revolution', NULL, NULL, NULL, 'https://music.apple.com/us/artist/prince/155814?uo=4'),
(55, 'AC/DC', NULL, NULL, NULL, 'https://music.apple.com/us/artist/ac-dc/5040714?uo=4'),
(56, 'Otis Redding', NULL, NULL, NULL, 'https://music.apple.com/us/artist/otis-redding/189254?uo=4'),
(57, 'John Lennon', NULL, NULL, NULL, 'https://music.apple.com/us/artist/john-lennon/4416594?uo=4'),
(58, 'Aretha Franklin', NULL, NULL, NULL, 'https://music.apple.com/us/artist/aretha-franklin/98742?uo=4'),
(59, 'Johnny Cash', NULL, NULL, NULL, 'https://music.apple.com/us/artist/johnny-cash/70936?uo=4'),
(60, 'Dusty Springfield', NULL, NULL, NULL, 'https://music.apple.com/us/artist/dusty-springfield/52293?uo=4'),
(61, 'Elton John', NULL, NULL, NULL, 'https://music.apple.com/us/artist/elton-john/54657?uo=4'),
(62, 'Buddy Holly', NULL, NULL, NULL, 'https://music.apple.com/us/artist/buddy-holly/337158?uo=4'),
(63, 'Prince', NULL, NULL, NULL, ''),
(64, 'Hank Williams', NULL, NULL, NULL, 'https://music.apple.com/us/artist/hank-williams/179722?uo=4'),
(65, 'Elvis Costello', NULL, NULL, NULL, 'https://music.apple.com/us/artist/elvis-costello-the-attractions/274923492?uo=4'),
(66, 'The Zombies', NULL, NULL, NULL, 'https://music.apple.com/us/artist/the-zombies/930280?uo=4'),
(67, 'Frank Sinatra', NULL, NULL, NULL, 'https://music.apple.com/us/artist/frank-sinatra/171366?uo=4'),
(68, 'Cream', NULL, NULL, NULL, 'https://music.apple.com/us/artist/cream/120593?uo=4'),
(69, 'James Taylor', NULL, NULL, NULL, 'https://music.apple.com/us/artist/james-taylor/207815?uo=4'),
(70, 'Sam Cooke', NULL, NULL, NULL, 'https://music.apple.com/us/artist/sam-cooke/1195231?uo=4'),
(71, 'The Mamas and the Papas', NULL, NULL, NULL, ''),
(72, 'Derek and the Dominos', NULL, NULL, NULL, ''),
(73, 'Kanye West', NULL, NULL, NULL, ''),
(74, 'Etta James', NULL, NULL, NULL, ''),
(75, 'The Byrds', NULL, NULL, NULL, ''),
(76, 'Various Artists', NULL, NULL, NULL, ''),
(77, 'Run D.M.C.', NULL, NULL, NULL, ''),
(78, 'Moby Grape', NULL, NULL, NULL, ''),
(79, 'Janis Joplin', NULL, NULL, NULL, ''),
(80, 'The Wailers', NULL, NULL, NULL, ''),
(81, 'Iggy and The Stooges', NULL, NULL, NULL, ''),
(82, 'Talking Heads', NULL, NULL, NULL, ''),
(83, 'Television', NULL, NULL, NULL, ''),
(84, 'Black Sabbath', NULL, NULL, NULL, ''),
(85, 'The Notorious B.I.G.', NULL, NULL, NULL, ''),
(86, 'Pavement', NULL, NULL, NULL, ''),
(87, 'The Replacements', NULL, NULL, NULL, ''),
(88, 'Dr. Dre', NULL, NULL, NULL, ''),
(89, 'The Meters', NULL, NULL, NULL, ''),
(90, 'Blondie', NULL, NULL, NULL, ''),
(91, 'B.B. King', NULL, NULL, NULL, ''),
(92, 'Dr. John, the Night Tripper', NULL, NULL, NULL, ''),
(93, 'N.W.A', NULL, NULL, NULL, ''),
(94, 'Steely Dan', NULL, NULL, NULL, ''),
(95, 'Jefferson Airplane', NULL, NULL, NULL, ''),
(96, 'Crosby, Stills, Nash & Young', NULL, NULL, NULL, ''),
(97, 'Santana', NULL, NULL, NULL, ''),
(98, 'Arcade Fire', NULL, NULL, NULL, ''),
(99, 'The B 52\'s', NULL, NULL, NULL, ''),
(100, 'A Tribe Called Quest', NULL, NULL, NULL, ''),
(101, 'Howlin\' Wolf', NULL, NULL, NULL, ''),
(102, 'Pretenders', NULL, NULL, NULL, ''),
(103, 'Beastie Boys', NULL, NULL, NULL, ''),
(104, 'Joy Division', NULL, NULL, NULL, ''),
(105, 'KISS', NULL, NULL, NULL, ''),
(106, 'T. Rex', NULL, NULL, NULL, ''),
(107, 'Linda Ronstadt', NULL, NULL, NULL, ''),
(108, 'Elvis Costello & The Attractions', NULL, NULL, NULL, ''),
(109, 'Metallica', NULL, NULL, NULL, ''),
(110, 'Rod Stewart', NULL, NULL, NULL, ''),
(111, 'Todd Rundgren', NULL, NULL, NULL, ''),
(112, 'Carpenters', NULL, NULL, NULL, ''),
(113, 'Aerosmith', NULL, NULL, NULL, ''),
(114, 'Funkadelic', NULL, NULL, NULL, ''),
(115, 'Curtis Mayfield and The Impressions', NULL, NULL, NULL, ''),
(116, 'ABBA', NULL, NULL, NULL, ''),
(117, 'Willie Nelson', NULL, NULL, NULL, ''),
(118, 'Madonna', NULL, NULL, NULL, ''),
(119, 'The Stooges', NULL, NULL, NULL, ''),
(120, 'Peter Gabriel', NULL, NULL, NULL, ''),
(121, 'Buffalo Springfield', NULL, NULL, NULL, ''),
(122, 'Quicksilver Messenger Service', NULL, NULL, NULL, ''),
(123, 'The Flying Burrito Brothers', NULL, NULL, NULL, ''),
(124, 'Green Day', NULL, NULL, NULL, ''),
(125, 'Lou Reed', NULL, NULL, NULL, ''),
(126, 'John Mayall & The Bluesbreakers', NULL, NULL, NULL, ''),
(127, 'R.E.M.', NULL, NULL, NULL, ''),
(128, 'Little Walter', NULL, NULL, NULL, ''),
(129, 'The Strokes', NULL, NULL, NULL, ''),
(130, 'Nine Inch Nails', NULL, NULL, NULL, ''),
(131, 'Cat Stevens', NULL, NULL, NULL, ''),
(132, 'Pearl Jam', NULL, NULL, NULL, ''),
(133, 'Neil Young & Crazy Horse', NULL, NULL, NULL, ''),
(134, 'Ike & Tina Turner', NULL, NULL, NULL, ''),
(135, 'New York Dolls', NULL, NULL, NULL, ''),
(136, 'Bo Diddley', NULL, NULL, NULL, ''),
(137, 'Bobby \"Blue\" Bland', NULL, NULL, NULL, ''),
(138, 'The Smiths', NULL, NULL, NULL, ''),
(139, 'My Bloody Valentine', NULL, NULL, NULL, ''),
(140, 'Professor Longhair', NULL, NULL, NULL, ''),
(141, 'Neil Diamond', NULL, NULL, NULL, ''),
(142, 'Pixies', NULL, NULL, NULL, ''),
(143, 'Eric B. & Rakim', NULL, NULL, NULL, ''),
(144, 'Bonnie Raitt', NULL, NULL, NULL, ''),
(145, 'Queen', NULL, NULL, NULL, ''),
(146, 'The Kinks', NULL, NULL, NULL, ''),
(147, 'Patsy Cline', NULL, NULL, NULL, ''),
(148, 'Jackie Wilson', NULL, NULL, NULL, ''),
(149, 'Eminem', NULL, NULL, NULL, ''),
(150, 'Jerry Lee Lewis', NULL, NULL, NULL, ''),
(151, 'The Mothers of Invention', NULL, NULL, NULL, ''),
(152, 'The Grateful Dead', NULL, NULL, NULL, ''),
(153, 'Ornette Coleman', NULL, NULL, NULL, ''),
(154, 'Jay Z', NULL, NULL, NULL, ''),
(155, 'Kraftwerk', NULL, NULL, NULL, ''),
(156, 'Whitney Houston', NULL, NULL, NULL, ''),
(157, 'Janet', NULL, NULL, NULL, ''),
(158, 'Grateful Dead', NULL, NULL, NULL, ''),
(159, 'Crosby, Stills & Nash', NULL, NULL, NULL, ''),
(160, 'Tracy Chapman', NULL, NULL, NULL, ''),
(161, 'Blood, Sweat & Tears', NULL, NULL, NULL, ''),
(162, 'The Jesus and Mary Chain', NULL, NULL, NULL, ''),
(163, 'Sleater Kinney', NULL, NULL, NULL, ''),
(164, 'Smokey Robinson & The Miracles', NULL, NULL, NULL, ''),
(165, 'LaBelle', NULL, NULL, NULL, ''),
(166, 'Parliament', NULL, NULL, NULL, ''),
(167, 'Janet Jackson', NULL, NULL, NULL, ''),
(168, 'Various', NULL, NULL, NULL, ''),
(169, 'Mary J. Blige', NULL, NULL, NULL, ''),
(170, 'Barry White', NULL, NULL, NULL, ''),
(171, 'The Cars', NULL, NULL, NULL, ''),
(172, 'X', NULL, NULL, NULL, ''),
(173, 'Bob Dylan and the Band', NULL, NULL, NULL, ''),
(174, 'MC5', NULL, NULL, NULL, ''),
(175, 'Leonard Cohen', NULL, NULL, NULL, ''),
(176, 'Weezer', NULL, NULL, NULL, ''),
(177, 'Dolly Parton', NULL, NULL, NULL, ''),
(178, 'Jeff Buckley', NULL, NULL, NULL, ''),
(179, 'Lucinda Williams', NULL, NULL, NULL, ''),
(180, 'Beck', NULL, NULL, NULL, ''),
(181, 'Red Hot Chili Peppers', NULL, NULL, NULL, ''),
(182, 'Jane\'s Addiction', NULL, NULL, NULL, ''),
(183, 'Lauryn Hill', NULL, NULL, NULL, ''),
(184, 'Tom Petty and the Heartbreakers', NULL, NULL, NULL, ''),
(185, 'The O\'Jays', NULL, NULL, NULL, ''),
(186, 'Nick Drake', NULL, NULL, NULL, ''),
(187, 'Randy Newman', NULL, NULL, NULL, ''),
(188, 'The Police', NULL, NULL, NULL, ''),
(189, 'Eric Clapton', NULL, NULL, NULL, ''),
(190, 'The Cure', NULL, NULL, NULL, ''),
(191, 'Liz Phair', NULL, NULL, NULL, ''),
(192, 'Sonic Youth', NULL, NULL, NULL, ''),
(193, 'Richard & Linda Thompson', NULL, NULL, NULL, ''),
(194, 'Graham Parker & The Rumour', NULL, NULL, NULL, ''),
(195, 'Soundgarden', NULL, NULL, NULL, ''),
(196, 'Jethro Tull', NULL, NULL, NULL, ''),
(197, 'Big Brother & the Holding Company', NULL, NULL, NULL, ''),
(198, 'Tom Waits', NULL, NULL, NULL, ''),
(199, 'Black Flag', NULL, NULL, NULL, ''),
(200, 'Moby', NULL, NULL, NULL, ''),
(201, 'Depeche Mode', NULL, NULL, NULL, ''),
(202, 'Meat Loaf', NULL, NULL, NULL, ''),
(203, 'De La Soul', NULL, NULL, NULL, ''),
(204, 'The Yardbirds', NULL, NULL, NULL, ''),
(205, 'Dire Straits', NULL, NULL, NULL, ''),
(206, 'Buzzcocks', NULL, NULL, NULL, ''),
(207, 'OutKast', NULL, NULL, NULL, ''),
(208, 'The Smashing Pumpkins', NULL, NULL, NULL, ''),
(209, 'New Order', NULL, NULL, NULL, ''),
(210, 'Rage Against the Machine', NULL, NULL, NULL, ''),
(211, 'Mott the Hoople', NULL, NULL, NULL, ''),
(212, 'Arctic Monkeys', NULL, NULL, NULL, ''),
(213, 'Roxy Music', NULL, NULL, NULL, ''),
(214, 'Jackson Browne', NULL, NULL, NULL, ''),
(215, 'Bjork', NULL, NULL, NULL, ''),
(216, 'John Lee Hooker', NULL, NULL, NULL, ''),
(217, 'Oasis', NULL, NULL, NULL, ''),
(218, 'TLC', NULL, NULL, NULL, ''),
(219, 'Toots & The Maytals', NULL, NULL, NULL, ''),
(220, 'The Modern Lovers', NULL, NULL, NULL, ''),
(221, 'Wu Tang Clan', NULL, NULL, NULL, ''),
(222, 'Don Henley', NULL, NULL, NULL, ''),
(223, 'The White Stripes', NULL, NULL, NULL, ''),
(224, 'M.I.A.', NULL, NULL, NULL, ''),
(225, 'LCD Soundsystem', NULL, NULL, NULL, ''),
(226, 'Massive Attack', NULL, NULL, NULL, ''),
(227, 'ZZ Top', NULL, NULL, NULL, ''),
(228, 'The Temptations', NULL, NULL, NULL, ''),
(229, 'Nas', NULL, NULL, NULL, ''),
(230, 'Lynyrd Skynyrd', NULL, NULL, NULL, ''),
(231, 'Dr. John', NULL, NULL, NULL, ''),
(232, 'Big Star', NULL, NULL, NULL, ''),
(233, 'PJ Harvey', NULL, NULL, NULL, ''),
(234, 'Sinead O\'Connor', NULL, NULL, NULL, ''),
(235, 'Wire', NULL, NULL, NULL, ''),
(236, 'Minutemen', NULL, NULL, NULL, ''),
(237, 'The Go Go\'s', NULL, NULL, NULL, ''),
(238, 'Van Halen', NULL, NULL, NULL, ''),
(239, 'Paul McCartney & Wings', NULL, NULL, NULL, ''),
(240, 'Portishead', NULL, NULL, NULL, ''),
(241, 'The Crickets', NULL, NULL, NULL, ''),
(242, 'The Ronettes', NULL, NULL, NULL, ''),
(243, 'Diana Ross & The Supremes', NULL, NULL, NULL, ''),
(244, 'Gram Parsons', NULL, NULL, NULL, ''),
(245, 'Cheap Trick', NULL, NULL, NULL, ''),
(246, 'Peter Wolf', NULL, NULL, NULL, ''),
(247, 'Brian Eno', NULL, NULL, NULL, ''),
(248, 'Vampire Weekend', NULL, NULL, NULL, ''),
(249, 'George Harrison', NULL, NULL, NULL, ''),
(250, 'Lil Wayne', NULL, NULL, NULL, ''),
(251, 'The Pogues', NULL, NULL, NULL, ''),
(252, 'Suicide', NULL, NULL, NULL, ''),
(253, 'DEVO', NULL, NULL, NULL, ''),
(254, 'War', NULL, NULL, NULL, ''),
(255, 'Steve Miller Band', NULL, NULL, NULL, ''),
(256, 'Stan Getz / Joao Gilberto featuring Antonio Carlos Jobim', NULL, NULL, NULL, ''),
(257, 'Amy Winehouse', NULL, NULL, NULL, ''),
(258, 'John Prine', NULL, NULL, NULL, ''),
(259, 'EPMD', NULL, NULL, NULL, ''),
(260, 'Alice Cooper', NULL, NULL, NULL, ''),
(261, 'Los Lobos', NULL, NULL, NULL, ''),
(262, 'My Morning Jacket', NULL, NULL, NULL, ''),
(263, 'The Drifters', NULL, NULL, NULL, ''),
(264, 'Hole', NULL, NULL, NULL, ''),
(265, 'Public Image Ltd.', NULL, NULL, NULL, ''),
(266, 'Echo and The Bunnymen', NULL, NULL, NULL, ''),
(267, 'Def Leppard', NULL, NULL, NULL, ''),
(268, 'The Magnetic Fields', NULL, NULL, NULL, ''),
(269, 'Coldplay', NULL, NULL, NULL, ''),
(270, 'The Paul Butterfield Blues Band', NULL, NULL, NULL, ''),
(271, 'Fugees', NULL, NULL, NULL, ''),
(272, 'L.L. Cool J', NULL, NULL, NULL, ''),
(273, 'George Michael', NULL, NULL, NULL, ''),
(274, 'Manu Chao', NULL, NULL, NULL, ''),
(275, 'Merle Haggard', NULL, NULL, NULL, ''),
(276, 'Loretta Lynn', NULL, NULL, NULL, ''),
(277, 'Raekwon', NULL, NULL, NULL, ''),
(278, 'D\'Angelo', NULL, NULL, NULL, ''),
(279, 'Steve Earle', NULL, NULL, NULL, ''),
(280, 'Gang of Four', NULL, NULL, NULL, ''),
(281, 'Earth, Wind & Fire', NULL, NULL, NULL, ''),
(282, 'Cyndi Lauper', NULL, NULL, NULL, ''),
(283, 'Husker Du', NULL, NULL, NULL, ''),
(284, 'Albert King', NULL, NULL, NULL, ''),
(285, 'Eurythmics', NULL, NULL, NULL, ''),
(286, 'Wilco', NULL, NULL, NULL, ''),
(287, 'MGMT', NULL, NULL, NULL, ''),
(288, 'Boz Scaggs', NULL, NULL, NULL, ''),
(289, 'The Stone Roses', NULL, NULL, NULL, '');

-- --------------------------------------------------------

--
-- Table structure for table `artist_genre`
--

CREATE TABLE `artist_genre` (
  `artist_genre_id` int(11) NOT NULL,
  `artist_id` int(11) NOT NULL,
  `genre_id` int(11) NOT NULL
) ENGINE=InnoDB DEFAULT CHARSET=utf8;

--
-- Dumping data for table `artist_genre`
--

INSERT INTO `artist_genre` (`artist_genre_id`, `artist_id`, `genre_id`) VALUES
(1, 1, 1),
(2, 2, 1),
(3, 3, 1),
(4, 1, 2),
(5, 4, 3),
(6, 5, 1),
(7, 6, 1),
(8, 3, 4),
(9, 7, 1),
(10, 8, 5),
(11, 9, 1),
(12, 10, 1),
(13, 10, 4),
(14, 11, 1),
(15, 12, 1),
(16, 13, 5),
(17, 13, 1),
(18, 13, 4),
(19, 13, 6),
(20, 13, 7),
(21, 13, 8),
(22, 14, 3),
(23, 14, 2),
(24, 15, 1),
(25, 16, 4),
(26, 17, 1),
(27, 18, 3),
(28, 19, 3),
(29, 20, 1),
(30, 21, 1),
(31, 22, 1),
(32, 23, 1),
(33, 24, 2),
(34, 3, 6),
(35, 3, 7),
(36, 3, 8),
(37, 25, 1),
(38, 26, 1),
(39, 27, 1),
(40, 28, 1),
(41, 28, 2),
(42, 29, 1),
(43, 30, 6),
(44, 30, 7),
(45, 30, 8),
(46, 31, 1),
(47, 32, 1),
(48, 33, 1),
(49, 34, 1),
(50, 35, 1),
(51, 26, 9),
(52, 26, 10),
(53, 36, 11),
(54, 37, 5),
(55, 38, 12),
(56, 39, 1),
(57, 39, 4),
(58, 40, 1),
(59, 40, 4),
(60, 41, 1),
(61, 42, 3),
(62, 43, 5),
(63, 43, 3),
(64, 5, 3),
(65, 5, 2),
(66, 44, 1),
(67, 45, 1),
(68, 45, 4),
(69, 46, 3),
(70, 47, 1),
(71, 21, 13),
(72, 48, 1),
(73, 48, 3),
(74, 48, 2),
(75, 13, 3),
(76, 49, 13),
(77, 49, 1),
(78, 50, 1),
(79, 51, 5),
(80, 51, 1),
(81, 51, 3),
(82, 51, 2),
(83, 51, 6),
(84, 51, 7),
(85, 51, 8),
(86, 52, 3),
(87, 52, 10),
(88, 53, 1),
(89, 54, 13),
(90, 54, 1),
(91, 54, 3),
(92, 54, 10),
(93, 55, 1),
(94, 56, 3),
(95, 57, 1),
(96, 58, 3),
(97, 59, 6),
(98, 59, 7),
(99, 59, 8),
(100, 60, 1),
(101, 60, 3),
(102, 61, 1),
(103, 62, 1),
(104, 63, 1),
(105, 63, 11),
(106, 64, 6),
(107, 64, 7),
(108, 64, 8),
(109, 65, 1),
(110, 66, 1),
(111, 67, 5),
(112, 67, 2),
(113, 68, 1),
(114, 68, 4),
(115, 69, 1),
(116, 43, 6),
(117, 43, 7),
(118, 43, 8),
(119, 70, 14),
(120, 70, 3),
(121, 71, 1),
(122, 24, 1),
(123, 72, 1),
(124, 73, 12),
(125, 74, 3),
(126, 74, 4),
(127, 75, 1),
(128, 76, 11),
(129, 76, 2),
(130, 76, 6),
(131, 76, 7),
(132, 76, 8),
(133, 76, 10),
(134, 77, 12),
(135, 78, 1),
(136, 79, 1),
(137, 79, 4),
(138, 80, 11),
(139, 81, 1),
(140, 82, 13),
(141, 82, 1),
(142, 83, 1),
(143, 84, 1),
(144, 76, 13),
(145, 85, 12),
(146, 86, 1),
(147, 87, 1),
(148, 88, 12),
(149, 89, 3),
(150, 90, 13),
(151, 90, 1),
(152, 91, 4),
(153, 92, 5),
(154, 92, 1),
(155, 92, 3),
(156, 92, 4),
(157, 93, 12),
(158, 94, 5),
(159, 94, 1),
(160, 95, 1),
(161, 96, 1),
(162, 97, 1),
(163, 97, 14),
(164, 97, 3),
(165, 98, 1),
(166, 99, 13),
(167, 99, 1),
(168, 99, 2),
(169, 100, 12),
(170, 101, 4),
(171, 102, 1),
(172, 103, 12),
(173, 103, 1),
(174, 103, 3),
(175, 104, 1),
(176, 105, 1),
(177, 106, 1),
(178, 63, 3),
(179, 63, 2),
(180, 107, 1),
(181, 107, 2),
(182, 108, 1),
(183, 109, 1),
(184, 110, 1),
(185, 111, 1),
(186, 112, 1),
(187, 112, 2),
(188, 113, 1),
(189, 114, 3),
(190, 115, 3),
(191, 116, 13),
(192, 116, 2),
(193, 5, 4),
(194, 20, 2),
(195, 117, 6),
(196, 117, 7),
(197, 117, 8),
(198, 118, 13),
(199, 118, 2),
(200, 119, 1),
(201, 120, 13),
(202, 120, 1),
(203, 120, 3),
(204, 120, 2),
(205, 121, 1),
(206, 121, 2),
(207, 122, 1),
(208, 7, 3),
(209, 7, 6),
(210, 7, 7),
(211, 7, 8),
(212, 123, 1),
(213, 123, 6),
(214, 123, 7),
(215, 123, 8),
(216, 124, 1),
(217, 125, 1),
(218, 126, 1),
(219, 126, 4),
(220, 76, 1),
(221, 127, 1),
(222, 128, 4),
(223, 129, 1),
(224, 130, 13),
(225, 130, 1),
(226, 41, 2),
(227, 41, 6),
(228, 41, 7),
(229, 41, 8),
(230, 131, 1),
(231, 131, 10),
(232, 132, 1),
(233, 133, 1),
(234, 134, 3),
(235, 135, 1),
(236, 136, 1),
(237, 136, 4),
(238, 137, 3),
(239, 137, 4),
(240, 138, 1),
(241, 138, 2),
(242, 139, 1),
(243, 140, 3),
(244, 140, 4),
(245, 141, 1),
(246, 141, 2),
(247, 142, 1),
(248, 143, 12),
(249, 144, 1),
(250, 144, 2),
(251, 145, 1),
(252, 146, 1),
(253, 147, 6),
(254, 147, 7),
(255, 147, 8),
(256, 148, 3),
(257, 149, 12),
(258, 150, 1),
(259, 150, 4),
(260, 150, 6),
(261, 150, 7),
(262, 150, 8),
(263, 151, 13),
(264, 151, 1),
(265, 152, 1),
(266, 153, 5),
(267, 154, 12),
(268, 27, 13),
(269, 155, 13),
(270, 156, 3),
(271, 156, 2),
(272, 157, 13),
(273, 157, 3),
(274, 157, 2),
(275, 117, 2),
(276, 158, 1),
(277, 159, 1),
(278, 159, 6),
(279, 159, 7),
(280, 159, 8),
(281, 160, 1),
(282, 43, 2),
(283, 161, 1),
(284, 162, 1),
(285, 163, 1),
(286, 164, 3),
(287, 165, 3),
(288, 166, 3),
(289, 167, 13),
(290, 167, 12),
(291, 167, 2),
(292, 168, 4),
(293, 168, 6),
(294, 168, 7),
(295, 168, 8),
(296, 169, 12),
(297, 30, 4),
(298, 170, 3),
(299, 171, 13),
(300, 171, 1),
(301, 172, 1),
(302, 173, 1),
(303, 174, 1),
(304, 175, 6),
(305, 175, 7),
(306, 175, 8),
(307, 176, 1),
(308, 177, 6),
(309, 177, 7),
(310, 177, 8),
(311, 178, 1),
(312, 179, 6),
(313, 179, 7),
(314, 179, 8),
(315, 180, 13),
(316, 180, 12),
(317, 180, 3),
(318, 180, 2),
(319, 1, 10),
(320, 181, 1),
(321, 168, 1),
(322, 168, 3),
(323, 168, 2),
(324, 182, 1),
(325, 183, 12),
(326, 184, 1),
(327, 185, 3),
(328, 186, 1),
(329, 186, 6),
(330, 186, 7),
(331, 186, 8),
(332, 187, 1),
(333, 187, 2),
(334, 188, 1),
(335, 188, 2),
(336, 27, 3),
(337, 189, 1),
(338, 190, 13),
(339, 190, 1),
(340, 191, 1),
(341, 192, 1),
(342, 193, 1),
(343, 193, 6),
(344, 193, 7),
(345, 193, 8),
(346, 194, 1),
(347, 194, 4),
(348, 195, 1),
(349, 196, 1),
(350, 197, 1),
(351, 198, 5),
(352, 198, 2),
(353, 198, 6),
(354, 198, 7),
(355, 198, 8),
(356, 199, 1),
(357, 200, 13),
(358, 201, 13),
(359, 202, 1),
(360, 82, 3),
(361, 203, 12),
(362, 30, 1),
(363, 204, 1),
(364, 204, 4),
(365, 205, 1),
(366, 50, 5),
(367, 50, 2),
(368, 206, 1),
(369, 207, 12),
(370, 207, 3),
(371, 208, 1),
(372, 209, 13),
(373, 210, 12),
(374, 210, 1),
(375, 211, 1),
(376, 212, 1),
(377, 213, 1),
(378, 214, 1),
(379, 215, 13),
(380, 216, 4),
(381, 217, 1),
(382, 217, 2),
(383, 218, 13),
(384, 218, 12),
(385, 218, 3),
(386, 219, 11),
(387, 220, 1),
(388, 221, 12),
(389, 76, 3),
(390, 222, 1),
(391, 223, 1),
(392, 224, 13),
(393, 224, 12),
(394, 224, 11),
(395, 224, 2),
(396, 225, 13),
(397, 225, 1),
(398, 226, 13),
(399, 226, 11),
(400, 227, 1),
(401, 198, 1),
(402, 198, 4),
(403, 228, 13),
(404, 228, 3),
(405, 229, 12),
(406, 230, 1),
(407, 231, 3),
(408, 232, 1),
(409, 233, 1),
(410, 6, 11),
(411, 234, 1),
(412, 234, 3),
(413, 234, 4),
(414, 235, 1),
(415, 236, 1),
(416, 237, 1),
(417, 238, 1),
(418, 198, 13),
(419, 239, 1),
(420, 240, 13),
(421, 241, 1),
(422, 241, 2),
(423, 242, 1),
(424, 242, 2),
(425, 243, 13),
(426, 243, 3),
(427, 244, 1),
(428, 244, 6),
(429, 244, 7),
(430, 244, 8),
(431, 245, 1),
(432, 246, 1),
(433, 246, 4),
(434, 246, 2),
(435, 247, 13),
(436, 248, 1),
(437, 247, 1),
(438, 249, 1),
(439, 180, 1),
(440, 250, 12),
(441, 250, 3),
(442, 251, 1),
(443, 251, 6),
(444, 251, 7),
(445, 251, 8),
(446, 252, 13),
(447, 252, 1),
(448, 253, 1),
(449, 254, 3),
(450, 255, 1),
(451, 256, 5),
(452, 257, 3),
(453, 257, 2),
(454, 258, 6),
(455, 258, 7),
(456, 258, 8),
(457, 259, 12),
(458, 260, 1),
(459, 261, 1),
(460, 261, 14),
(461, 262, 1),
(462, 61, 6),
(463, 61, 7),
(464, 61, 8),
(465, 263, 1),
(466, 263, 3),
(467, 264, 1),
(468, 265, 13),
(469, 265, 1),
(470, 266, 1),
(471, 267, 1),
(472, 268, 13),
(473, 268, 1),
(474, 269, 1),
(475, 270, 1),
(476, 270, 4),
(477, 271, 12),
(478, 272, 12),
(479, 273, 13),
(480, 273, 1),
(481, 273, 3),
(482, 273, 4),
(483, 273, 2),
(484, 274, 1),
(485, 274, 11),
(486, 274, 14),
(487, 275, 6),
(488, 275, 7),
(489, 275, 8),
(490, 276, 6),
(491, 276, 7),
(492, 276, 8),
(493, 114, 1),
(494, 277, 12),
(495, 278, 12),
(496, 278, 3),
(497, 279, 1),
(498, 279, 6),
(499, 279, 7),
(500, 279, 8),
(501, 280, 1),
(502, 281, 3),
(503, 282, 13),
(504, 282, 1),
(505, 283, 1),
(506, 284, 3),
(507, 284, 4),
(508, 285, 13),
(509, 285, 2),
(510, 286, 1),
(511, 287, 13),
(512, 287, 1),
(513, 287, 2),
(514, 288, 1),
(515, 289, 1);

-- --------------------------------------------------------

--
-- Table structure for table `genre`
--

CREATE TABLE `genre` (
  `genre_id` int(11) NOT NULL,
  `genre_name` varchar(255) NOT NULL,
  `no_times_on_list` int(11) DEFAULT NULL,
  `no_subgenres` int(11) DEFAULT NULL,
  `no_artists` int(11) DEFAULT NULL
) ENGINE=InnoDB DEFAULT CHARSET=utf8;

--
-- Dumping data for table `genre`
--

INSERT INTO `genre` (`genre_id`, `genre_name`, `no_times_on_list`, `no_subgenres`, `no_artists`) VALUES
(1, 'Rock', NULL, NULL, NULL),
(2, 'Pop', NULL, NULL, NULL),
(3, 'Funk / Soul', NULL, NULL, NULL),
(4, 'Blues', NULL, NULL, NULL),
(5, 'Jazz', NULL, NULL, NULL),
(6, 'Folk', NULL, NULL, NULL),
(7, 'World', NULL, NULL, NULL),
(8, 'Country', NULL, NULL, NULL),
(9, 'Classical', NULL, NULL, NULL),
(10, 'Stage & Screen', NULL, NULL, NULL),
(11, 'Reggae', NULL, NULL, NULL),
(12, 'Hip Hop', NULL, NULL, NULL),
(13, 'Electronic', NULL, NULL, NULL),
(14, 'Latin', NULL, NULL, NULL);

-- --------------------------------------------------------

--
-- Table structure for table `sub_genre`
--

CREATE TABLE `sub_genre` (
  `subgenre_id` int(11) NOT NULL,
  `subgenre_name` varchar(255) NOT NULL,
  `no_times_on_list` int(11) DEFAULT NULL,
  `no_artists` int(11) DEFAULT NULL,
  `sub_genre_description` int(255) DEFAULT NULL
) ENGINE=InnoDB DEFAULT CHARSET=utf8;

--
-- Dumping data for table `sub_genre`
--

INSERT INTO `sub_genre` (`subgenre_id`, `subgenre_name`, `no_times_on_list`, `no_artists`, `sub_genre_description`) VALUES
(1, 'Rock & Roll', NULL, NULL, NULL),
(2, 'Psychedelic Rock', NULL, NULL, NULL),
(3, 'Pop Rock', NULL, NULL, NULL),
(4, 'Folk Rock', NULL, NULL, NULL),
(5, 'Blues Rock', NULL, NULL, NULL),
(6, 'Soul', NULL, NULL, NULL),
(7, 'Classic Rock', NULL, NULL, NULL),
(8, 'Punk', NULL, NULL, NULL),
(9, 'New Wave', NULL, NULL, NULL),
(10, 'Rhythm & Blues', NULL, NULL, NULL),
(11, 'Experimental', NULL, NULL, NULL),
(12, 'Modal', NULL, NULL, NULL),
(13, 'Garage Rock', NULL, NULL, NULL),
(14, 'Art Rock', NULL, NULL, NULL),
(15, 'Acoustic', NULL, NULL, NULL),
(16, 'Ballad', NULL, NULL, NULL),
(17, 'Alternative Rock', NULL, NULL, NULL),
(18, 'Grunge', NULL, NULL, NULL),
(19, 'Free Improvisation', NULL, NULL, NULL),
(20, 'Disco', NULL, NULL, NULL),
(21, 'Delta Blues', NULL, NULL, NULL),
(22, 'Hard Rock', NULL, NULL, NULL),
(23, 'Mod', NULL, NULL, NULL),
(24, 'Prog Rock', NULL, NULL, NULL),
(25, 'Folk', NULL, NULL, NULL),
(26, 'Glam', NULL, NULL, NULL),
(27, 'Soft Rock', NULL, NULL, NULL),
(28, 'Beat', NULL, NULL, NULL),
(29, 'Soundtrack', NULL, NULL, NULL),
(30, 'Modern Classical', NULL, NULL, NULL),
(31, 'Contemporary', NULL, NULL, NULL),
(32, 'Score', NULL, NULL, NULL),
(33, 'Reggae', NULL, NULL, NULL),
(34, 'Roots Reggae', NULL, NULL, NULL),
(35, 'Free Jazz', NULL, NULL, NULL),
(36, 'Hard Bop', NULL, NULL, NULL),
(37, 'Conscious', NULL, NULL, NULL),
(38, 'Big Band', NULL, NULL, NULL),
(39, 'Soul-Jazz', NULL, NULL, NULL),
(40, 'Electric Blues', NULL, NULL, NULL),
(41, 'Rockabilly', NULL, NULL, NULL),
(42, 'Southern Rock', NULL, NULL, NULL),
(43, 'None', NULL, NULL, NULL),
(44, 'Dialogue', NULL, NULL, NULL),
(45, 'Field Recording', NULL, NULL, NULL),
(46, 'Avantgarde', NULL, NULL, NULL),
(47, 'Funk', NULL, NULL, NULL),
(48, 'Heavy Metal', NULL, NULL, NULL),
(49, 'Synth-pop', NULL, NULL, NULL),
(50, 'Arena Rock', NULL, NULL, NULL),
(51, 'Doo Wop', NULL, NULL, NULL),
(52, 'Contemporary Jazz', NULL, NULL, NULL),
(53, 'IDM', NULL, NULL, NULL),
(54, 'African', NULL, NULL, NULL),
(55, 'Afrobeat', NULL, NULL, NULL),
(56, 'Zydeco', NULL, NULL, NULL),
(57, 'Country Rock', NULL, NULL, NULL),
(58, 'Country', NULL, NULL, NULL),
(59, 'Ska', NULL, NULL, NULL),
(60, 'Reggae-Pop', NULL, NULL, NULL),
(61, 'Fusion', NULL, NULL, NULL),
(62, 'Gospel', NULL, NULL, NULL),
(63, 'Cha-Cha', NULL, NULL, NULL),
(64, 'Psychedelic', NULL, NULL, NULL),
(65, 'Roots Reggae', NULL, NULL, NULL),
(66, 'Rocksteady', NULL, NULL, NULL),
(67, 'Contemporary', NULL, NULL, NULL),
(68, 'Soundtrack', NULL, NULL, NULL),
(69, 'Disco', NULL, NULL, NULL),
(70, 'Thug Rap', NULL, NULL, NULL),
(71, 'Indie Rock', NULL, NULL, NULL),
(72, 'Gangsta', NULL, NULL, NULL),
(73, 'Bayou Funk', NULL, NULL, NULL),
(74, 'Chicago Blues', NULL, NULL, NULL),
(75, 'Louisiana Blues', NULL, NULL, NULL),
(76, 'Jazz-Rock', NULL, NULL, NULL),
(77, 'Afro-Cuban', NULL, NULL, NULL),
(78, 'Pop Rap', NULL, NULL, NULL),
(79, 'Post-Punk', NULL, NULL, NULL),
(80, 'Thrash', NULL, NULL, NULL),
(81, 'Speed Metal', NULL, NULL, NULL),
(82, 'Power Pop', NULL, NULL, NULL),
(83, 'Vocal', NULL, NULL, NULL),
(84, 'P.Funk', NULL, NULL, NULL),
(85, 'Europop', NULL, NULL, NULL),
(86, 'Acid Rock', NULL, NULL, NULL),
(87, 'Pop Punk', NULL, NULL, NULL),
(88, 'Electric Blues', NULL, NULL, NULL),
(89, 'Harmonica Blues', NULL, NULL, NULL),
(90, 'Psychedelic Rock', NULL, NULL, NULL),
(91, 'Industrial', NULL, NULL, NULL),
(92, 'Shoegaze', NULL, NULL, NULL),
(93, 'Piano Blues', NULL, NULL, NULL),
(94, 'Hardcore Hip-Hop', NULL, NULL, NULL),
(95, 'Horrorcore', NULL, NULL, NULL),
(96, 'Country Blues', NULL, NULL, NULL),
(97, 'Musique Concr?te', NULL, NULL, NULL),
(98, 'Symphonic Rock', NULL, NULL, NULL),
(99, 'Parody', NULL, NULL, NULL),
(100, 'Ambient', NULL, NULL, NULL),
(101, 'Electro', NULL, NULL, NULL),
(102, 'RnB/Swing', NULL, NULL, NULL),
(103, 'Downtempo', NULL, NULL, NULL),
(104, 'Noise', NULL, NULL, NULL),
(105, 'Cajun', NULL, NULL, NULL),
(106, 'Contemporary R&B', NULL, NULL, NULL),
(107, 'Emo', NULL, NULL, NULL),
(108, 'Hip Hop', NULL, NULL, NULL),
(109, 'Abstract', NULL, NULL, NULL),
(110, 'Easy Listening', NULL, NULL, NULL),
(111, 'Funk Metal', NULL, NULL, NULL),
(112, 'Lo-Fi', NULL, NULL, NULL),
(113, 'Spoken Word', NULL, NULL, NULL),
(114, 'Hardcore', NULL, NULL, NULL),
(115, 'Breakbeat', NULL, NULL, NULL),
(116, 'Leftfield', NULL, NULL, NULL),
(117, 'AOR', NULL, NULL, NULL),
(118, 'Latin Jazz', NULL, NULL, NULL),
(119, 'Classic Rock', NULL, NULL, NULL),
(120, 'Crunk', NULL, NULL, NULL),
(121, 'House', NULL, NULL, NULL),
(122, 'Techno', NULL, NULL, NULL),
(123, 'Honky Tonk', NULL, NULL, NULL),
(124, 'Jump Blues', NULL, NULL, NULL),
(125, 'Brit Pop', NULL, NULL, NULL),
(126, 'Reggae Gospel', NULL, NULL, NULL),
(127, 'Rocksteady', NULL, NULL, NULL),
(128, 'Grime', NULL, NULL, NULL),
(129, 'Bollywood', NULL, NULL, NULL),
(130, 'Dancehall', NULL, NULL, NULL),
(131, 'Dub', NULL, NULL, NULL),
(132, 'Trip Hop', NULL, NULL, NULL),
(133, 'Post Rock', NULL, NULL, NULL),
(134, 'Screw', NULL, NULL, NULL),
(135, 'Celtic', NULL, NULL, NULL),
(136, 'Bossa Nova', NULL, NULL, NULL),
(137, 'Latin Jazz', NULL, NULL, NULL),
(138, 'Indie Rock', NULL, NULL, NULL),
(139, 'Modern Electric Blues', NULL, NULL, NULL),
(140, 'Harmonica Blues', NULL, NULL, NULL),
(141, 'Neo Soul', NULL, NULL, NULL);

-- --------------------------------------------------------

--
-- Table structure for table `user`
--

CREATE TABLE `user` (
  `user_id` int(11) NOT NULL,
  `username` varchar(255) NOT NULL,
  `email` varchar(255) NOT NULL,
  `password` varchar(255) NOT NULL,
  `profile_picture` varchar(255) NOT NULL,
  `biography` varchar(255) DEFAULT NULL,
  `user_role` int(11) NOT NULL
) ENGINE=InnoDB DEFAULT CHARSET=utf8;

--
-- Dumping data for table `user`
--

INSERT INTO `user` (`user_id`, `username`, `email`, `password`, `profile_picture`, `biography`, `user_role`) VALUES
(135, 'droddy', 'droddy@mail.com', 'password', 'uploads/live_concert3.jpg', 'My cool new bio', 1),
(137, 'newuser', 'mail@maily.com', 'passy', 'uploads/', NULL, 1),
(138, 'userName', 'mail@mail.com', 'passwor', 'uploads/', NULL, 1),
(139, 'userName1', 'mail11111@mail.com', 'Passwordy', 'uploads/', NULL, 1),
(140, '', '', '', 'uploads/', NULL, 1),
(141, 'danTheMan990', 'dannyBoiii@mail.com', 'Password', 'uploads/live_concert3.jpg', NULL, 1),
(142, 'dansNewAccount', 'dansEmail@mail.com', 'Password', 'uploads/bass_guitar.jpg', 'hashahahahahss', 1),
(143, 'newUser19292', 'email@mail.com', 'password', 'uploads/DJ.jpg', 'My brand new bio.', 1),
(144, 'coolNewUser007', 'coolUser007@mail.com', 'password', 'uploads/live_concert original.jpg', 'I am one of the coolest people you will meet.', 1),
(145, 'newUserProfilePicTest', 'email1312312@mail.com', 'password', 'uploads/live_concert.jpg', NULL, 1),
(147, 'profilePicTest', 'profilepictest@mail.com', 'password', 'uploads/rolling_stones.jpg', NULL, 1),
(148, 'picTest', 'picTest@mail.com', 'password', 'uploads/rolling_stones.jpg', NULL, 1),
(149, 'picTest', 'picTest@mail.com', 'password', 'uploads/rolling_stones.jpg', NULL, 1),
(150, 'picturTest', 'Mail1@mail.com', 'password', 'uploads/live_concert.jpg', NULL, 1),
(151, 'picturTest', 'Mail1@mail.com', 'password', 'uploads/live_concert.jpg', NULL, 1),
(152, 'picturTest', 'Mail1@mail.com', 'password', 'uploads/live_concert.jpg', NULL, 1),
(153, 'picturTest', 'Mail1@mail.com', 'password', 'uploads/live_concert.jpg', NULL, 1),
(154, 'picturTest', 'Mail1@mail.com', 'password', 'uploads/live_concert.jpg', NULL, 1),
(155, 'picturTest', 'Mail1@mail.com', 'password', 'uploads/live_concert.jpg', NULL, 1),
(156, 'picturTest1', 'Mail11@mail.com', 'asdasdasd', 'uploads/live_concert2.jpg', NULL, 1),
(157, 'picturTest1', 'Mail11@mail.com', 'asdasdasd', 'uploads/live_concert2.jpg', NULL, 1),
(158, 'picturTest1', 'Mail11@mail.com', 'asdasdasd', 'uploads/live_concert2.jpg', NULL, 1),
(159, 'picturTest1', 'Mail11@mail.com', 'asdasdasd', 'uploads/live_concert2.jpg', NULL, 1),
(160, 'picturTest1', 'Mail11@mail.com', 'asdasdasd', 'uploads/live_concert2.jpg', NULL, 1),
(161, 'picturTest1', 'Mail11@mail.com', 'asdasdasd', 'uploads/live_concert2.jpg', NULL, 1),
(162, 'picturTest1', 'Mail11@mail.com', 'asdasdasd', 'uploads/live_concert2.jpg', NULL, 1),
(163, 'picturTest1', 'Mail11@mail.com', 'asdasdasd', 'uploads/live_concert2.jpg', NULL, 1),
(164, 'picturTest1', 'Mail11@mail.com', 'asdasdasd', 'uploads/live_concert2.jpg', NULL, 1),
(165, 'picturTest11', 'Mail111@mail.com', 'asdas', 'uploads/live_concert2.jpg', NULL, 1),
(166, 'picturTest111', 'Mail1111@mail.com', 'pass', 'uploads/live_concert2.jpg', NULL, 1),
(167, 'picturTest111', 'Mail1111@mail.com', 'pass', 'uploads/live_concert2.jpg', NULL, 1),
(168, 'picturTest111', 'Mail1111@mail.com', 'pass', 'uploads/live_concert2.jpg', NULL, 1),
(169, 'picturTest1111', 'Mail111111@mail.com', 'asdasd', 'uploads/live_concert2.jpg', NULL, 1),
(170, 'picturTest11111', 'Mail1111111@mail.com', 'passs', 'uploads/live_concert4.jpg', NULL, 1),
(171, 'picturTest111111', 'Mail111111111@mail.com', 'password', 'uploads/live_concert2.jpg', NULL, 1),
(172, 'picturTest111111', 'Mail111111111@mail.com', 'password', 'uploads/live_concert2.jpg', NULL, 1),
(173, 'picturTest111111', 'Mail111111111@mail.com', 'password', 'uploads/live_concert2.jpg', NULL, 1),
(174, 'picturTest111111', 'Mail111111111@mail.com', 'password', 'uploads/live_concert2.jpg', NULL, 1),
(175, 'newUserPicTest', 'picTest44401@mail.com', 'password', 'uploads/DJ.jpg', 'My cool bio', 1),
(176, 'bestUserEver', 'bestUser@mail.com', 'password', 'uploads/rolling_stones.jpg', NULL, 1),
(178, 'droddy007', 'dansmail@mail.com', 'password', 'uploads/DJ.jpg', 'My new bio!', 1);

-- --------------------------------------------------------

--
-- Table structure for table `user_album_comment`
--

CREATE TABLE `user_album_comment` (
  `user_review_album_id` int(11) NOT NULL,
  `user_id` int(11) NOT NULL,
  `user_review` varchar(255) NOT NULL,
  `comment_approved` tinyint(1) NOT NULL,
  `comment_likes` int(11) NOT NULL,
  `comment_time` timestamp NOT NULL DEFAULT CURRENT_TIMESTAMP ON UPDATE CURRENT_TIMESTAMP,
  `album_id` int(11) NOT NULL
) ENGINE=InnoDB DEFAULT CHARSET=utf8;

--
-- Dumping data for table `user_album_comment`
--

INSERT INTO `user_album_comment` (`user_review_album_id`, `user_id`, `user_review`, `comment_approved`, `comment_likes`, `comment_time`, `album_id`) VALUES
(10, 135, 'Such a great album', 1, 0, '2022-02-22 21:15:35', 1),
(11, 135, 'Love this album for real', 1, 0, '2022-02-22 21:15:40', 1),
(12, 135, 'Classic Beatles', 1, 0, '2022-02-22 21:15:43', 3),
(13, 135, 'Terrific album', 1, 0, '2022-02-22 21:15:50', 3);

-- --------------------------------------------------------

--
-- Table structure for table `user_favourite_album`
--

CREATE TABLE `user_favourite_album` (
  `user_favourite_album_id` int(11) NOT NULL,
  `user_id` int(11) NOT NULL,
  `album_id` int(11) NOT NULL
) ENGINE=InnoDB DEFAULT CHARSET=utf8;

--
-- Dumping data for table `user_favourite_album`
--

INSERT INTO `user_favourite_album` (`user_favourite_album_id`, `user_id`, `album_id`) VALUES
(30, 132, 349),
(31, 142, 3),
(33, 142, 2),
(42, 176, 3),
(44, 177, 2),
(45, 178, 3),
(46, 178, 2),
(47, 140, 1),
(55, 135, 1),
(59, 135, 2),
(63, 135, 9),
(64, 135, 31);

-- --------------------------------------------------------

--
-- Table structure for table `user_fav_genre`
--

CREATE TABLE `user_fav_genre` (
  `user_fav_genre_id` int(11) NOT NULL,
  `user_id` int(11) NOT NULL,
  `genre_id` int(11) NOT NULL
) ENGINE=InnoDB DEFAULT CHARSET=utf8;

--
-- Dumping data for table `user_fav_genre`
--

INSERT INTO `user_fav_genre` (`user_fav_genre_id`, `user_id`, `genre_id`) VALUES
(1, 73, 3),
(2, 83, 2),
(3, 84, 1),
(4, 84, 5),
(5, 84, 6),
(6, 84, 14),
(7, 85, 1),
(8, 85, 5),
(9, 85, 11),
(10, 86, 1),
(11, 86, 5),
(12, 86, 11),
(13, 87, 1),
(14, 87, 5),
(15, 87, 11),
(16, 88, 1),
(17, 88, 5),
(18, 88, 11),
(19, 89, 1),
(20, 89, 5),
(21, 89, 11),
(22, 90, 3),
(23, 90, 10),
(24, 90, 12),
(25, 91, 1),
(26, 91, 7),
(27, 91, 12),
(28, 92, 1),
(29, 92, 7),
(30, 92, 12),
(31, 93, 1),
(32, 93, 7),
(33, 93, 12),
(34, 94, 1),
(35, 94, 7),
(36, 94, 12),
(37, 95, 1),
(38, 95, 7),
(39, 95, 12),
(40, 96, 1),
(41, 96, 7),
(42, 96, 12),
(43, 97, 1),
(44, 97, 7),
(45, 97, 12),
(46, 98, 1),
(47, 98, 7),
(48, 98, 12),
(49, 99, 1),
(50, 99, 7),
(51, 99, 12),
(52, 100, 1),
(53, 100, 7),
(54, 100, 12),
(55, 101, 1),
(56, 101, 7),
(57, 101, 12),
(58, 102, 1),
(59, 102, 7),
(60, 102, 12),
(61, 103, 1),
(62, 103, 7),
(63, 103, 12),
(64, 104, 1),
(65, 104, 7),
(66, 104, 12),
(67, 105, 1),
(68, 105, 7),
(69, 105, 12),
(70, 107, 1),
(71, 107, 6),
(72, 109, 2),
(73, 109, 6),
(74, 110, 2),
(75, 110, 6),
(76, 111, 2),
(77, 111, 6),
(78, 112, 2),
(79, 112, 6),
(80, 113, 2),
(81, 113, 6),
(82, 114, 2),
(83, 114, 6),
(84, 115, 6),
(85, 115, 9),
(86, 116, 3),
(87, 116, 8),
(88, 119, 2),
(89, 119, 3),
(90, 119, 11),
(91, 120, 1),
(92, 120, 6),
(93, 120, 12),
(94, 120, 13),
(95, 121, 1),
(96, 121, 2),
(97, 121, 6),
(98, 122, 9),
(99, 122, 12),
(100, 123, 9),
(101, 123, 12),
(102, 124, 9),
(103, 124, 12),
(104, 132, 1),
(105, 132, 3),
(106, 132, 6),
(107, 133, 5),
(108, 133, 8),
(109, 133, 11),
(110, 134, 1),
(111, 134, 5),
(112, 134, 7),
(113, 137, 1),
(114, 137, 6),
(115, 137, 9),
(116, 139, 2),
(117, 139, 7),
(118, 139, 11),
(119, 141, 1),
(120, 141, 3),
(121, 141, 5),
(122, 142, 1),
(123, 142, 5),
(124, 142, 8),
(125, 143, 1),
(126, 143, 2),
(127, 143, 5),
(128, 144, 1),
(129, 144, 3),
(130, 144, 7),
(131, 146, 2),
(132, 146, 5),
(133, 146, 7),
(134, 147, 1),
(135, 147, 2),
(136, 147, 5),
(137, 148, 1),
(138, 148, 6),
(139, 149, 1),
(140, 149, 6),
(141, 150, 6),
(142, 150, 8),
(143, 151, 6),
(144, 151, 8),
(145, 152, 6),
(146, 152, 8),
(147, 153, 6),
(148, 153, 8),
(149, 154, 6),
(150, 154, 8),
(151, 155, 6),
(152, 155, 8),
(153, 156, 6),
(154, 156, 8),
(155, 157, 6),
(156, 157, 8),
(157, 158, 6),
(158, 158, 8),
(159, 159, 6),
(160, 159, 8),
(161, 160, 6),
(162, 160, 8),
(163, 161, 6),
(164, 161, 8),
(165, 162, 6),
(166, 162, 8),
(167, 163, 6),
(168, 163, 8),
(169, 164, 6),
(170, 164, 8),
(171, 165, 6),
(172, 165, 8),
(173, 166, 6),
(174, 166, 8),
(175, 167, 6),
(176, 167, 8),
(177, 168, 6),
(178, 168, 8),
(179, 169, 6),
(180, 169, 8),
(181, 170, 6),
(182, 170, 8),
(183, 171, 6),
(184, 171, 8),
(185, 172, 6),
(186, 172, 8),
(187, 173, 6),
(188, 173, 8),
(189, 174, 6),
(190, 174, 8),
(191, 175, 1),
(192, 175, 3),
(193, 175, 5),
(194, 176, 1),
(195, 176, 5),
(196, 176, 6),
(197, 177, 1),
(198, 177, 12),
(199, 177, 13),
(200, 178, 1),
(201, 178, 12),
(202, 178, 13);

-- --------------------------------------------------------

--
-- Table structure for table `user_owned_album`
--

CREATE TABLE `user_owned_album` (
  `user_owned_album_id` int(11) NOT NULL,
  `user_id` int(11) NOT NULL,
  `album_id` int(11) NOT NULL
) ENGINE=InnoDB DEFAULT CHARSET=utf8;

--
-- Dumping data for table `user_owned_album`
--

INSERT INTO `user_owned_album` (`user_owned_album_id`, `user_id`, `album_id`) VALUES
(42, 132, 3),
(69, 176, 3),
(71, 177, 2),
(73, 135, 2),
(75, 135, 9);

-- --------------------------------------------------------

--
-- Table structure for table `user_rating`
--

CREATE TABLE `user_rating` (
  `user_rating_id` int(11) NOT NULL,
  `user_id` int(11) NOT NULL,
  `user_rating` int(11) NOT NULL,
  `album_id` int(11) NOT NULL
) ENGINE=InnoDB DEFAULT CHARSET=utf8;

--
-- Dumping data for table `user_rating`
--

INSERT INTO `user_rating` (`user_rating_id`, `user_id`, `user_rating`, `album_id`) VALUES
(2, 135, 3, 9),
(3, 135, 4, 2),
(4, 144, 1, 2),
(5, 155, 5, 2),
(6, 188, 5, 2),
(7, 172, 2, 2),
(8, 135, 3, 1),
(9, 135, 3, 31);

-- --------------------------------------------------------

--
-- Table structure for table `user_role`
--

CREATE TABLE `user_role` (
  `user_role_id` int(11) NOT NULL,
  `user_role_name` varchar(255) NOT NULL,
  `privileges` int(11) NOT NULL
) ENGINE=InnoDB DEFAULT CHARSET=utf8;

-- --------------------------------------------------------

--
-- Table structure for table `year`
--

CREATE TABLE `year` (
  `year_id` int(11) NOT NULL,
  `year` year(4) NOT NULL,
  `no_albums_released` int(11) DEFAULT NULL,
  `artist_music_releases` int(11) DEFAULT NULL
) ENGINE=InnoDB DEFAULT CHARSET=utf8;

--
-- Dumping data for table `year`
--

INSERT INTO `year` (`year_id`, `year`, `no_albums_released`, `artist_music_releases`) VALUES
(1, 1967, NULL, NULL),
(2, 1966, NULL, NULL),
(3, 1965, NULL, NULL),
(4, 1971, NULL, NULL),
(5, 1972, NULL, NULL),
(6, 1979, NULL, NULL),
(7, 1968, NULL, NULL),
(8, 1976, NULL, NULL),
(9, 1959, NULL, NULL),
(10, 1969, NULL, NULL),
(11, 1975, NULL, NULL),
(12, 1991, NULL, NULL),
(13, 1982, NULL, NULL),
(14, 1990, NULL, NULL),
(15, 1970, NULL, NULL),
(16, 1973, NULL, NULL),
(17, 1963, NULL, NULL),
(18, 1977, NULL, NULL),
(19, 1987, NULL, NULL),
(20, 2001, NULL, NULL),
(21, 1984, NULL, NULL),
(22, 1988, NULL, NULL),
(23, 1957, NULL, NULL),
(24, 1964, NULL, NULL),
(25, 1956, NULL, NULL),
(26, 2000, NULL, NULL),
(27, 1986, NULL, NULL),
(28, 1980, NULL, NULL),
(29, 1978, NULL, NULL),
(30, 1955, NULL, NULL),
(31, 1962, NULL, NULL),
(32, 2003, NULL, NULL),
(33, 1995, NULL, NULL),
(34, 1974, NULL, NULL),
(35, 2005, NULL, NULL),
(36, 1960, NULL, NULL),
(37, 1994, NULL, NULL),
(38, 1992, NULL, NULL),
(39, 1985, NULL, NULL),
(40, 2004, NULL, NULL),
(41, 1958, NULL, NULL),
(42, 1989, NULL, NULL),
(43, 1997, NULL, NULL),
(44, 2002, NULL, NULL),
(45, 1998, NULL, NULL),
(46, 1983, NULL, NULL),
(47, 2006, NULL, NULL),
(48, 1981, NULL, NULL),
(49, 1961, NULL, NULL),
(50, 1999, NULL, NULL),
(51, 1993, NULL, NULL),
(52, 1996, NULL, NULL),
(53, 2007, NULL, NULL),
(54, 2010, NULL, NULL),
(55, 2011, NULL, NULL),
(56, 2008, NULL, NULL);

--
-- Indexes for dumped tables
--

--
-- Indexes for table `album`
--
ALTER TABLE `album`
  ADD PRIMARY KEY (`album_id`),
  ADD KEY `FK_album_artistId` (`artist_id`);

--
-- Indexes for table `album_genre`
--
ALTER TABLE `album_genre`
  ADD PRIMARY KEY (`album_genre_id`);

--
-- Indexes for table `album_rating`
--
ALTER TABLE `album_rating`
  ADD PRIMARY KEY (`album_rating_id`);

--
-- Indexes for table `album_subgenre`
--
ALTER TABLE `album_subgenre`
  ADD PRIMARY KEY (`album_subgenre_id`),
  ADD KEY `FK_album_sub_genre_id` (`sub_genre_id`),
  ADD KEY `FK_album_sub_genre_album_id` (`album_id`);

--
-- Indexes for table `artist`
--
ALTER TABLE `artist`
  ADD PRIMARY KEY (`artist_id`);

--
-- Indexes for table `artist_genre`
--
ALTER TABLE `artist_genre`
  ADD PRIMARY KEY (`artist_genre_id`);

--
-- Indexes for table `genre`
--
ALTER TABLE `genre`
  ADD PRIMARY KEY (`genre_id`);

--
-- Indexes for table `sub_genre`
--
ALTER TABLE `sub_genre`
  ADD PRIMARY KEY (`subgenre_id`);

--
-- Indexes for table `user`
--
ALTER TABLE `user`
  ADD PRIMARY KEY (`user_id`);

--
-- Indexes for table `user_album_comment`
--
ALTER TABLE `user_album_comment`
  ADD PRIMARY KEY (`user_review_album_id`),
  ADD KEY `album_id` (`album_id`),
  ADD KEY `user_id` (`user_id`);

--
-- Indexes for table `user_favourite_album`
--
ALTER TABLE `user_favourite_album`
  ADD PRIMARY KEY (`user_favourite_album_id`),
  ADD KEY `FK_userFavAlbum_albumId` (`album_id`),
  ADD KEY `FK_userFavAlbum_userId` (`user_id`);

--
-- Indexes for table `user_fav_genre`
--
ALTER TABLE `user_fav_genre`
  ADD PRIMARY KEY (`user_fav_genre_id`);

--
-- Indexes for table `user_owned_album`
--
ALTER TABLE `user_owned_album`
  ADD PRIMARY KEY (`user_owned_album_id`);

--
-- Indexes for table `user_rating`
--
ALTER TABLE `user_rating`
  ADD PRIMARY KEY (`user_rating_id`);

--
-- Indexes for table `user_role`
--
ALTER TABLE `user_role`
  ADD PRIMARY KEY (`user_role_id`);

--
-- Indexes for table `year`
--
ALTER TABLE `year`
  ADD PRIMARY KEY (`year_id`);

--
-- AUTO_INCREMENT for dumped tables
--

--
-- AUTO_INCREMENT for table `album`
--
ALTER TABLE `album`
  MODIFY `album_id` int(11) NOT NULL AUTO_INCREMENT, AUTO_INCREMENT=501;

--
-- AUTO_INCREMENT for table `album_genre`
--
ALTER TABLE `album_genre`
  MODIFY `album_genre_id` int(11) NOT NULL AUTO_INCREMENT, AUTO_INCREMENT=757;

--
-- AUTO_INCREMENT for table `album_rating`
--
ALTER TABLE `album_rating`
  MODIFY `album_rating_id` int(11) NOT NULL AUTO_INCREMENT;

--
-- AUTO_INCREMENT for table `album_subgenre`
--
ALTER TABLE `album_subgenre`
  MODIFY `album_subgenre_id` int(11) NOT NULL AUTO_INCREMENT, AUTO_INCREMENT=994;

--
-- AUTO_INCREMENT for table `artist`
--
ALTER TABLE `artist`
  MODIFY `artist_id` int(11) NOT NULL AUTO_INCREMENT, AUTO_INCREMENT=290;

--
-- AUTO_INCREMENT for table `artist_genre`
--
ALTER TABLE `artist_genre`
  MODIFY `artist_genre_id` int(11) NOT NULL AUTO_INCREMENT, AUTO_INCREMENT=516;

--
-- AUTO_INCREMENT for table `genre`
--
ALTER TABLE `genre`
  MODIFY `genre_id` int(11) NOT NULL AUTO_INCREMENT, AUTO_INCREMENT=15;

--
-- AUTO_INCREMENT for table `sub_genre`
--
ALTER TABLE `sub_genre`
  MODIFY `subgenre_id` int(11) NOT NULL AUTO_INCREMENT, AUTO_INCREMENT=142;

--
-- AUTO_INCREMENT for table `user`
--
ALTER TABLE `user`
  MODIFY `user_id` int(11) NOT NULL AUTO_INCREMENT, AUTO_INCREMENT=179;

--
-- AUTO_INCREMENT for table `user_album_comment`
--
ALTER TABLE `user_album_comment`
  MODIFY `user_review_album_id` int(11) NOT NULL AUTO_INCREMENT, AUTO_INCREMENT=16;

--
-- AUTO_INCREMENT for table `user_favourite_album`
--
ALTER TABLE `user_favourite_album`
  MODIFY `user_favourite_album_id` int(11) NOT NULL AUTO_INCREMENT, AUTO_INCREMENT=65;

--
-- AUTO_INCREMENT for table `user_fav_genre`
--
ALTER TABLE `user_fav_genre`
  MODIFY `user_fav_genre_id` int(11) NOT NULL AUTO_INCREMENT, AUTO_INCREMENT=203;

--
-- AUTO_INCREMENT for table `user_owned_album`
--
ALTER TABLE `user_owned_album`
  MODIFY `user_owned_album_id` int(11) NOT NULL AUTO_INCREMENT, AUTO_INCREMENT=77;

--
-- AUTO_INCREMENT for table `user_rating`
--
ALTER TABLE `user_rating`
  MODIFY `user_rating_id` int(11) NOT NULL AUTO_INCREMENT, AUTO_INCREMENT=10;

--
-- AUTO_INCREMENT for table `user_role`
--
ALTER TABLE `user_role`
  MODIFY `user_role_id` int(11) NOT NULL AUTO_INCREMENT;

--
-- AUTO_INCREMENT for table `year`
--
ALTER TABLE `year`
  MODIFY `year_id` int(11) NOT NULL AUTO_INCREMENT, AUTO_INCREMENT=57;

--
-- Constraints for dumped tables
--

--
-- Constraints for table `album`
--
ALTER TABLE `album`
  ADD CONSTRAINT `FK_album_artistId` FOREIGN KEY (`artist_id`) REFERENCES `artist` (`artist_id`);

--
-- Constraints for table `user_album_comment`
--
ALTER TABLE `user_album_comment`
  ADD CONSTRAINT `user_album_comment_ibfk_1` FOREIGN KEY (`album_id`) REFERENCES `album` (`album_id`),
  ADD CONSTRAINT `user_album_comment_ibfk_2` FOREIGN KEY (`user_id`) REFERENCES `user` (`user_id`);

--
-- Constraints for table `user_favourite_album`
--
ALTER TABLE `user_favourite_album`
  ADD CONSTRAINT `FK_userFavAlbum_albumId` FOREIGN KEY (`album_id`) REFERENCES `album` (`album_id`);
COMMIT;

/*!40101 SET CHARACTER_SET_CLIENT=@OLD_CHARACTER_SET_CLIENT */;
/*!40101 SET CHARACTER_SET_RESULTS=@OLD_CHARACTER_SET_RESULTS */;
/*!40101 SET COLLATION_CONNECTION=@OLD_COLLATION_CONNECTION */;
